***************************************************************************************************** 
* WARNING: The 2022 software stack is deprecated. Please consider switching to
the latest 2024 * 
* software stack, or the older 2023 software stack. * 
* * 
* If you have any question, please contact us via
http://servicedesk.surfsara.nl. * 
***************************************************************************************************** 
[ 17%] Built target DP_Core
[ 25%] Built target DP_Utilities
Consolidate compiler generated dependencies of target DP_Models
[ 64%] Built target DP_Models
[ 80%] Built target DP_NN
[ 92%] Built target DP_Algorithms
[ 96%] Built target DP_DynaPlex
[ 98%] Building CXX object src/executables/generally_capable_lost_sales_agent/CMakeFiles/generally_capable_lost_sales_agent.dir/generally_capable_lost_sales_agent.cpp.o
[100%] Linking CXX executable ../../../bin/generally_capable_lost_sales_agent
[100%] Built target generally_capable_lost_sales_agent
DynaPlex: Hardware Threads: 192, MPI: Yes, Rank: 1/5
DynaPlex: Hardware Threads: 192, MPI: Yes, Rank: 4/5
DynaPlex: Hardware Threads: 192, MPI: Yes, Rank: 2/5
DynaPlex: Hardware Threads: 192, MPI: Yes, Rank: 3/5
DynaPlex: Hardware Threads: 192, MPI: Yes, Rank: 0/5
DynaPlex: torch available, Version 2.6.0	
{"leadtime":4,"mean_demand":[5.0],"p":9.0,"stdDemand":[2.23606797749979]}
Generating 100000 samples based on policy type: greedy_capped_base_stock
Progress (node 0 only):
>>>>>10>>>>>20>>>>>30>>>>>40>>>>>50>>>>>60>>>>>70>>>>>80>>>>>90>>>>>100
Simulator statistics 
100000 samples; 77% at Z>0.5; 55% at Z>1; 32% at Z>1.5; 12% at Z>2; 3% at Z>2.5; 0% at Z>3; 
Avg Mean of Q values: 166.76
Elapsed time: 00:00:06.404
loaded 100000 samples from /home/temizoz/DynaPlexFork/IO_DynaPlex/lost_sales_general_tGRw=OSZljG0mfay16iV=5HRlaWEp0n7jeFp1xV=nkY__/samples_gen0.json
{"hidden_layers":[256,128,128,128],"type":"mlp"}
EPOCHS: 0 - Training Loss: 0.963519 (38%) - Validation Loss: 0.796035 (45%) - Cost Imp.: -1.3959 Time: 00:00:01.115
EPOCHS: 5 - Training Loss: 0.479836 (61%) - Validation Loss: 0.538661 (58%) - Cost Imp.: -1.44812 Time: 00:00:06.346
EPOCHS: 10 - Training Loss: 0.47018 (62%) - Validation Loss: 0.466366 (62%) - Cost Imp.: -1.44813 Time: 00:00:11.542
EPOCHS: 15 - Training Loss: 0.453801 (63%) - Validation Loss: 0.44047 (64%) - Cost Imp.: -1.45149 Time: 00:00:16.738
EPOCHS: 20 - Training Loss: 0.448713 (63%) - Validation Loss: 0.44084 (64%) - Cost Imp.: -1.45224 Time: 00:00:21.923
EPOCHS: 25 - Training Loss: 0.449367 (63%) - Validation Loss: 0.436552 (64%) - Cost Imp.: -1.45141 Time: 00:00:27.108
EPOCHS: 30 - Training Loss: 0.447794 (63%) - Validation Loss: 0.458231 (63%) - Cost Imp.: -1.45419 Time: 00:00:32.280
EPOCHS: 35 - Training Loss: 0.44424 (64%) - Validation Loss: 0.43675 (64%) - Cost Imp.: -1.45314 Time: 00:00:37.463
EPOCHS: 40 - Training Loss: 0.447974 (63%) - Validation Loss: 0.44577 (64%) - Cost Imp.: -1.45296 Time: 00:00:42.627
EPOCHS: 45 - Training Loss: 0.441868 (64%) - Validation Loss: 0.4541 (63%) - Cost Imp.: -1.44972 Time: 00:00:47.790
EPOCHS: 50 - Training Loss: 0.453119 (63%) - Validation Loss: 0.45383 (63%) - Cost Imp.: -1.44885 Time: 00:00:52.948
EPOCHS: 55 - Training Loss: 0.439328 (64%) - Validation Loss: 0.432738 (64%) - Cost Imp.: -1.45025 Time: 00:00:58.120
Actual Epochs/Max Epochs: 60/100 - Best Training Loss: 0.433419 (64%) - Best Validation Loss: 0.428907 (65%) - Best Cost Improvement : -1.45419
Saved policy stats:  - Training Loss: 0.434747 (64%) - Validation Loss: 0.428907 (65%) - Cost Improvement : -1.45064
Training finished, total time elapsed: 00:01:11.654
Generating 100000 samples based on policy type: NN_Policy
Progress (node 0 only):
>>>>>10>>>>>20>>>>>30>>>>>40>>>>>50>>>>>60>>>>>70>>>>>80>>>>>90>>>>>100
Simulator statistics 
100000 samples; 74% at Z>0.5; 48% at Z>1; 24% at Z>1.5; 8% at Z>2; 1% at Z>2.5; 0% at Z>3; 
Avg Mean of Q values: 144.491
Elapsed time: 00:01:44.797
loaded 100000 samples from /home/temizoz/DynaPlexFork/IO_DynaPlex/lost_sales_general_tGRw=OSZljG0mfay16iV=5HRlaWEp0n7jeFp1xV=nkY__/samples_gen1.json
{"hidden_layers":[256,128,128,128],"type":"mlp"}
EPOCHS: 0 - Training Loss: 1.10177 (33%) - Validation Loss: 0.847781 (42%) - Cost Imp.: -0.0338148 Time: 00:00:01.044
EPOCHS: 5 - Training Loss: 0.524463 (59%) - Validation Loss: 0.642006 (52%) - Cost Imp.: -0.084099 Time: 00:00:06.215
EPOCHS: 10 - Training Loss: 0.526149 (59%) - Validation Loss: 0.543867 (58%) - Cost Imp.: -0.0967903 Time: 00:00:11.397
EPOCHS: 15 - Training Loss: 0.512278 (59%) - Validation Loss: 0.492021 (61%) - Cost Imp.: -0.103214 Time: 00:00:16.575
EPOCHS: 20 - Training Loss: 0.514134 (59%) - Validation Loss: 0.506977 (60%) - Cost Imp.: -0.102655 Time: 00:00:21.756
EPOCHS: 25 - Training Loss: 0.505816 (60%) - Validation Loss: 0.485363 (61%) - Cost Imp.: -0.103563 Time: 00:00:26.937
EPOCHS: 30 - Training Loss: 0.514193 (59%) - Validation Loss: 0.501426 (60%) - Cost Imp.: -0.0992431 Time: 00:00:32.109
EPOCHS: 35 - Training Loss: 0.502176 (60%) - Validation Loss: 0.473123 (62%) - Cost Imp.: -0.104373 Time: 00:00:37.273
EPOCHS: 40 - Training Loss: 0.500572 (60%) - Validation Loss: 0.494365 (60%) - Cost Imp.: -0.100893 Time: 00:00:42.443
EPOCHS: 45 - Training Loss: 0.498188 (60%) - Validation Loss: 0.473164 (62%) - Cost Imp.: -0.104617 Time: 00:00:47.612
EPOCHS: 50 - Training Loss: 0.503493 (60%) - Validation Loss: 0.49436 (60%) - Cost Imp.: -0.10203 Time: 00:00:52.776
Actual Epochs/Max Epochs: 54/100 - Best Training Loss: 0.493115 (61%) - Best Validation Loss: 0.471288 (62%) - Best Cost Improvement : -0.104772
Saved policy stats:  - Training Loss: 0.503835 (60%) - Validation Loss: 0.471288 (62%) - Cost Improvement : -0.10391
Training finished, total time elapsed: 00:02:43.594
Generating 100000 samples based on policy type: NN_Policy
Progress (node 0 only):
>>>>>10>>>>>20>>>>>30>>>>>40>>>>>50>>>>>60>>>>>70>>>>>80>>>>>90>>>>>100
Simulator statistics 
100000 samples; 77% at Z>0.5; 55% at Z>1; 33% at Z>1.5; 15% at Z>2; 4% at Z>2.5; 0% at Z>3; 
Avg Mean of Q values: 143.89
Elapsed time: 00:03:16.649
loaded 100000 samples from /home/temizoz/DynaPlexFork/IO_DynaPlex/lost_sales_general_tGRw=OSZljG0mfay16iV=5HRlaWEp0n7jeFp1xV=nkY__/samples_gen2.json
{"hidden_layers":[256,128,128,128],"type":"mlp"}
EPOCHS: 0 - Training Loss: 1.04035 (35%) - Validation Loss: 0.794624 (45%) - Cost Imp.: 0.0528744 Time: 00:00:01.052
EPOCHS: 5 - Training Loss: 0.461759 (63%) - Validation Loss: 0.462739 (62%) - Cost Imp.: -0.0071289 Time: 00:00:06.254
EPOCHS: 10 - Training Loss: 0.451294 (63%) - Validation Loss: 0.429922 (65%) - Cost Imp.: -0.0104262 Time: 00:00:11.432
EPOCHS: 15 - Training Loss: 0.439643 (64%) - Validation Loss: 0.425384 (65%) - Cost Imp.: -0.0109166 Time: 00:00:16.607
EPOCHS: 20 - Training Loss: 0.430169 (65%) - Validation Loss: 0.432675 (64%) - Cost Imp.: -0.00990208 Time: 00:00:21.764
EPOCHS: 25 - Training Loss: 0.431996 (64%) - Validation Loss: 0.418624 (65%) - Cost Imp.: -0.0120416 Time: 00:00:26.924
EPOCHS: 30 - Training Loss: 0.431703 (64%) - Validation Loss: 0.423951 (65%) - Cost Imp.: -0.0107172 Time: 00:00:32.077
EPOCHS: 35 - Training Loss: 0.428774 (65%) - Validation Loss: 0.423184 (65%) - Cost Imp.: -0.00889558 Time: 00:00:37.240
EPOCHS: 40 - Training Loss: 0.430349 (65%) - Validation Loss: 0.429143 (65%) - Cost Imp.: -0.0108251 Time: 00:00:42.397
EPOCHS: 45 - Training Loss: 0.431225 (64%) - Validation Loss: 0.423501 (65%) - Cost Imp.: -0.0094367 Time: 00:00:47.548
EPOCHS: 50 - Training Loss: 0.422298 (65%) - Validation Loss: 0.426805 (65%) - Cost Imp.: -0.00908229 Time: 00:00:52.708
EPOCHS: 55 - Training Loss: 0.416386 (65%) - Validation Loss: 0.415965 (65%) - Cost Imp.: -0.0106558 Time: 00:00:57.857
EPOCHS: 60 - Training Loss: 0.421565 (65%) - Validation Loss: 0.424115 (65%) - Cost Imp.: -0.00953144 Time: 00:01:03.008
EPOCHS: 65 - Training Loss: 0.424951 (65%) - Validation Loss: 0.423382 (65%) - Cost Imp.: -0.0116269 Time: 00:01:08.161
EPOCHS: 70 - Training Loss: 0.419627 (65%) - Validation Loss: 0.416277 (65%) - Cost Imp.: -0.012087 Time: 00:01:13.311
Actual Epochs/Max Epochs: 71/100 - Best Training Loss: 0.414485 (66%) - Best Validation Loss: 0.415965 (65%) - Best Cost Improvement : -0.012087
Saved policy stats:  - Training Loss: 0.416386 (65%) - Validation Loss: 0.415965 (65%) - Cost Improvement : -0.0106558
Training finished, total time elapsed: 00:04:32.945
Generating 100000 samples based on policy type: NN_Policy
Progress (node 0 only):
>>>>>10>>>>>20>>>>>30>>>>>40>>>>>50>>>>>60>>>>>70>>>>>80>>>>>90>>>>>100
Simulator statistics 
100000 samples; 77% at Z>0.5; 54% at Z>1; 31% at Z>1.5; 12% at Z>2; 3% at Z>2.5; 0% at Z>3; 
Avg Mean of Q values: 143.605
Elapsed time: 00:05:05.372
loaded 100000 samples from /home/temizoz/DynaPlexFork/IO_DynaPlex/lost_sales_general_tGRw=OSZljG0mfay16iV=5HRlaWEp0n7jeFp1xV=nkY__/samples_gen3.json
{"hidden_layers":[256,128,128,128],"type":"mlp"}
EPOCHS: 0 - Training Loss: 1.07852 (34%) - Validation Loss: 0.927349 (39%) - Cost Imp.: 0.0781154 Time: 00:00:01.048
EPOCHS: 5 - Training Loss: 0.478187 (61%) - Validation Loss: 0.498231 (60%) - Cost Imp.: 0.00731147 Time: 00:00:06.268
EPOCHS: 10 - Training Loss: 0.460788 (63%) - Validation Loss: 0.437746 (64%) - Cost Imp.: 0.000475393 Time: 00:00:11.466
EPOCHS: 15 - Training Loss: 0.455436 (63%) - Validation Loss: 0.454603 (63%) - Cost Imp.: 0.002875 Time: 00:00:16.645
EPOCHS: 20 - Training Loss: 0.463672 (62%) - Validation Loss: 0.443623 (64%) - Cost Imp.: 0.000504929 Time: 00:00:21.819
EPOCHS: 25 - Training Loss: 0.465694 (62%) - Validation Loss: 0.466085 (62%) - Cost Imp.: 0.0021683 Time: 00:00:26.997
EPOCHS: 30 - Training Loss: 0.449476 (63%) - Validation Loss: 0.462973 (62%) - Cost Imp.: 0.004617 Time: 00:00:32.163
EPOCHS: 35 - Training Loss: 0.437911 (64%) - Validation Loss: 0.445438 (64%) - Cost Imp.: 0.00343485 Time: 00:00:37.327
EPOCHS: 40 - Training Loss: 0.449179 (63%) - Validation Loss: 0.44078 (64%) - Cost Imp.: 0.000752452 Time: 00:00:42.499
Actual Epochs/Max Epochs: 45/100 - Best Training Loss: 0.437911 (64%) - Best Validation Loss: 0.431382 (64%) - Best Cost Improvement : -0.000428051
Saved policy stats:  - Training Loss: 0.438278 (64%) - Validation Loss: 0.431382 (64%) - Cost Improvement : -0.000428051
Training finished, total time elapsed: 00:05:55.050
Generating 100000 samples based on policy type: NN_Policy
Progress (node 0 only):
>>>>>10>>>>>20>>>>>30>>>>>40>>>>>50>>>>>60>>>>>70>>>>>80>>>>>90>>>>>100
Simulator statistics 
100000 samples; 76% at Z>0.5; 53% at Z>1; 30% at Z>1.5; 12% at Z>2; 3% at Z>2.5; 0% at Z>3; 
Avg Mean of Q values: 143.617
Elapsed time: 00:06:27.854
loaded 100000 samples from /home/temizoz/DynaPlexFork/IO_DynaPlex/lost_sales_general_tGRw=OSZljG0mfay16iV=5HRlaWEp0n7jeFp1xV=nkY__/samples_gen4.json
{"hidden_layers":[256,128,128,128],"type":"mlp"}
EPOCHS: 0 - Training Loss: 1.09975 (33%) - Validation Loss: 0.908539 (40%) - Cost Imp.: 0.0782714 Time: 00:00:01.035
EPOCHS: 5 - Training Loss: 0.489621 (61%) - Validation Loss: 0.442227 (64%) - Cost Imp.: 0.00184646 Time: 00:00:06.238
EPOCHS: 10 - Training Loss: 0.464271 (62%) - Validation Loss: 0.439846 (64%) - Cost Imp.: 0.00171529 Time: 00:00:11.415
EPOCHS: 15 - Training Loss: 0.476059 (62%) - Validation Loss: 0.521352 (59%) - Cost Imp.: 0.00936901 Time: 00:00:16.573
EPOCHS: 20 - Training Loss: 0.45916 (63%) - Validation Loss: 0.62496 (53%) - Cost Imp.: 0.0178044 Time: 00:00:21.739
Actual Epochs/Max Epochs: 25/100 - Best Training Loss: 0.458682 (63%) - Best Validation Loss: 0.430459 (65%) - Best Cost Improvement : -0.000293238
Saved policy stats:  - Training Loss: 0.480079 (61%) - Validation Loss: 0.430459 (65%) - Cost Improvement : 0.000367941
Training finished, total time elapsed: 00:06:56.729
{"mean":8.283660399999999,"mean_stat_1":0.9802697271715549,"policy":{"id":"greedy_capped_base_stock"}}
{"mean":6.937456200000003,"mean_difference":-1.3462041999999954,"mean_gap":-16.251320491120033,"mean_stat_1":0.9504910952693717,"policy":{"gen":1,"id":"NN_Policy","nn_architecture":{"hidden_layers":[256,128,128,128],"type":"mlp"},"num_inputs":4,"num_outputs":9}}
{"mean":6.843277999999996,"mean_difference":-1.4403824000000025,"mean_gap":-17.38823576108942,"mean_stat_1":0.934782397337978,"policy":{"gen":2,"id":"NN_Policy","nn_architecture":{"hidden_layers":[256,128,128,128],"type":"mlp"},"num_inputs":4,"num_outputs":9}}
{"mean":6.837227599999999,"mean_difference":-1.4464327999999993,"mean_gap":-17.461275935454807,"mean_stat_1":0.9393828680335997,"policy":{"gen":3,"id":"NN_Policy","nn_architecture":{"hidden_layers":[256,128,128,128],"type":"mlp"},"num_inputs":4,"num_outputs":9}}
{"mean":6.837330400000001,"mean_difference":-1.446329999999998,"mean_gap":-17.46003493817779,"mean_stat_1":0.9385571484921024,"policy":{"gen":4,"id":"NN_Policy","nn_architecture":{"hidden_layers":[256,128,128,128],"type":"mlp"},"num_inputs":4,"num_outputs":9}}
{"mean":6.837629200000005,"mean_difference":-1.446031199999994,"mean_gap":-17.45642783714304,"mean_stat_1":0.9394948656387666,"policy":{"gen":5,"id":"NN_Policy","nn_architecture":{"hidden_layers":[256,128,128,128],"type":"mlp"},"num_inputs":4,"num_outputs":9}}
Best network:  3
{"leadtime":8,"mean_demand":[5.0],"p":9.0,"stdDemand":[2.23606797749979]}
Generating 100000 samples based on policy type: greedy_capped_base_stock
Progress (node 0 only):
>>>>>10>>>>>20>>>>>30>>>>>40>>>>>50>>>>>60>>>>>70>>>>>80>>>>>90>>>>>100
Simulator statistics 
100000 samples; 83% at Z>0.5; 64% at Z>1; 43% at Z>1.5; 23% at Z>2; 8% at Z>2.5; 1% at Z>3; 
Avg Mean of Q values: 197.589
Elapsed time: 00:07:14.390
loaded 100000 samples from /home/temizoz/DynaPlexFork/IO_DynaPlex/lost_sales_general_uSKKsVIyvnQtB4zKAut-hgAu07JV5wYJjfuN2G8VqS8__/samples_gen0.json
{"hidden_layers":[256,128,128,128],"type":"mlp"}
EPOCHS: 0 - Training Loss: 0.670236 (51%) - Validation Loss: 0.636141 (52%) - Cost Imp.: -2.80627 Time: 00:00:01.040
EPOCHS: 5 - Training Loss: 0.449504 (63%) - Validation Loss: 0.447959 (63%) - Cost Imp.: -2.86921 Time: 00:00:06.228
EPOCHS: 10 - Training Loss: 0.381522 (68%) - Validation Loss: 0.365367 (69%) - Cost Imp.: -2.8713 Time: 00:00:11.388
EPOCHS: 15 - Training Loss: 0.364927 (69%) - Validation Loss: 0.354367 (70%) - Cost Imp.: -2.87621 Time: 00:00:16.526
EPOCHS: 20 - Training Loss: 0.35584 (70%) - Validation Loss: 0.342384 (71%) - Cost Imp.: -2.87431 Time: 00:00:21.662
EPOCHS: 25 - Training Loss: 0.351351 (70%) - Validation Loss: 0.34321 (70%) - Cost Imp.: -2.87691 Time: 00:00:26.785
EPOCHS: 30 - Training Loss: 0.351412 (70%) - Validation Loss: 0.337631 (71%) - Cost Imp.: -2.87784 Time: 00:00:31.905
EPOCHS: 35 - Training Loss: 0.343408 (70%) - Validation Loss: 0.348326 (70%) - Cost Imp.: -2.87659 Time: 00:00:37.021
EPOCHS: 40 - Training Loss: 0.34316 (70%) - Validation Loss: 0.354546 (70%) - Cost Imp.: -2.87229 Time: 00:00:42.143
EPOCHS: 45 - Training Loss: 0.339619 (71%) - Validation Loss: 0.368723 (69%) - Cost Imp.: -2.86874 Time: 00:00:47.251
EPOCHS: 50 - Training Loss: 0.342088 (71%) - Validation Loss: 0.339182 (71%) - Cost Imp.: -2.87773 Time: 00:00:52.369
EPOCHS: 55 - Training Loss: 0.335595 (71%) - Validation Loss: 0.34802 (70%) - Cost Imp.: -2.8766 Time: 00:00:57.474
Actual Epochs/Max Epochs: 60/100 - Best Training Loss: 0.327427 (72%) - Best Validation Loss: 0.333978 (71%) - Best Cost Improvement : -2.8808
Saved policy stats:  - Training Loss: 0.33723 (71%) - Validation Loss: 0.333978 (71%) - Cost Improvement : -2.87741
Training finished, total time elapsed: 00:08:19.113
Generating 100000 samples based on policy type: NN_Policy
Progress (node 0 only):
>>>>>10>>>>>20>>>>>30>>>>>40>>>>>50>>>>>60>>>>>70>>>>>80>>>>>90>>>>>100
Simulator statistics 
100000 samples; 78% at Z>0.5; 55% at Z>1; 31% at Z>1.5; 12% at Z>2; 2% at Z>2.5; 0% at Z>3; 
Avg Mean of Q values: 157.008
Elapsed time: 00:08:52.411
loaded 100000 samples from /home/temizoz/DynaPlexFork/IO_DynaPlex/lost_sales_general_uSKKsVIyvnQtB4zKAut-hgAu07JV5wYJjfuN2G8VqS8__/samples_gen1.json
{"hidden_layers":[256,128,128,128],"type":"mlp"}
EPOCHS: 0 - Training Loss: 0.933497 (39%) - Validation Loss: 0.821874 (43%) - Cost Imp.: -0.084481 Time: 00:00:01.056
EPOCHS: 5 - Training Loss: 0.535102 (58%) - Validation Loss: 0.493808 (61%) - Cost Imp.: -0.182279 Time: 00:00:06.278
EPOCHS: 10 - Training Loss: 0.477568 (62%) - Validation Loss: 0.450058 (63%) - Cost Imp.: -0.192207 Time: 00:00:11.474
EPOCHS: 15 - Training Loss: 0.472024 (62%) - Validation Loss: 0.488862 (61%) - Cost Imp.: -0.183188 Time: 00:00:16.651
EPOCHS: 20 - Training Loss: 0.455573 (63%) - Validation Loss: 0.447616 (63%) - Cost Imp.: -0.191615 Time: 00:00:21.818
EPOCHS: 25 - Training Loss: 0.457833 (63%) - Validation Loss: 0.454009 (63%) - Cost Imp.: -0.186936 Time: 00:00:26.978
EPOCHS: 30 - Training Loss: 0.447294 (63%) - Validation Loss: 0.436173 (64%) - Cost Imp.: -0.191834 Time: 00:00:32.117
EPOCHS: 35 - Training Loss: 0.444696 (64%) - Validation Loss: 0.436902 (64%) - Cost Imp.: -0.191097 Time: 00:00:37.267
EPOCHS: 40 - Training Loss: 0.436432 (64%) - Validation Loss: 0.43851 (64%) - Cost Imp.: -0.189362 Time: 00:00:42.416
Actual Epochs/Max Epochs: 43/100 - Best Training Loss: 0.435375 (64%) - Best Validation Loss: 0.43353 (64%) - Best Cost Improvement : -0.193025
Saved policy stats:  - Training Loss: 0.450539 (63%) - Validation Loss: 0.43353 (64%) - Cost Improvement : -0.190914
Training finished, total time elapsed: 00:09:40.118
Generating 100000 samples based on policy type: NN_Policy
Progress (node 0 only):
>>>>>10>>>>>20>>>>>30>>>>>40>>>>>50>>>>>60>>>>>70>>>>>80>>>>>90>>>>>100
Simulator statistics 
100000 samples; 71% at Z>0.5; 42% at Z>1; 18% at Z>1.5; 4% at Z>2; 0% at Z>2.5; 0% at Z>3; 
Avg Mean of Q values: 158.984
Elapsed time: 00:10:13.904
loaded 100000 samples from /home/temizoz/DynaPlexFork/IO_DynaPlex/lost_sales_general_uSKKsVIyvnQtB4zKAut-hgAu07JV5wYJjfuN2G8VqS8__/samples_gen2.json
{"hidden_layers":[256,128,128,128],"type":"mlp"}
EPOCHS: 0 - Training Loss: 0.999221 (36%) - Validation Loss: 0.933484 (39%) - Cost Imp.: 0.0128424 Time: 00:00:01.058
EPOCHS: 5 - Training Loss: 0.630771 (53%) - Validation Loss: 0.598635 (54%) - Cost Imp.: -0.0613812 Time: 00:00:06.271
EPOCHS: 10 - Training Loss: 0.583482 (55%) - Validation Loss: 0.556752 (57%) - Cost Imp.: -0.0655346 Time: 00:00:11.453
EPOCHS: 15 - Training Loss: 0.588108 (55%) - Validation Loss: 0.582235 (55%) - Cost Imp.: -0.0630801 Time: 00:00:16.623
EPOCHS: 20 - Training Loss: 0.563978 (56%) - Validation Loss: 0.558541 (57%) - Cost Imp.: -0.0655184 Time: 00:00:21.795
EPOCHS: 25 - Training Loss: 0.576252 (56%) - Validation Loss: 0.585133 (55%) - Cost Imp.: -0.0614725 Time: 00:00:26.972
Actual Epochs/Max Epochs: 26/100 - Best Training Loss: 0.563978 (56%) - Best Validation Loss: 0.556752 (57%) - Best Cost Improvement : -0.0662465
Saved policy stats:  - Training Loss: 0.583482 (55%) - Validation Loss: 0.556752 (57%) - Cost Improvement : -0.0655346
Training finished, total time elapsed: 00:10:44.082
Generating 100000 samples based on policy type: NN_Policy
Progress (node 0 only):
>>>>>10>>>>>20>>>>>30>>>>>40>>>>>50>>>>>60>>>>>70>>>>>80>>>>>90>>>>>100
Simulator statistics 
100000 samples; 77% at Z>0.5; 53% at Z>1; 29% at Z>1.5; 11% at Z>2; 2% at Z>2.5; 0% at Z>3; 
Avg Mean of Q values: 157.082
Elapsed time: 00:11:18.351
loaded 100000 samples from /home/temizoz/DynaPlexFork/IO_DynaPlex/lost_sales_general_uSKKsVIyvnQtB4zKAut-hgAu07JV5wYJjfuN2G8VqS8__/samples_gen3.json
{"hidden_layers":[256,128,128,128],"type":"mlp"}
EPOCHS: 0 - Training Loss: 0.853368 (42%) - Validation Loss: 0.772525 (46%) - Cost Imp.: 0.0640953 Time: 00:00:01.046
EPOCHS: 5 - Training Loss: 0.5439 (58%) - Validation Loss: 0.513009 (59%) - Cost Imp.: 0.00754573 Time: 00:00:06.270
EPOCHS: 10 - Training Loss: 0.483792 (61%) - Validation Loss: 0.475426 (62%) - Cost Imp.: 0.00198906 Time: 00:00:11.459
EPOCHS: 15 - Training Loss: 0.46487 (62%) - Validation Loss: 0.442094 (64%) - Cost Imp.: 0.00045487 Time: 00:00:16.642
EPOCHS: 20 - Training Loss: 0.469805 (62%) - Validation Loss: 0.566591 (56%) - Cost Imp.: 0.0185764 Time: 00:00:21.821
EPOCHS: 25 - Training Loss: 0.458857 (63%) - Validation Loss: 0.445598 (64%) - Cost Imp.: 0.000568824 Time: 00:00:26.999
EPOCHS: 30 - Training Loss: 0.455269 (63%) - Validation Loss: 0.433368 (64%) - Cost Imp.: -0.00127118 Time: 00:00:32.194
EPOCHS: 35 - Training Loss: 0.456762 (63%) - Validation Loss: 0.452387 (63%) - Cost Imp.: 0.00104633 Time: 00:00:37.373
EPOCHS: 40 - Training Loss: 0.455579 (63%) - Validation Loss: 0.444304 (64%) - Cost Imp.: -0.000138237 Time: 00:00:42.560
EPOCHS: 45 - Training Loss: 0.449383 (63%) - Validation Loss: 0.45393 (63%) - Cost Imp.: 0.000189029 Time: 00:00:47.753
Actual Epochs/Max Epochs: 46/100 - Best Training Loss: 0.447111 (63%) - Best Validation Loss: 0.433368 (64%) - Best Cost Improvement : -0.00127118
Saved policy stats:  - Training Loss: 0.455269 (63%) - Validation Loss: 0.433368 (64%) - Cost Improvement : -0.00127118
Training finished, total time elapsed: 00:12:09.328
Generating 100000 samples based on policy type: NN_Policy
Progress (node 0 only):
>>>>>10>>>>>20>>>>>30>>>>>40>>>>>50>>>>>60>>>>>70>>>>>80>>>>>90>>>>>100
Simulator statistics 
100000 samples; 77% at Z>0.5; 53% at Z>1; 28% at Z>1.5; 10% at Z>2; 2% at Z>2.5; 0% at Z>3; 
Avg Mean of Q values: 157.064
Elapsed time: 00:12:42.993
loaded 100000 samples from /home/temizoz/DynaPlexFork/IO_DynaPlex/lost_sales_general_uSKKsVIyvnQtB4zKAut-hgAu07JV5wYJjfuN2G8VqS8__/samples_gen4.json
{"hidden_layers":[256,128,128,128],"type":"mlp"}
EPOCHS: 0 - Training Loss: 0.833072 (43%) - Validation Loss: 0.778685 (45%) - Cost Imp.: 0.0602999 Time: 00:00:01.048
EPOCHS: 5 - Training Loss: 0.546463 (57%) - Validation Loss: 0.480782 (61%) - Cost Imp.: 0.00661658 Time: 00:00:06.269
EPOCHS: 10 - Training Loss: 0.488941 (61%) - Validation Loss: 0.449297 (63%) - Cost Imp.: 0.00370883 Time: 00:00:11.458
EPOCHS: 15 - Training Loss: 0.469008 (62%) - Validation Loss: 0.444695 (64%) - Cost Imp.: 0.00326568 Time: 00:00:16.635
EPOCHS: 20 - Training Loss: 0.466344 (62%) - Validation Loss: 0.432214 (64%) - Cost Imp.: 0.000820765 Time: 00:00:21.816
EPOCHS: 25 - Training Loss: 0.452605 (63%) - Validation Loss: 0.432155 (64%) - Cost Imp.: 0.00135384 Time: 00:00:26.980
EPOCHS: 30 - Training Loss: 0.456307 (63%) - Validation Loss: 0.438091 (64%) - Cost Imp.: 0.00199538 Time: 00:00:32.141
EPOCHS: 35 - Training Loss: 0.451955 (63%) - Validation Loss: 0.466111 (62%) - Cost Imp.: 0.00574237 Time: 00:00:37.301
EPOCHS: 40 - Training Loss: 0.454639 (63%) - Validation Loss: 0.427621 (65%) - Cost Imp.: 0.000949836 Time: 00:00:42.464
EPOCHS: 45 - Training Loss: 0.449367 (63%) - Validation Loss: 0.457788 (63%) - Cost Imp.: 0.00504517 Time: 00:00:47.600
EPOCHS: 50 - Training Loss: 0.447265 (63%) - Validation Loss: 0.445824 (64%) - Cost Imp.: 0.00459443 Time: 00:00:52.754
Actual Epochs/Max Epochs: 55/100 - Best Training Loss: 0.440237 (64%) - Best Validation Loss: 0.425705 (65%) - Best Cost Improvement : -4.25776e-05
Saved policy stats:  - Training Loss: 0.445747 (64%) - Validation Loss: 0.425705 (65%) - Cost Improvement : -4.25776e-05
Training finished, total time elapsed: 00:13:43.026
{"mean":10.545103199999991,"mean_stat_1":0.9816714032541248,"policy":{"id":"greedy_capped_base_stock"}}
{"mean":7.740095800000001,"mean_difference":-2.8050073999999903,"mean_gap":-26.600094345212216,"mean_stat_1":0.9455104981851379,"policy":{"gen":1,"id":"NN_Policy","nn_architecture":{"hidden_layers":[256,128,128,128],"type":"mlp"},"num_inputs":8,"num_outputs":9}}
{"mean":7.531721199999992,"mean_difference":-3.013381999999999,"mean_gap":-28.576126215625862,"mean_stat_1":0.9110833258954223,"policy":{"gen":2,"id":"NN_Policy","nn_architecture":{"hidden_layers":[256,128,128,128],"type":"mlp"},"num_inputs":8,"num_outputs":9}}
{"mean":7.480292399999995,"mean_difference":-3.0648107999999956,"mean_gap":-29.063829361100975,"mean_stat_1":0.9241548496135983,"policy":{"gen":3,"id":"NN_Policy","nn_architecture":{"hidden_layers":[256,128,128,128],"type":"mlp"},"num_inputs":8,"num_outputs":9}}
{"mean":7.478258200000016,"mean_difference":-3.066844999999975,"mean_gap":-29.08311983139224,"mean_stat_1":0.9236590909782605,"policy":{"gen":4,"id":"NN_Policy","nn_architecture":{"hidden_layers":[256,128,128,128],"type":"mlp"},"num_inputs":8,"num_outputs":9}}
{"mean":7.479284000000005,"mean_difference":-3.0658191999999858,"mean_gap":-29.073392093497848,"mean_stat_1":0.9243253579885219,"policy":{"gen":5,"id":"NN_Policy","nn_architecture":{"hidden_layers":[256,128,128,128],"type":"mlp"},"num_inputs":8,"num_outputs":9}}
Best network:  4
{"leadtime":4,"mean_demand":[5.0],"p":9.0,"stdDemand":[5.477225575051661]}
Generating 100000 samples based on policy type: greedy_capped_base_stock
Progress (node 0 only):
>>>>>10>>>>>20>>>>>30>>>>>40>>>>>50>>>>>60>>>>>70>>>>>80>>>>>90>>>>>100
Simulator statistics 
100000 samples; 60% at Z>0.5; 19% at Z>1; 2% at Z>1.5; 0% at Z>2; 0% at Z>2.5; 0% at Z>3; 
Avg Mean of Q values: 409.444
Elapsed time: 00:13:59.844
loaded 100000 samples from /home/temizoz/DynaPlexFork/IO_DynaPlex/lost_sales_general_qkyu3ZGCvmkmUqWGZKZNzx7-F5lMMnBnpSE=NwT5JcU__/samples_gen0.json
{"hidden_layers":[256,128,128,128],"type":"mlp"}
EPOCHS: 0 - Training Loss: 1.34763 (25%) - Validation Loss: 1.24913 (28%) - Cost Imp.: -3.49695 Time: 00:00:01.069
EPOCHS: 5 - Training Loss: 0.911833 (40%) - Validation Loss: 0.938797 (39%) - Cost Imp.: -3.54622 Time: 00:00:06.355
EPOCHS: 10 - Training Loss: 0.892561 (40%) - Validation Loss: 0.879785 (41%) - Cost Imp.: -3.55187 Time: 00:00:11.612
EPOCHS: 15 - Training Loss: 0.894858 (40%) - Validation Loss: 0.889108 (41%) - Cost Imp.: -3.55206 Time: 00:00:16.857
EPOCHS: 20 - Training Loss: 0.889299 (41%) - Validation Loss: 0.887653 (41%) - Cost Imp.: -3.55188 Time: 00:00:22.098
EPOCHS: 25 - Training Loss: 0.889523 (41%) - Validation Loss: 0.952152 (38%) - Cost Imp.: -3.54151 Time: 00:00:27.333
EPOCHS: 30 - Training Loss: 0.876642 (41%) - Validation Loss: 0.895059 (40%) - Cost Imp.: -3.55066 Time: 00:00:32.551
EPOCHS: 35 - Training Loss: 0.873887 (41%) - Validation Loss: 0.873668 (41%) - Cost Imp.: -3.55022 Time: 00:00:37.772
EPOCHS: 40 - Training Loss: 0.873065 (41%) - Validation Loss: 0.893228 (40%) - Cost Imp.: -3.55153 Time: 00:00:43.002
EPOCHS: 45 - Training Loss: 0.869354 (41%) - Validation Loss: 0.871992 (41%) - Cost Imp.: -3.55343 Time: 00:00:48.217
EPOCHS: 50 - Training Loss: 0.869976 (41%) - Validation Loss: 0.870512 (41%) - Cost Imp.: -3.55092 Time: 00:00:53.444
EPOCHS: 55 - Training Loss: 0.868109 (41%) - Validation Loss: 0.868719 (41%) - Cost Imp.: -3.55241 Time: 00:00:58.650
EPOCHS: 60 - Training Loss: 0.867876 (41%) - Validation Loss: 0.864404 (42%) - Cost Imp.: -3.55314 Time: 00:01:03.881
EPOCHS: 65 - Training Loss: 0.871656 (41%) - Validation Loss: 0.916605 (39%) - Cost Imp.: -3.54838 Time: 00:01:09.097
EPOCHS: 70 - Training Loss: 0.861286 (42%) - Validation Loss: 0.87141 (41%) - Cost Imp.: -3.55148 Time: 00:01:14.328
EPOCHS: 75 - Training Loss: 0.86367 (42%) - Validation Loss: 0.869645 (41%) - Cost Imp.: -3.5522 Time: 00:01:19.564
Actual Epochs/Max Epochs: 76/100 - Best Training Loss: 0.860322 (42%) - Best Validation Loss: 0.864404 (42%) - Best Cost Improvement : -3.55449
Saved policy stats:  - Training Loss: 0.867876 (41%) - Validation Loss: 0.864404 (42%) - Cost Improvement : -3.55314
Training finished, total time elapsed: 00:15:22.820
Generating 100000 samples based on policy type: NN_Policy
Progress (node 0 only):
>>>>>10>>>>>20>>>>>30>>>>>40>>>>>50>>>>>60>>>>>70>>>>>80>>>>>90>>>>>100
Simulator statistics 
100000 samples; 56% at Z>0.5; 19% at Z>1; 3% at Z>1.5; 0% at Z>2; 0% at Z>2.5; 0% at Z>3; 
Avg Mean of Q values: 349.683
Elapsed time: 00:16:09.433
loaded 100000 samples from /home/temizoz/DynaPlexFork/IO_DynaPlex/lost_sales_general_qkyu3ZGCvmkmUqWGZKZNzx7-F5lMMnBnpSE=NwT5JcU__/samples_gen1.json
{"hidden_layers":[256,128,128,128],"type":"mlp"}
EPOCHS: 0 - Training Loss: 1.41938 (24%) - Validation Loss: 1.01893 (36%) - Cost Imp.: -0.189465 Time: 00:00:01.063
EPOCHS: 5 - Training Loss: 0.944376 (38%) - Validation Loss: 0.944777 (38%) - Cost Imp.: -0.202598 Time: 00:00:06.348
EPOCHS: 10 - Training Loss: 0.939539 (39%) - Validation Loss: 0.916146 (40%) - Cost Imp.: -0.202293 Time: 00:00:11.621
EPOCHS: 15 - Training Loss: 0.938163 (39%) - Validation Loss: 0.91736 (39%) - Cost Imp.: -0.200118 Time: 00:00:16.888
EPOCHS: 20 - Training Loss: 0.927518 (39%) - Validation Loss: 0.915181 (40%) - Cost Imp.: -0.197329 Time: 00:00:22.144
EPOCHS: 25 - Training Loss: 0.927234 (39%) - Validation Loss: 0.912032 (40%) - Cost Imp.: -0.198373 Time: 00:00:27.395
EPOCHS: 30 - Training Loss: 0.915022 (40%) - Validation Loss: 0.922649 (39%) - Cost Imp.: -0.195263 Time: 00:00:32.645
EPOCHS: 35 - Training Loss: 0.913758 (40%) - Validation Loss: 0.903218 (40%) - Cost Imp.: -0.202273 Time: 00:00:37.887
EPOCHS: 40 - Training Loss: 0.912341 (40%) - Validation Loss: 0.909583 (40%) - Cost Imp.: -0.207862 Time: 00:00:43.126
EPOCHS: 45 - Training Loss: 0.909511 (40%) - Validation Loss: 0.939102 (39%) - Cost Imp.: -0.206288 Time: 00:00:48.370
EPOCHS: 50 - Training Loss: 0.906534 (40%) - Validation Loss: 0.937123 (39%) - Cost Imp.: -0.189724 Time: 00:00:53.603
Actual Epochs/Max Epochs: 51/100 - Best Training Loss: 0.903983 (40%) - Best Validation Loss: 0.903218 (40%) - Best Cost Improvement : -0.207862
Saved policy stats:  - Training Loss: 0.913758 (40%) - Validation Loss: 0.903218 (40%) - Cost Improvement : -0.202273
Training finished, total time elapsed: 00:17:06.567
Generating 100000 samples based on policy type: NN_Policy
Progress (node 0 only):
>>>>>10>>>>>20>>>>>30>>>>>40>>>>>50>>>>>60>>>>>70>>>>>80>>>>>90>>>>>100
Simulator statistics 
100000 samples; 58% at Z>0.5; 21% at Z>1; 3% at Z>1.5; 0% at Z>2; 0% at Z>2.5; 0% at Z>3; 
Avg Mean of Q values: 348.91
Elapsed time: 00:17:52.512
loaded 100000 samples from /home/temizoz/DynaPlexFork/IO_DynaPlex/lost_sales_general_qkyu3ZGCvmkmUqWGZKZNzx7-F5lMMnBnpSE=NwT5JcU__/samples_gen2.json
{"hidden_layers":[256,128,128,128],"type":"mlp"}
EPOCHS: 0 - Training Loss: 1.4086 (24%) - Validation Loss: 1.00302 (36%) - Cost Imp.: -0.00176733 Time: 00:00:01.062
EPOCHS: 5 - Training Loss: 0.870158 (41%) - Validation Loss: 0.967541 (38%) - Cost Imp.: -0.00424001 Time: 00:00:06.364
EPOCHS: 10 - Training Loss: 0.862569 (42%) - Validation Loss: 0.865832 (42%) - Cost Imp.: -0.0217643 Time: 00:00:11.668
EPOCHS: 15 - Training Loss: 0.858935 (42%) - Validation Loss: 0.840358 (43%) - Cost Imp.: -0.0260031 Time: 00:00:16.973
EPOCHS: 20 - Training Loss: 0.8541 (42%) - Validation Loss: 0.835905 (43%) - Cost Imp.: -0.0290547 Time: 00:00:22.276
EPOCHS: 25 - Training Loss: 0.856794 (42%) - Validation Loss: 0.830478 (43%) - Cost Imp.: -0.0281202 Time: 00:00:27.578
EPOCHS: 30 - Training Loss: 0.844975 (42%) - Validation Loss: 0.873202 (41%) - Cost Imp.: -0.0210618 Time: 00:00:32.870
EPOCHS: 35 - Training Loss: 0.841386 (43%) - Validation Loss: 0.833339 (43%) - Cost Imp.: -0.0285587 Time: 00:00:38.156
EPOCHS: 40 - Training Loss: 0.838227 (43%) - Validation Loss: 0.857477 (42%) - Cost Imp.: -0.0226665 Time: 00:00:43.433
EPOCHS: 45 - Training Loss: 0.834639 (43%) - Validation Loss: 0.907869 (40%) - Cost Imp.: -0.0216699 Time: 00:00:48.725
EPOCHS: 50 - Training Loss: 0.841213 (43%) - Validation Loss: 0.833708 (43%) - Cost Imp.: -0.0291925 Time: 00:00:54.006
EPOCHS: 55 - Training Loss: 0.839554 (43%) - Validation Loss: 0.868786 (41%) - Cost Imp.: -0.022214 Time: 00:00:59.292
EPOCHS: 60 - Training Loss: 0.832778 (43%) - Validation Loss: 0.82859 (43%) - Cost Imp.: -0.0287727 Time: 00:01:04.557
EPOCHS: 65 - Training Loss: 0.82833 (43%) - Validation Loss: 0.852309 (42%) - Cost Imp.: -0.0275614 Time: 00:01:09.833
EPOCHS: 70 - Training Loss: 0.830723 (43%) - Validation Loss: 0.829625 (43%) - Cost Imp.: -0.0312077 Time: 00:01:15.110
Actual Epochs/Max Epochs: 74/100 - Best Training Loss: 0.827265 (43%) - Best Validation Loss: 0.825118 (43%) - Best Cost Improvement : -0.0312077
Saved policy stats:  - Training Loss: 0.828276 (43%) - Validation Loss: 0.825118 (43%) - Cost Improvement : -0.0307682
Training finished, total time elapsed: 00:19:14.335
Generating 100000 samples based on policy type: NN_Policy
Progress (node 0 only):
>>>>>10>>>>>20>>>>>30>>>>>40>>>>>50>>>>>60>>>>>70>>>>>80>>>>>90>>>>>100
Simulator statistics 
100000 samples; 59% at Z>0.5; 21% at Z>1; 3% at Z>1.5; 0% at Z>2; 0% at Z>2.5; 0% at Z>3; 
Avg Mean of Q values: 348.228
Elapsed time: 00:20:01.425
loaded 100000 samples from /home/temizoz/DynaPlexFork/IO_DynaPlex/lost_sales_general_qkyu3ZGCvmkmUqWGZKZNzx7-F5lMMnBnpSE=NwT5JcU__/samples_gen3.json
{"hidden_layers":[256,128,128,128],"type":"mlp"}
EPOCHS: 0 - Training Loss: 1.44082 (23%) - Validation Loss: 1.02792 (35%) - Cost Imp.: 0.0190711 Time: 00:00:01.064
EPOCHS: 5 - Training Loss: 0.870071 (41%) - Validation Loss: 0.848209 (42%) - Cost Imp.: 6.33898e-05 Time: 00:00:06.373
EPOCHS: 10 - Training Loss: 0.859188 (42%) - Validation Loss: 0.842275 (43%) - Cost Imp.: 0.00135195 Time: 00:00:11.669
EPOCHS: 15 - Training Loss: 0.852875 (42%) - Validation Loss: 0.842018 (43%) - Cost Imp.: -0.000149587 Time: 00:00:16.952
EPOCHS: 20 - Training Loss: 0.852826 (42%) - Validation Loss: 0.842583 (43%) - Cost Imp.: 0.00132753 Time: 00:00:22.237
EPOCHS: 25 - Training Loss: 0.844922 (42%) - Validation Loss: 0.842421 (43%) - Cost Imp.: -0.000863376 Time: 00:00:27.503
EPOCHS: 30 - Training Loss: 0.848649 (42%) - Validation Loss: 0.839223 (43%) - Cost Imp.: -0.00194574 Time: 00:00:32.778
EPOCHS: 35 - Training Loss: 0.849517 (42%) - Validation Loss: 0.848747 (42%) - Cost Imp.: 0.000849501 Time: 00:00:38.050
Actual Epochs/Max Epochs: 37/100 - Best Training Loss: 0.844922 (42%) - Best Validation Loss: 0.83409 (43%) - Best Cost Improvement : -0.00221286
Saved policy stats:  - Training Loss: 0.854043 (42%) - Validation Loss: 0.83409 (43%) - Cost Improvement : -0.00221286
Training finished, total time elapsed: 00:20:44.038
Generating 100000 samples based on policy type: NN_Policy
Progress (node 0 only):
>>>>>10>>>>>20>>>>>30>>>>>40>>>>>50>>>>>60>>>>>70>>>>>80>>>>>90>>>>>100
Simulator statistics 
100000 samples; 59% at Z>0.5; 22% at Z>1; 3% at Z>1.5; 0% at Z>2; 0% at Z>2.5; 0% at Z>3; 
Avg Mean of Q values: 348.172
Elapsed time: 00:21:30.309
loaded 100000 samples from /home/temizoz/DynaPlexFork/IO_DynaPlex/lost_sales_general_qkyu3ZGCvmkmUqWGZKZNzx7-F5lMMnBnpSE=NwT5JcU__/samples_gen4.json
{"hidden_layers":[256,128,128,128],"type":"mlp"}
EPOCHS: 0 - Training Loss: 1.39213 (24%) - Validation Loss: 1.25504 (28%) - Cost Imp.: 0.0977192 Time: 00:00:01.058
EPOCHS: 5 - Training Loss: 0.870278 (41%) - Validation Loss: 0.855801 (42%) - Cost Imp.: 0.00569704 Time: 00:00:06.346
EPOCHS: 10 - Training Loss: 0.857921 (42%) - Validation Loss: 0.826047 (43%) - Cost Imp.: 0.00128162 Time: 00:00:11.625
EPOCHS: 15 - Training Loss: 0.838316 (43%) - Validation Loss: 0.81797 (44%) - Cost Imp.: 0.000294117 Time: 00:00:16.906
EPOCHS: 20 - Training Loss: 0.842852 (43%) - Validation Loss: 0.873735 (41%) - Cost Imp.: 0.00884285 Time: 00:00:22.176
EPOCHS: 25 - Training Loss: 0.844605 (42%) - Validation Loss: 0.829609 (43%) - Cost Imp.: 0.00624731 Time: 00:00:27.443
EPOCHS: 30 - Training Loss: 0.833987 (43%) - Validation Loss: 0.809817 (44%) - Cost Imp.: 9.30064e-05 Time: 00:00:32.699
EPOCHS: 35 - Training Loss: 0.831877 (43%) - Validation Loss: 0.827758 (43%) - Cost Imp.: 0.00470339 Time: 00:00:37.966
EPOCHS: 40 - Training Loss: 0.829003 (43%) - Validation Loss: 0.810434 (44%) - Cost Imp.: 0.00221417 Time: 00:00:43.229
EPOCHS: 45 - Training Loss: 0.828343 (43%) - Validation Loss: 0.824239 (43%) - Cost Imp.: 0.00107482 Time: 00:00:48.488
Actual Epochs/Max Epochs: 46/100 - Best Training Loss: 0.827615 (43%) - Best Validation Loss: 0.809817 (44%) - Best Cost Improvement : 9.30064e-05
Saved policy stats:  - Training Loss: 0.833987 (43%) - Validation Loss: 0.809817 (44%) - Cost Improvement : 9.30064e-05
Training finished, total time elapsed: 00:22:22.247
{"mean":20.41275540000001,"mean_stat_1":0.9307703023685309,"policy":{"id":"greedy_capped_base_stock"}}
{"mean":16.770418000000017,"mean_difference":-3.6423373999999917,"mean_gap":-17.84343822588493,"mean_stat_1":0.8418994966605149,"policy":{"gen":1,"id":"NN_Policy","nn_architecture":{"hidden_layers":[256,128,128,128],"type":"mlp"},"num_inputs":4,"num_outputs":13}}
{"mean":16.58673319999999,"mean_difference":-3.8260222000000184,"mean_gap":-18.743291265813223,"mean_stat_1":0.8101287188112976,"policy":{"gen":2,"id":"NN_Policy","nn_architecture":{"hidden_layers":[256,128,128,128],"type":"mlp"},"num_inputs":4,"num_outputs":13}}
{"mean":16.57101520000001,"mean_difference":-3.8417402000000003,"mean_gap":-18.82029213949234,"mean_stat_1":0.8199335733816909,"policy":{"gen":3,"id":"NN_Policy","nn_architecture":{"hidden_layers":[256,128,128,128],"type":"mlp"},"num_inputs":4,"num_outputs":13}}
{"mean":16.57031860000001,"mean_difference":-3.842436799999998,"mean_gap":-18.823704711613782,"mean_stat_1":0.8220142445031287,"policy":{"gen":4,"id":"NN_Policy","nn_architecture":{"hidden_layers":[256,128,128,128],"type":"mlp"},"num_inputs":4,"num_outputs":13}}
{"mean":16.570735000000003,"mean_difference":-3.842020400000006,"mean_gap":-18.82166481062133,"mean_stat_1":0.8215343473416638,"policy":{"gen":5,"id":"NN_Policy","nn_architecture":{"hidden_layers":[256,128,128,128],"type":"mlp"},"num_inputs":4,"num_outputs":13}}
Best network:  4
{"leadtime":8,"mean_demand":[5.0],"p":9.0,"stdDemand":[5.477225575051661]}
Generating 100000 samples based on policy type: greedy_capped_base_stock
Progress (node 0 only):
>>>>>10>>>>>20>>>>>30>>>>>40>>>>>50>>>>>60>>>>>70>>>>>80>>>>>90>>>>>100
Simulator statistics 
100000 samples; 65% at Z>0.5; 28% at Z>1; 5% at Z>1.5; 0% at Z>2; 0% at Z>2.5; 0% at Z>3; 
Avg Mean of Q values: 479.263
Elapsed time: 00:22:39.810
loaded 100000 samples from /home/temizoz/DynaPlexFork/IO_DynaPlex/lost_sales_general_DgvwqsWGhq1hyG6cAE6siH6J9tLTucozwewQzaPsN2w__/samples_gen0.json
{"hidden_layers":[256,128,128,128],"type":"mlp"}
EPOCHS: 0 - Training Loss: 1.09595 (33%) - Validation Loss: 1.01869 (36%) - Cost Imp.: -7.8432 Time: 00:00:01.058
EPOCHS: 5 - Training Loss: 0.786958 (45%) - Validation Loss: 0.780028 (45%) - Cost Imp.: -7.94048 Time: 00:00:06.359
EPOCHS: 10 - Training Loss: 0.76601 (46%) - Validation Loss: 0.776408 (46%) - Cost Imp.: -7.94386 Time: 00:00:11.651
EPOCHS: 15 - Training Loss: 0.76207 (46%) - Validation Loss: 0.767514 (46%) - Cost Imp.: -7.94237 Time: 00:00:16.914
EPOCHS: 20 - Training Loss: 0.747663 (47%) - Validation Loss: 0.775283 (46%) - Cost Imp.: -7.93694 Time: 00:00:22.162
EPOCHS: 25 - Training Loss: 0.742419 (47%) - Validation Loss: 0.760189 (46%) - Cost Imp.: -7.94566 Time: 00:00:27.412
EPOCHS: 30 - Training Loss: 0.744388 (47%) - Validation Loss: 0.780867 (45%) - Cost Imp.: -7.94175 Time: 00:00:32.651
EPOCHS: 35 - Training Loss: 0.73941 (47%) - Validation Loss: 0.78407 (45%) - Cost Imp.: -7.93824 Time: 00:00:37.883
EPOCHS: 40 - Training Loss: 0.734647 (47%) - Validation Loss: 0.760918 (46%) - Cost Imp.: -7.94506 Time: 00:00:43.108
EPOCHS: 45 - Training Loss: 0.734246 (47%) - Validation Loss: 0.793957 (45%) - Cost Imp.: -7.94003 Time: 00:00:48.342
EPOCHS: 50 - Training Loss: 0.726029 (48%) - Validation Loss: 0.783839 (45%) - Cost Imp.: -7.93976 Time: 00:00:53.564
Actual Epochs/Max Epochs: 54/100 - Best Training Loss: 0.725467 (48%) - Best Validation Loss: 0.75497 (47%) - Best Cost Improvement : -7.94703
Saved policy stats:  - Training Loss: 0.739045 (47%) - Validation Loss: 0.75497 (47%) - Cost Improvement : -7.94645
Training finished, total time elapsed: 00:23:40.141
Generating 100000 samples based on policy type: NN_Policy
Progress (node 0 only):
>>>>>10>>>>>20>>>>>30>>>>>40>>>>>50>>>>>60>>>>>70>>>>>80>>>>>90>>>>>100
Simulator statistics 
100000 samples; 59% at Z>0.5; 22% at Z>1; 4% at Z>1.5; 0% at Z>2; 0% at Z>2.5; 0% at Z>3; 
Avg Mean of Q values: 367.683
Elapsed time: 00:24:29.202
loaded 100000 samples from /home/temizoz/DynaPlexFork/IO_DynaPlex/lost_sales_general_DgvwqsWGhq1hyG6cAE6siH6J9tLTucozwewQzaPsN2w__/samples_gen1.json
{"hidden_layers":[256,128,128,128],"type":"mlp"}
EPOCHS: 0 - Training Loss: 1.40037 (24%) - Validation Loss: 1.32219 (26%) - Cost Imp.: -0.0154209 Time: 00:00:01.068
EPOCHS: 5 - Training Loss: 0.93624 (39%) - Validation Loss: 0.9965 (36%) - Cost Imp.: -0.119923 Time: 00:00:06.403
EPOCHS: 10 - Training Loss: 0.916247 (40%) - Validation Loss: 0.969036 (37%) - Cost Imp.: -0.122048 Time: 00:00:11.764
EPOCHS: 15 - Training Loss: 0.896699 (40%) - Validation Loss: 0.938589 (39%) - Cost Imp.: -0.122765 Time: 00:00:17.104
EPOCHS: 20 - Training Loss: 0.885647 (41%) - Validation Loss: 0.959436 (38%) - Cost Imp.: -0.126182 Time: 00:00:22.424
EPOCHS: 25 - Training Loss: 0.888672 (41%) - Validation Loss: 0.912202 (40%) - Cost Imp.: -0.133885 Time: 00:00:27.748
EPOCHS: 30 - Training Loss: 0.884093 (41%) - Validation Loss: 0.885754 (41%) - Cost Imp.: -0.134562 Time: 00:00:33.068
EPOCHS: 35 - Training Loss: 0.873988 (41%) - Validation Loss: 0.891487 (41%) - Cost Imp.: -0.134845 Time: 00:00:38.385
EPOCHS: 40 - Training Loss: 0.874207 (41%) - Validation Loss: 0.911207 (40%) - Cost Imp.: -0.133152 Time: 00:00:43.687
Actual Epochs/Max Epochs: 42/100 - Best Training Loss: 0.873315 (41%) - Best Validation Loss: 0.882021 (41%) - Best Cost Improvement : -0.138889
Saved policy stats:  - Training Loss: 0.885583 (41%) - Validation Loss: 0.882021 (41%) - Cost Improvement : -0.138889
Training finished, total time elapsed: 00:25:17.689
Generating 100000 samples based on policy type: NN_Policy
Progress (node 0 only):
>>>>>10>>>>>20>>>>>30>>>>>40>>>>>50>>>>>60>>>>>70>>>>>80>>>>>90>>>>>100
Simulator statistics 
100000 samples; 58% at Z>0.5; 21% at Z>1; 3% at Z>1.5; 0% at Z>2; 0% at Z>2.5; 0% at Z>3; 
Avg Mean of Q values: 367.902
Elapsed time: 00:26:05.800
loaded 100000 samples from /home/temizoz/DynaPlexFork/IO_DynaPlex/lost_sales_general_DgvwqsWGhq1hyG6cAE6siH6J9tLTucozwewQzaPsN2w__/samples_gen2.json
{"hidden_layers":[256,128,128,128],"type":"mlp"}
EPOCHS: 0 - Training Loss: 1.31631 (26%) - Validation Loss: 1.20313 (30%) - Cost Imp.: 0.0799981 Time: 00:00:01.068
EPOCHS: 5 - Training Loss: 0.905405 (40%) - Validation Loss: 0.853233 (42%) - Cost Imp.: -0.00912662 Time: 00:00:06.430
EPOCHS: 10 - Training Loss: 0.879786 (41%) - Validation Loss: 0.84735 (42%) - Cost Imp.: -0.0121345 Time: 00:00:11.789
EPOCHS: 15 - Training Loss: 0.877034 (41%) - Validation Loss: 0.864068 (42%) - Cost Imp.: -0.00634889 Time: 00:00:17.135
EPOCHS: 20 - Training Loss: 0.870679 (41%) - Validation Loss: 0.848922 (42%) - Cost Imp.: -0.0106986 Time: 00:00:22.467
EPOCHS: 25 - Training Loss: 0.864102 (42%) - Validation Loss: 0.900072 (40%) - Cost Imp.: -0.00770747 Time: 00:00:27.786
EPOCHS: 30 - Training Loss: 0.863089 (42%) - Validation Loss: 0.842019 (43%) - Cost Imp.: -0.0107483 Time: 00:00:33.107
EPOCHS: 35 - Training Loss: 0.869715 (41%) - Validation Loss: 0.84295 (43%) - Cost Imp.: -0.0111963 Time: 00:00:38.432
EPOCHS: 40 - Training Loss: 0.853248 (42%) - Validation Loss: 0.845187 (42%) - Cost Imp.: -0.0125925 Time: 00:00:43.757
EPOCHS: 45 - Training Loss: 0.857673 (42%) - Validation Loss: 0.843228 (43%) - Cost Imp.: -0.0115621 Time: 00:00:49.070
EPOCHS: 50 - Training Loss: 0.857051 (42%) - Validation Loss: 0.844104 (42%) - Cost Imp.: -0.00941347 Time: 00:00:54.387
EPOCHS: 55 - Training Loss: 0.851601 (42%) - Validation Loss: 0.850016 (42%) - Cost Imp.: -0.0112287 Time: 00:00:59.689
EPOCHS: 60 - Training Loss: 0.844769 (42%) - Validation Loss: 0.853183 (42%) - Cost Imp.: -0.0111485 Time: 00:01:04.997
EPOCHS: 65 - Training Loss: 0.841563 (43%) - Validation Loss: 0.834497 (43%) - Cost Imp.: -0.0124474 Time: 00:01:10.310
EPOCHS: 70 - Training Loss: 0.842813 (43%) - Validation Loss: 0.86888 (41%) - Cost Imp.: -0.0104022 Time: 00:01:15.616
EPOCHS: 75 - Training Loss: 0.845958 (42%) - Validation Loss: 0.834288 (43%) - Cost Imp.: -0.0127616 Time: 00:01:20.932
Actual Epochs/Max Epochs: 77/100 - Best Training Loss: 0.84119 (43%) - Best Validation Loss: 0.829307 (43%) - Best Cost Improvement : -0.0133271
Saved policy stats:  - Training Loss: 0.846123 (42%) - Validation Loss: 0.829307 (43%) - Cost Improvement : -0.0124332
Training finished, total time elapsed: 00:27:31.512
Generating 100000 samples based on policy type: NN_Policy
Progress (node 0 only):
>>>>>10>>>>>20>>>>>30>>>>>40>>>>>50>>>>>60>>>>>70>>>>>80>>>>>90>>>>>100
Simulator statistics 
100000 samples; 58% at Z>0.5; 20% at Z>1; 3% at Z>1.5; 0% at Z>2; 0% at Z>2.5; 0% at Z>3; 
Avg Mean of Q values: 367.522
Elapsed time: 00:28:18.841
loaded 100000 samples from /home/temizoz/DynaPlexFork/IO_DynaPlex/lost_sales_general_DgvwqsWGhq1hyG6cAE6siH6J9tLTucozwewQzaPsN2w__/samples_gen3.json
{"hidden_layers":[256,128,128,128],"type":"mlp"}
EPOCHS: 0 - Training Loss: 1.31873 (26%) - Validation Loss: 1.2465 (28%) - Cost Imp.: 0.117806 Time: 00:00:01.068
EPOCHS: 5 - Training Loss: 0.895568 (40%) - Validation Loss: 0.922222 (39%) - Cost Imp.: 0.0107326 Time: 00:00:06.409
EPOCHS: 10 - Training Loss: 0.886389 (41%) - Validation Loss: 0.898055 (40%) - Cost Imp.: 0.0106508 Time: 00:00:11.772
EPOCHS: 15 - Training Loss: 0.88257 (41%) - Validation Loss: 0.880956 (41%) - Cost Imp.: 0.00554798 Time: 00:00:17.119
EPOCHS: 20 - Training Loss: 0.878199 (41%) - Validation Loss: 0.878866 (41%) - Cost Imp.: 0.00127522 Time: 00:00:22.444
EPOCHS: 25 - Training Loss: 0.871374 (41%) - Validation Loss: 0.872658 (41%) - Cost Imp.: 0.00145807 Time: 00:00:27.771
EPOCHS: 30 - Training Loss: 0.867467 (42%) - Validation Loss: 0.878128 (41%) - Cost Imp.: 0.00161487 Time: 00:00:33.092
EPOCHS: 35 - Training Loss: 0.860083 (42%) - Validation Loss: 0.884794 (41%) - Cost Imp.: -0.000141481 Time: 00:00:38.398
EPOCHS: 40 - Training Loss: 0.864989 (42%) - Validation Loss: 0.86854 (41%) - Cost Imp.: 0.0010517 Time: 00:00:43.716
EPOCHS: 45 - Training Loss: 0.857294 (42%) - Validation Loss: 0.873362 (41%) - Cost Imp.: 0.000417083 Time: 00:00:49.021
EPOCHS: 50 - Training Loss: 0.853453 (42%) - Validation Loss: 0.906717 (40%) - Cost Imp.: 0.010344 Time: 00:00:54.329
EPOCHS: 55 - Training Loss: 0.857184 (42%) - Validation Loss: 0.862118 (42%) - Cost Imp.: 0.000177741 Time: 00:00:59.620
Actual Epochs/Max Epochs: 60/100 - Best Training Loss: 0.853453 (42%) - Best Validation Loss: 0.855665 (42%) - Best Cost Improvement : -0.000909094
Saved policy stats:  - Training Loss: 0.864556 (42%) - Validation Loss: 0.855665 (42%) - Cost Improvement : -0.000195388
Training finished, total time elapsed: 00:29:26.288
Generating 100000 samples based on policy type: NN_Policy
Progress (node 0 only):
>>>>>10>>>>>20>>>>>30>>>>>40>>>>>50>>>>>60>>>>>70>>>>>80>>>>>90>>>>>100
Simulator statistics 
100000 samples; 58% at Z>0.5; 22% at Z>1; 4% at Z>1.5; 0% at Z>2; 0% at Z>2.5; 0% at Z>3; 
Avg Mean of Q values: 367.614
Elapsed time: 00:30:13.427
loaded 100000 samples from /home/temizoz/DynaPlexFork/IO_DynaPlex/lost_sales_general_DgvwqsWGhq1hyG6cAE6siH6J9tLTucozwewQzaPsN2w__/samples_gen4.json
{"hidden_layers":[256,128,128,128],"type":"mlp"}
EPOCHS: 0 - Training Loss: 1.317 (26%) - Validation Loss: 1.24172 (28%) - Cost Imp.: 0.119648 Time: 00:00:01.081
EPOCHS: 5 - Training Loss: 0.896786 (40%) - Validation Loss: 0.897256 (40%) - Cost Imp.: 0.00797394 Time: 00:00:06.427
EPOCHS: 10 - Training Loss: 0.88142 (41%) - Validation Loss: 0.886612 (41%) - Cost Imp.: 0.00668175 Time: 00:00:11.763
EPOCHS: 15 - Training Loss: 0.868778 (41%) - Validation Loss: 0.881223 (41%) - Cost Imp.: 0.00656578 Time: 00:00:17.088
EPOCHS: 20 - Training Loss: 0.860698 (42%) - Validation Loss: 0.874592 (41%) - Cost Imp.: 0.0061928 Time: 00:00:22.403
EPOCHS: 25 - Training Loss: 0.861806 (42%) - Validation Loss: 0.913959 (40%) - Cost Imp.: 0.0128329 Time: 00:00:27.717
EPOCHS: 30 - Training Loss: 0.86957 (41%) - Validation Loss: 0.903271 (40%) - Cost Imp.: 0.00781989 Time: 00:00:33.022
EPOCHS: 35 - Training Loss: 0.867173 (42%) - Validation Loss: 0.874625 (41%) - Cost Imp.: 0.00418505 Time: 00:00:38.322
EPOCHS: 40 - Training Loss: 0.859515 (42%) - Validation Loss: 0.859673 (42%) - Cost Imp.: 0.00246358 Time: 00:00:43.625
EPOCHS: 45 - Training Loss: 0.850995 (42%) - Validation Loss: 0.862811 (42%) - Cost Imp.: 0.00288639 Time: 00:00:48.920
Actual Epochs/Max Epochs: 50/100 - Best Training Loss: 0.846987 (42%) - Best Validation Loss: 0.843645 (43%) - Best Cost Improvement : -0.000470051
Saved policy stats:  - Training Loss: 0.853245 (42%) - Validation Loss: 0.843645 (43%) - Cost Improvement : 0.000151785
Training finished, total time elapsed: 00:31:10.215
{"mean":26.227012599999984,"mean_stat_1":0.9470635757272708,"policy":{"id":"greedy_capped_base_stock"}}
{"mean":17.64822199999999,"mean_difference":-8.578790599999994,"mean_gap":-32.709751319523136,"mean_stat_1":0.807443396832923,"policy":{"gen":1,"id":"NN_Policy","nn_architecture":{"hidden_layers":[256,128,128,128],"type":"mlp"},"num_inputs":8,"num_outputs":13}}
{"mean":17.484517600000025,"mean_difference":-8.742494999999959,"mean_gap":-33.333933732124585,"mean_stat_1":0.7892463113046612,"policy":{"gen":2,"id":"NN_Policy","nn_architecture":{"hidden_layers":[256,128,128,128],"type":"mlp"},"num_inputs":8,"num_outputs":13}}
{"mean":17.477202600000002,"mean_difference":-8.749809999999982,"mean_gap":-33.361824823312084,"mean_stat_1":0.7924960142003499,"policy":{"gen":3,"id":"NN_Policy","nn_architecture":{"hidden_layers":[256,128,128,128],"type":"mlp"},"num_inputs":8,"num_outputs":13}}
{"mean":17.4774846,"mean_difference":-8.749527999999984,"mean_gap":-33.360749596009995,"mean_stat_1":0.7929840010235614,"policy":{"gen":4,"id":"NN_Policy","nn_architecture":{"hidden_layers":[256,128,128,128],"type":"mlp"},"num_inputs":8,"num_outputs":13}}
{"mean":17.478245800000018,"mean_difference":-8.748766799999967,"mean_gap":-33.35784724486681,"mean_stat_1":0.7936394709939112,"policy":{"gen":5,"id":"NN_Policy","nn_architecture":{"hidden_layers":[256,128,128,128],"type":"mlp"},"num_inputs":8,"num_outputs":13}}
Best network:  3
{"leadtime":4,"mean_demand":[10.0],"p":9.0,"stdDemand":[3.1622776601683795]}
Generating 100000 samples based on policy type: greedy_capped_base_stock
Progress (node 0 only):
>>>>>10>>>>>20>>>>>30>>>>>40>>>>>50>>>>>60>>>>>70>>>>>80>>>>>90>>>>>100
Simulator statistics 
100000 samples; 76% at Z>0.5; 51% at Z>1; 26% at Z>1.5; 8% at Z>2; 1% at Z>2.5; 0% at Z>3; 
Avg Mean of Q values: 227.418
Elapsed time: 00:31:28.386
loaded 100000 samples from /home/temizoz/DynaPlexFork/IO_DynaPlex/lost_sales_general_H4TO-iB41JGyNbeER6yR15zziHiCPlqIc3neMvteRIg__/samples_gen0.json
{"hidden_layers":[256,128,128,128],"type":"mlp"}
EPOCHS: 0 - Training Loss: 1.17097 (31%) - Validation Loss: 1.10195 (33%) - Cost Imp.: -1.35708 Time: 00:00:01.088
EPOCHS: 5 - Training Loss: 0.635463 (52%) - Validation Loss: 0.62902 (53%) - Cost Imp.: -1.44589 Time: 00:00:06.561
EPOCHS: 10 - Training Loss: 0.561548 (57%) - Validation Loss: 0.520123 (59%) - Cost Imp.: -1.46443 Time: 00:00:12.000
EPOCHS: 15 - Training Loss: 0.542252 (58%) - Validation Loss: 0.610305 (54%) - Cost Imp.: -1.44968 Time: 00:00:17.414
EPOCHS: 20 - Training Loss: 0.532216 (58%) - Validation Loss: 0.490655 (61%) - Cost Imp.: -1.46556 Time: 00:00:22.835
EPOCHS: 25 - Training Loss: 0.527737 (58%) - Validation Loss: 0.496322 (60%) - Cost Imp.: -1.46315 Time: 00:00:28.236
EPOCHS: 30 - Training Loss: 0.536415 (58%) - Validation Loss: 0.492112 (61%) - Cost Imp.: -1.46337 Time: 00:00:33.639
EPOCHS: 35 - Training Loss: 0.53428 (58%) - Validation Loss: 0.498815 (60%) - Cost Imp.: -1.466 Time: 00:00:39.039
EPOCHS: 40 - Training Loss: 0.52526 (59%) - Validation Loss: 0.490371 (61%) - Cost Imp.: -1.46523 Time: 00:00:44.442
EPOCHS: 45 - Training Loss: 0.505913 (60%) - Validation Loss: 0.495681 (60%) - Cost Imp.: -1.46539 Time: 00:00:49.839
EPOCHS: 50 - Training Loss: 0.523571 (59%) - Validation Loss: 0.496191 (60%) - Cost Imp.: -1.46373 Time: 00:00:55.241
EPOCHS: 55 - Training Loss: 0.501519 (60%) - Validation Loss: 0.477672 (62%) - Cost Imp.: -1.46705 Time: 00:01:00.639
EPOCHS: 60 - Training Loss: 0.496183 (60%) - Validation Loss: 0.517459 (59%) - Cost Imp.: -1.46551 Time: 00:01:06.032
EPOCHS: 65 - Training Loss: 0.505137 (60%) - Validation Loss: 0.653188 (52%) - Cost Imp.: -1.45489 Time: 00:01:11.424
EPOCHS: 70 - Training Loss: 0.499889 (60%) - Validation Loss: 0.570379 (56%) - Cost Imp.: -1.4625 Time: 00:01:16.814
Actual Epochs/Max Epochs: 73/100 - Best Training Loss: 0.490632 (61%) - Best Validation Loss: 0.475016 (62%) - Best Cost Improvement : -1.46815
Saved policy stats:  - Training Loss: 0.50038 (60%) - Validation Loss: 0.475016 (62%) - Cost Improvement : -1.46573
Training finished, total time elapsed: 00:32:51.042
Generating 100000 samples based on policy type: NN_Policy
Progress (node 0 only):
>>>>>10>>>>>20>>>>>30>>>>>40>>>>>50>>>>>60>>>>>70>>>>>80>>>>>90>>>>>100
Simulator statistics 
100000 samples; 69% at Z>0.5; 39% at Z>1; 16% at Z>1.5; 4% at Z>2; 0% at Z>2.5; 0% at Z>3; 
Avg Mean of Q values: 203.457
Elapsed time: 00:33:43.391
loaded 100000 samples from /home/temizoz/DynaPlexFork/IO_DynaPlex/lost_sales_general_H4TO-iB41JGyNbeER6yR15zziHiCPlqIc3neMvteRIg__/samples_gen1.json
{"hidden_layers":[256,128,128,128],"type":"mlp"}
EPOCHS: 0 - Training Loss: 1.39006 (24%) - Validation Loss: 1.33209 (26%) - Cost Imp.: 0.0825168 Time: 00:00:01.093
EPOCHS: 5 - Training Loss: 0.750641 (47%) - Validation Loss: 0.656633 (51%) - Cost Imp.: -0.125872 Time: 00:00:06.573
EPOCHS: 10 - Training Loss: 0.71233 (49%) - Validation Loss: 0.850802 (42%) - Cost Imp.: -0.0969707 Time: 00:00:12.027
EPOCHS: 15 - Training Loss: 0.666908 (51%) - Validation Loss: 0.624366 (53%) - Cost Imp.: -0.12594 Time: 00:00:17.467
EPOCHS: 20 - Training Loss: 0.678962 (50%) - Validation Loss: 0.633607 (53%) - Cost Imp.: -0.124042 Time: 00:00:22.920
EPOCHS: 25 - Training Loss: 0.655341 (51%) - Validation Loss: 0.617369 (53%) - Cost Imp.: -0.128083 Time: 00:00:28.362
EPOCHS: 30 - Training Loss: 0.658998 (51%) - Validation Loss: 0.635177 (52%) - Cost Imp.: -0.124258 Time: 00:00:33.794
EPOCHS: 35 - Training Loss: 0.654642 (51%) - Validation Loss: 0.681682 (50%) - Cost Imp.: -0.122234 Time: 00:00:39.230
EPOCHS: 40 - Training Loss: 0.648976 (52%) - Validation Loss: 0.65139 (52%) - Cost Imp.: -0.123902 Time: 00:00:44.672
Actual Epochs/Max Epochs: 44/100 - Best Training Loss: 0.630522 (53%) - Best Validation Loss: 0.601017 (54%) - Best Cost Improvement : -0.131454
Saved policy stats:  - Training Loss: 0.654011 (51%) - Validation Loss: 0.601017 (54%) - Cost Improvement : -0.130976
Training finished, total time elapsed: 00:34:35.114
Generating 100000 samples based on policy type: NN_Policy
Progress (node 0 only):
>>>>>10>>>>>20>>>>>30>>>>>40>>>>>50>>>>>60>>>>>70>>>>>80>>>>>90>>>>>100
Simulator statistics 
100000 samples; 72% at Z>0.5; 45% at Z>1; 21% at Z>1.5; 7% at Z>2; 1% at Z>2.5; 0% at Z>3; 
Avg Mean of Q values: 202.629
Elapsed time: 00:35:30.552
loaded 100000 samples from /home/temizoz/DynaPlexFork/IO_DynaPlex/lost_sales_general_H4TO-iB41JGyNbeER6yR15zziHiCPlqIc3neMvteRIg__/samples_gen2.json
{"hidden_layers":[256,128,128,128],"type":"mlp"}
EPOCHS: 0 - Training Loss: 1.34231 (26%) - Validation Loss: 1.26476 (28%) - Cost Imp.: 0.203751 Time: 00:00:01.083
EPOCHS: 5 - Training Loss: 0.680921 (50%) - Validation Loss: 0.706877 (49%) - Cost Imp.: 0.01917 Time: 00:00:06.509
EPOCHS: 10 - Training Loss: 0.618355 (53%) - Validation Loss: 0.762098 (46%) - Cost Imp.: 0.0219242 Time: 00:00:11.919
EPOCHS: 15 - Training Loss: 0.576419 (56%) - Validation Loss: 0.597152 (55%) - Cost Imp.: 0.00570461 Time: 00:00:17.322
EPOCHS: 20 - Training Loss: 0.589204 (55%) - Validation Loss: 0.597446 (55%) - Cost Imp.: 0.00374693 Time: 00:00:22.716
EPOCHS: 25 - Training Loss: 0.580077 (55%) - Validation Loss: 0.617228 (53%) - Cost Imp.: 0.0054487 Time: 00:00:28.106
EPOCHS: 30 - Training Loss: 0.559846 (57%) - Validation Loss: 0.722082 (48%) - Cost Imp.: 0.0161926 Time: 00:00:33.494
EPOCHS: 35 - Training Loss: 0.565415 (56%) - Validation Loss: 0.542478 (58%) - Cost Imp.: -0.00148814 Time: 00:00:38.862
EPOCHS: 40 - Training Loss: 0.577676 (56%) - Validation Loss: 0.608408 (54%) - Cost Imp.: 0.00912189 Time: 00:00:44.252
EPOCHS: 45 - Training Loss: 0.572404 (56%) - Validation Loss: 0.558189 (57%) - Cost Imp.: 0.000193469 Time: 00:00:49.643
EPOCHS: 50 - Training Loss: 0.560171 (57%) - Validation Loss: 0.641436 (52%) - Cost Imp.: 0.00802734 Time: 00:00:55.027
EPOCHS: 55 - Training Loss: 0.558562 (57%) - Validation Loss: 0.655024 (51%) - Cost Imp.: 0.00776861 Time: 00:01:00.408
EPOCHS: 60 - Training Loss: 0.563845 (56%) - Validation Loss: 0.673997 (50%) - Cost Imp.: 0.00792567 Time: 00:01:05.788
EPOCHS: 65 - Training Loss: 0.546001 (57%) - Validation Loss: 0.541696 (58%) - Cost Imp.: -0.0021681 Time: 00:01:11.168
Actual Epochs/Max Epochs: 69/100 - Best Training Loss: 0.543941 (58%) - Best Validation Loss: 0.523963 (59%) - Best Cost Improvement : -0.00396619
Saved policy stats:  - Training Loss: 0.555176 (57%) - Validation Loss: 0.523963 (59%) - Cost Improvement : -0.00329369
Training finished, total time elapsed: 00:36:48.674
Generating 100000 samples based on policy type: NN_Policy
Progress (node 0 only):
>>>>>10>>>>>20>>>>>30>>>>>40>>>>>50>>>>>60>>>>>70>>>>>80>>>>>90>>>>>100
Simulator statistics 
100000 samples; 72% at Z>0.5; 45% at Z>1; 21% at Z>1.5; 7% at Z>2; 1% at Z>2.5; 0% at Z>3; 
Avg Mean of Q values: 202.574
Elapsed time: 00:37:41.045
loaded 100000 samples from /home/temizoz/DynaPlexFork/IO_DynaPlex/lost_sales_general_H4TO-iB41JGyNbeER6yR15zziHiCPlqIc3neMvteRIg__/samples_gen3.json
{"hidden_layers":[256,128,128,128],"type":"mlp"}
EPOCHS: 0 - Training Loss: 1.34654 (26%) - Validation Loss: 1.26315 (28%) - Cost Imp.: 0.203684 Time: 00:00:01.093
EPOCHS: 5 - Training Loss: 0.701896 (49%) - Validation Loss: 1.18444 (30%) - Cost Imp.: 0.090718 Time: 00:00:06.521
EPOCHS: 10 - Training Loss: 0.619649 (53%) - Validation Loss: 0.626116 (53%) - Cost Imp.: 0.0134662 Time: 00:00:11.959
EPOCHS: 15 - Training Loss: 0.603324 (54%) - Validation Loss: 0.639167 (52%) - Cost Imp.: 0.010221 Time: 00:00:17.390
EPOCHS: 20 - Training Loss: 0.604533 (54%) - Validation Loss: 0.585264 (55%) - Cost Imp.: 0.00679885 Time: 00:00:22.809
EPOCHS: 25 - Training Loss: 0.595884 (55%) - Validation Loss: 0.527962 (58%) - Cost Imp.: -0.00018885 Time: 00:00:28.226
EPOCHS: 30 - Training Loss: 0.577011 (56%) - Validation Loss: 0.523931 (59%) - Cost Imp.: -0.000656525 Time: 00:00:33.640
EPOCHS: 35 - Training Loss: 0.59912 (54%) - Validation Loss: 0.528075 (58%) - Cost Imp.: 0.00148997 Time: 00:00:39.063
EPOCHS: 40 - Training Loss: 0.583366 (55%) - Validation Loss: 0.519606 (59%) - Cost Imp.: -0.000918373 Time: 00:00:44.478
EPOCHS: 45 - Training Loss: 0.568405 (56%) - Validation Loss: 0.782318 (45%) - Cost Imp.: 0.028155 Time: 00:00:49.906
EPOCHS: 50 - Training Loss: 0.553711 (57%) - Validation Loss: 0.520416 (59%) - Cost Imp.: 6.91179e-05 Time: 00:00:55.315
EPOCHS: 55 - Training Loss: 0.547973 (57%) - Validation Loss: 0.513859 (59%) - Cost Imp.: -8.11438e-05 Time: 00:01:00.731
EPOCHS: 60 - Training Loss: 0.564485 (56%) - Validation Loss: 0.524204 (59%) - Cost Imp.: 0.000173513 Time: 00:01:06.143
EPOCHS: 65 - Training Loss: 0.568795 (56%) - Validation Loss: 0.511809 (59%) - Cost Imp.: -0.00121588 Time: 00:01:11.567
EPOCHS: 70 - Training Loss: 0.568745 (56%) - Validation Loss: 0.558948 (57%) - Cost Imp.: 0.0033489 Time: 00:01:16.977
EPOCHS: 75 - Training Loss: 0.56477 (56%) - Validation Loss: 0.535806 (58%) - Cost Imp.: 0.00176771 Time: 00:01:22.393
Actual Epochs/Max Epochs: 79/100 - Best Training Loss: 0.544869 (57%) - Best Validation Loss: 0.511107 (59%) - Best Cost Improvement : -0.00176387
Saved policy stats:  - Training Loss: 0.553773 (57%) - Validation Loss: 0.511107 (59%) - Cost Improvement : -0.00161226
Training finished, total time elapsed: 00:39:10.454
Generating 100000 samples based on policy type: NN_Policy
Progress (node 0 only):
>>>>>10>>>>>20>>>>>30>>>>>40>>>>>50>>>>>60>>>>>70>>>>>80>>>>>90>>>>>100
Simulator statistics 
100000 samples; 72% at Z>0.5; 45% at Z>1; 21% at Z>1.5; 7% at Z>2; 1% at Z>2.5; 0% at Z>3; 
Avg Mean of Q values: 202.486
Elapsed time: 00:40:03.843
loaded 100000 samples from /home/temizoz/DynaPlexFork/IO_DynaPlex/lost_sales_general_H4TO-iB41JGyNbeER6yR15zziHiCPlqIc3neMvteRIg__/samples_gen4.json
{"hidden_layers":[256,128,128,128],"type":"mlp"}
EPOCHS: 0 - Training Loss: 1.3438 (26%) - Validation Loss: 1.26552 (28%) - Cost Imp.: 0.194174 Time: 00:00:01.111
EPOCHS: 5 - Training Loss: 0.683037 (50%) - Validation Loss: 0.726166 (48%) - Cost Imp.: 0.0225618 Time: 00:00:06.524
EPOCHS: 10 - Training Loss: 0.615681 (54%) - Validation Loss: 0.571522 (56%) - Cost Imp.: 0.00480205 Time: 00:00:11.949
EPOCHS: 15 - Training Loss: 0.596182 (55%) - Validation Loss: 0.541223 (58%) - Cost Imp.: 0.00347164 Time: 00:00:17.361
EPOCHS: 20 - Training Loss: 0.605785 (54%) - Validation Loss: 0.540404 (58%) - Cost Imp.: 0.00296096 Time: 00:00:22.771
EPOCHS: 25 - Training Loss: 0.568281 (56%) - Validation Loss: 0.522856 (59%) - Cost Imp.: 0.000929805 Time: 00:00:28.194
EPOCHS: 30 - Training Loss: 0.57796 (56%) - Validation Loss: 0.565119 (56%) - Cost Imp.: 0.00499225 Time: 00:00:33.609
EPOCHS: 35 - Training Loss: 0.581332 (55%) - Validation Loss: 0.535069 (58%) - Cost Imp.: 0.00176009 Time: 00:00:39.018
EPOCHS: 40 - Training Loss: 0.565375 (56%) - Validation Loss: 0.527609 (59%) - Cost Imp.: 0.000573531 Time: 00:00:44.448
Actual Epochs/Max Epochs: 41/100 - Best Training Loss: 0.564438 (56%) - Best Validation Loss: 0.522856 (59%) - Best Cost Improvement : 0.000573531
Saved policy stats:  - Training Loss: 0.568281 (56%) - Validation Loss: 0.522856 (59%) - Cost Improvement : 0.000929805
Training finished, total time elapsed: 00:40:51.946
{"mean":11.19630339999999,"mean_stat_1":0.9832625734915176,"policy":{"id":"greedy_capped_base_stock"}}
{"mean":9.762420399999998,"mean_difference":-1.4338829999999927,"mean_gap":-12.806753700511491,"mean_stat_1":0.9667553291385959,"policy":{"gen":1,"id":"NN_Policy","nn_architecture":{"hidden_layers":[256,128,128,128],"type":"mlp"},"num_inputs":4,"num_outputs":15}}
{"mean":9.645090600000012,"mean_difference":-1.5512127999999787,"mean_gap":-13.854687074664126,"mean_stat_1":0.9568746305868405,"policy":{"gen":2,"id":"NN_Policy","nn_architecture":{"hidden_layers":[256,128,128,128],"type":"mlp"},"num_inputs":4,"num_outputs":15}}
{"mean":9.6433762,"mean_difference":-1.5529271999999903,"mean_gap":-13.869999271366579,"mean_stat_1":0.9578574314018166,"policy":{"gen":3,"id":"NN_Policy","nn_architecture":{"hidden_layers":[256,128,128,128],"type":"mlp"},"num_inputs":4,"num_outputs":15}}
{"mean":9.64280180000001,"mean_difference":-1.553501599999981,"mean_gap":-13.875129536057251,"mean_stat_1":0.9580391189203322,"policy":{"gen":4,"id":"NN_Policy","nn_architecture":{"hidden_layers":[256,128,128,128],"type":"mlp"},"num_inputs":4,"num_outputs":15}}
{"mean":9.643359799999988,"mean_difference":-1.5529436000000025,"mean_gap":-13.870145748283347,"mean_stat_1":0.9578570313695641,"policy":{"gen":5,"id":"NN_Policy","nn_architecture":{"hidden_layers":[256,128,128,128],"type":"mlp"},"num_inputs":4,"num_outputs":15}}
Best network:  4
{"leadtime":8,"mean_demand":[10.0],"p":9.0,"stdDemand":[3.1622776601683795]}
Generating 100000 samples based on policy type: greedy_capped_base_stock
Progress (node 0 only):
>>>>>10>>>>>20>>>>>30>>>>>40>>>>>50>>>>>60>>>>>70>>>>>80>>>>>90>>>>>100
Simulator statistics 
100000 samples; 78% at Z>0.5; 55% at Z>1; 31% at Z>1.5; 12% at Z>2; 2% at Z>2.5; 0% at Z>3; 
Avg Mean of Q values: 272.893
Elapsed time: 00:41:10.949
loaded 100000 samples from /home/temizoz/DynaPlexFork/IO_DynaPlex/lost_sales_general_Fh7Tm=qtX0e6pMBocbYm6oUjKuJVYmaNRoxqpfTcmgk__/samples_gen0.json
{"hidden_layers":[256,128,128,128],"type":"mlp"}
EPOCHS: 0 - Training Loss: 0.856145 (42%) - Validation Loss: 0.823273 (43%) - Cost Imp.: -3.49445 Time: 00:00:01.097
EPOCHS: 5 - Training Loss: 0.685308 (50%) - Validation Loss: 0.668639 (51%) - Cost Imp.: -3.51696 Time: 00:00:06.588
EPOCHS: 10 - Training Loss: 0.577159 (56%) - Validation Loss: 0.5593 (57%) - Cost Imp.: -3.5371 Time: 00:00:12.041
EPOCHS: 15 - Training Loss: 0.541629 (58%) - Validation Loss: 0.55043 (57%) - Cost Imp.: -3.55426 Time: 00:00:17.467
EPOCHS: 20 - Training Loss: 0.525907 (59%) - Validation Loss: 0.51096 (59%) - Cost Imp.: -3.55479 Time: 00:00:22.898
EPOCHS: 25 - Training Loss: 0.500145 (60%) - Validation Loss: 0.499163 (60%) - Cost Imp.: -3.55624 Time: 00:00:28.307
EPOCHS: 30 - Training Loss: 0.49421 (61%) - Validation Loss: 0.508489 (60%) - Cost Imp.: -3.55232 Time: 00:00:33.709
EPOCHS: 35 - Training Loss: 0.483553 (61%) - Validation Loss: 0.519922 (59%) - Cost Imp.: -3.55294 Time: 00:00:39.124
EPOCHS: 40 - Training Loss: 0.482956 (61%) - Validation Loss: 0.492729 (61%) - Cost Imp.: -3.55824 Time: 00:00:44.530
EPOCHS: 45 - Training Loss: 0.469369 (62%) - Validation Loss: 0.528592 (58%) - Cost Imp.: -3.57104 Time: 00:00:49.927
EPOCHS: 50 - Training Loss: 0.461624 (63%) - Validation Loss: 0.518179 (59%) - Cost Imp.: -3.55428 Time: 00:00:55.339
EPOCHS: 55 - Training Loss: 0.462108 (62%) - Validation Loss: 0.47391 (62%) - Cost Imp.: -3.56951 Time: 00:01:00.723
EPOCHS: 60 - Training Loss: 0.456628 (63%) - Validation Loss: 0.469945 (62%) - Cost Imp.: -3.56626 Time: 00:01:06.117
EPOCHS: 65 - Training Loss: 0.450861 (63%) - Validation Loss: 0.477467 (62%) - Cost Imp.: -3.56996 Time: 00:01:11.513
EPOCHS: 70 - Training Loss: 0.452168 (63%) - Validation Loss: 0.468131 (62%) - Cost Imp.: -3.56911 Time: 00:01:16.904
EPOCHS: 75 - Training Loss: 0.450307 (63%) - Validation Loss: 0.464975 (62%) - Cost Imp.: -3.56992 Time: 00:01:22.302
EPOCHS: 80 - Training Loss: 0.448163 (63%) - Validation Loss: 0.477075 (62%) - Cost Imp.: -3.5681 Time: 00:01:27.689
EPOCHS: 85 - Training Loss: 0.439234 (64%) - Validation Loss: 0.476269 (62%) - Cost Imp.: -3.57068 Time: 00:01:33.079
EPOCHS: 90 - Training Loss: 0.440648 (64%) - Validation Loss: 0.479996 (61%) - Cost Imp.: -3.56922 Time: 00:01:38.498
Actual Epochs/Max Epochs: 91/100 - Best Training Loss: 0.43895 (64%) - Best Validation Loss: 0.464975 (62%) - Best Cost Improvement : -3.57144
Saved policy stats:  - Training Loss: 0.450307 (63%) - Validation Loss: 0.464975 (62%) - Cost Improvement : -3.56992
Training finished, total time elapsed: 00:42:53.377
Generating 100000 samples based on policy type: NN_Policy
Progress (node 0 only):
>>>>>10>>>>>20>>>>>30>>>>>40>>>>>50>>>>>60>>>>>70>>>>>80>>>>>90>>>>>100
Simulator statistics 
100000 samples; 76% at Z>0.5; 52% at Z>1; 29% at Z>1.5; 11% at Z>2; 2% at Z>2.5; 0% at Z>3; 
Avg Mean of Q values: 222.313
Elapsed time: 00:43:49.223
loaded 100000 samples from /home/temizoz/DynaPlexFork/IO_DynaPlex/lost_sales_general_Fh7Tm=qtX0e6pMBocbYm6oUjKuJVYmaNRoxqpfTcmgk__/samples_gen1.json
{"hidden_layers":[256,128,128,128],"type":"mlp"}
EPOCHS: 0 - Training Loss: 1.03786 (35%) - Validation Loss: 0.940768 (39%) - Cost Imp.: -0.105947 Time: 00:00:01.095
EPOCHS: 5 - Training Loss: 0.84469 (42%) - Validation Loss: 0.821928 (43%) - Cost Imp.: -0.129217 Time: 00:00:06.595
EPOCHS: 10 - Training Loss: 0.636963 (52%) - Validation Loss: 0.60122 (54%) - Cost Imp.: -0.211686 Time: 00:00:12.079
EPOCHS: 15 - Training Loss: 0.571898 (56%) - Validation Loss: 0.569759 (56%) - Cost Imp.: -0.229678 Time: 00:00:17.533
EPOCHS: 20 - Training Loss: 0.537758 (58%) - Validation Loss: 0.598389 (54%) - Cost Imp.: -0.226361 Time: 00:00:22.982
EPOCHS: 25 - Training Loss: 0.539418 (58%) - Validation Loss: 0.523766 (59%) - Cost Imp.: -0.241054 Time: 00:00:28.420
EPOCHS: 30 - Training Loss: 0.52449 (59%) - Validation Loss: 0.535456 (58%) - Cost Imp.: -0.234089 Time: 00:00:33.842
EPOCHS: 35 - Training Loss: 0.514049 (59%) - Validation Loss: 0.519332 (59%) - Cost Imp.: -0.244678 Time: 00:00:39.265
EPOCHS: 40 - Training Loss: 0.508994 (60%) - Validation Loss: 0.53913 (58%) - Cost Imp.: -0.233349 Time: 00:00:44.667
EPOCHS: 45 - Training Loss: 0.504672 (60%) - Validation Loss: 0.511784 (59%) - Cost Imp.: -0.241867 Time: 00:00:50.074
EPOCHS: 50 - Training Loss: 0.49292 (61%) - Validation Loss: 0.513269 (59%) - Cost Imp.: -0.242309 Time: 00:00:55.479
EPOCHS: 55 - Training Loss: 0.499569 (60%) - Validation Loss: 0.537946 (58%) - Cost Imp.: -0.239474 Time: 00:01:00.886
EPOCHS: 60 - Training Loss: 0.498528 (60%) - Validation Loss: 0.55645 (57%) - Cost Imp.: -0.238677 Time: 00:01:06.294
EPOCHS: 65 - Training Loss: 0.490925 (61%) - Validation Loss: 0.505655 (60%) - Cost Imp.: -0.243153 Time: 00:01:11.707
EPOCHS: 70 - Training Loss: 0.496363 (60%) - Validation Loss: 0.513195 (59%) - Cost Imp.: -0.243932 Time: 00:01:17.126
EPOCHS: 75 - Training Loss: 0.485555 (61%) - Validation Loss: 0.513455 (59%) - Cost Imp.: -0.245911 Time: 00:01:22.553
Actual Epochs/Max Epochs: 78/100 - Best Training Loss: 0.483466 (61%) - Best Validation Loss: 0.504687 (60%) - Best Cost Improvement : -0.249124
Saved policy stats:  - Training Loss: 0.493867 (61%) - Validation Loss: 0.504687 (60%) - Cost Improvement : -0.249124
Training finished, total time elapsed: 00:45:17.992
Generating 100000 samples based on policy type: NN_Policy
Progress (node 0 only):
>>>>>10>>>>>20>>>>>30>>>>>40>>>>>50>>>>>60>>>>>70>>>>>80>>>>>90>>>>>100
Simulator statistics 
100000 samples; 67% at Z>0.5; 37% at Z>1; 15% at Z>1.5; 3% at Z>2; 0% at Z>2.5; 0% at Z>3; 
Avg Mean of Q values: 224.222
Elapsed time: 00:46:12.896
loaded 100000 samples from /home/temizoz/DynaPlexFork/IO_DynaPlex/lost_sales_general_Fh7Tm=qtX0e6pMBocbYm6oUjKuJVYmaNRoxqpfTcmgk__/samples_gen2.json
{"hidden_layers":[256,128,128,128],"type":"mlp"}
EPOCHS: 0 - Training Loss: 1.20447 (29%) - Validation Loss: 1.11872 (32%) - Cost Imp.: 0.0737307 Time: 00:00:01.097
EPOCHS: 5 - Training Loss: 1.04973 (35%) - Validation Loss: 1.04639 (35%) - Cost Imp.: 0.0320594 Time: 00:00:06.609
EPOCHS: 10 - Training Loss: 0.851934 (42%) - Validation Loss: 0.765592 (46%) - Cost Imp.: -0.0290589 Time: 00:00:12.100
EPOCHS: 15 - Training Loss: 0.770289 (46%) - Validation Loss: 1.03037 (35%) - Cost Imp.: 0.0116391 Time: 00:00:17.552
EPOCHS: 20 - Training Loss: 0.723108 (48%) - Validation Loss: 0.684303 (50%) - Cost Imp.: -0.0412844 Time: 00:00:23.000
EPOCHS: 25 - Training Loss: 0.711701 (49%) - Validation Loss: 0.750723 (47%) - Cost Imp.: -0.034084 Time: 00:00:28.436
EPOCHS: 30 - Training Loss: 0.715356 (48%) - Validation Loss: 0.670756 (51%) - Cost Imp.: -0.0414292 Time: 00:00:33.870
EPOCHS: 35 - Training Loss: 0.687753 (50%) - Validation Loss: 0.64674 (52%) - Cost Imp.: -0.0475008 Time: 00:00:39.309
EPOCHS: 40 - Training Loss: 0.691724 (50%) - Validation Loss: 0.645499 (52%) - Cost Imp.: -0.0461679 Time: 00:00:44.728
EPOCHS: 45 - Training Loss: 0.676979 (50%) - Validation Loss: 0.652025 (52%) - Cost Imp.: -0.0475122 Time: 00:00:50.164
EPOCHS: 50 - Training Loss: 0.670396 (51%) - Validation Loss: 0.656293 (51%) - Cost Imp.: -0.0452403 Time: 00:00:55.595
EPOCHS: 55 - Training Loss: 0.66616 (51%) - Validation Loss: 0.655443 (51%) - Cost Imp.: -0.0466169 Time: 00:01:01.020
EPOCHS: 60 - Training Loss: 0.681835 (50%) - Validation Loss: 0.638622 (52%) - Cost Imp.: -0.0500695 Time: 00:01:06.445
EPOCHS: 65 - Training Loss: 0.666405 (51%) - Validation Loss: 0.685681 (50%) - Cost Imp.: -0.0397877 Time: 00:01:11.883
EPOCHS: 70 - Training Loss: 0.657443 (51%) - Validation Loss: 0.640799 (52%) - Cost Imp.: -0.0497752 Time: 00:01:17.322
EPOCHS: 75 - Training Loss: 0.659579 (51%) - Validation Loss: 0.651817 (52%) - Cost Imp.: -0.044885 Time: 00:01:22.770
Actual Epochs/Max Epochs: 78/100 - Best Training Loss: 0.650194 (52%) - Best Validation Loss: 0.628043 (53%) - Best Cost Improvement : -0.0513824
Saved policy stats:  - Training Loss: 0.671391 (51%) - Validation Loss: 0.628043 (53%) - Cost Improvement : -0.0496155
Training finished, total time elapsed: 00:47:41.845
Generating 100000 samples based on policy type: NN_Policy
Progress (node 0 only):
>>>>>10>>>>>20>>>>>30>>>>>40>>>>>50>>>>>60>>>>>70>>>>>80>>>>>90>>>>>100
Simulator statistics 
100000 samples; 71% at Z>0.5; 43% at Z>1; 20% at Z>1.5; 6% at Z>2; 1% at Z>2.5; 0% at Z>3; 
Avg Mean of Q values: 222.64
Elapsed time: 00:48:36.720
loaded 100000 samples from /home/temizoz/DynaPlexFork/IO_DynaPlex/lost_sales_general_Fh7Tm=qtX0e6pMBocbYm6oUjKuJVYmaNRoxqpfTcmgk__/samples_gen3.json
{"hidden_layers":[256,128,128,128],"type":"mlp"}
EPOCHS: 0 - Training Loss: 1.10446 (33%) - Validation Loss: 1.04661 (35%) - Cost Imp.: 0.0983389 Time: 00:00:01.097
EPOCHS: 5 - Training Loss: 0.936528 (39%) - Validation Loss: 0.931048 (39%) - Cost Imp.: 0.0662286 Time: 00:00:06.601
EPOCHS: 10 - Training Loss: 0.767618 (46%) - Validation Loss: 0.831419 (43%) - Cost Imp.: 0.0381124 Time: 00:00:12.066
EPOCHS: 15 - Training Loss: 0.647279 (52%) - Validation Loss: 0.687643 (50%) - Cost Imp.: 0.0102369 Time: 00:00:17.507
EPOCHS: 20 - Training Loss: 0.615946 (54%) - Validation Loss: 0.633334 (53%) - Cost Imp.: 0.00416249 Time: 00:00:22.968
EPOCHS: 25 - Training Loss: 0.622315 (53%) - Validation Loss: 0.837067 (43%) - Cost Imp.: 0.0328003 Time: 00:00:28.414
EPOCHS: 30 - Training Loss: 0.599172 (54%) - Validation Loss: 0.596172 (55%) - Cost Imp.: -0.00112529 Time: 00:00:33.852
EPOCHS: 35 - Training Loss: 0.600583 (54%) - Validation Loss: 0.578054 (56%) - Cost Imp.: -0.00311275 Time: 00:00:39.291
EPOCHS: 40 - Training Loss: 0.590007 (55%) - Validation Loss: 0.602329 (54%) - Cost Imp.: 0.000894882 Time: 00:00:44.719
EPOCHS: 45 - Training Loss: 0.587048 (55%) - Validation Loss: 0.584086 (55%) - Cost Imp.: -0.00114922 Time: 00:00:50.143
EPOCHS: 50 - Training Loss: 0.57298 (56%) - Validation Loss: 0.630104 (53%) - Cost Imp.: 0.00404412 Time: 00:00:55.571
EPOCHS: 55 - Training Loss: 0.585281 (55%) - Validation Loss: 0.660709 (51%) - Cost Imp.: 0.00756023 Time: 00:01:00.993
EPOCHS: 60 - Training Loss: 0.580665 (55%) - Validation Loss: 0.566189 (56%) - Cost Imp.: -0.0052691 Time: 00:01:06.418
EPOCHS: 65 - Training Loss: 0.567083 (56%) - Validation Loss: 0.57273 (56%) - Cost Imp.: -0.00421667 Time: 00:01:11.840
EPOCHS: 70 - Training Loss: 0.568829 (56%) - Validation Loss: 0.571156 (56%) - Cost Imp.: -0.00352786 Time: 00:01:17.260
EPOCHS: 75 - Training Loss: 0.562063 (57%) - Validation Loss: 0.564975 (56%) - Cost Imp.: -0.00441249 Time: 00:01:22.694
EPOCHS: 80 - Training Loss: 0.565144 (56%) - Validation Loss: 0.565553 (56%) - Cost Imp.: -0.00378549 Time: 00:01:28.120
EPOCHS: 85 - Training Loss: 0.560784 (57%) - Validation Loss: 0.556065 (57%) - Cost Imp.: -0.00661616 Time: 00:01:33.544
Actual Epochs/Max Epochs: 89/100 - Best Training Loss: 0.556805 (57%) - Best Validation Loss: 0.554171 (57%) - Best Cost Improvement : -0.00661616
Saved policy stats:  - Training Loss: 0.564477 (56%) - Validation Loss: 0.554171 (57%) - Cost Improvement : -0.00618078
Training finished, total time elapsed: 00:50:17.392
Generating 100000 samples based on policy type: NN_Policy
Progress (node 0 only):
>>>>>10>>>>>20>>>>>30>>>>>40>>>>>50>>>>>60>>>>>70>>>>>80>>>>>90>>>>>100
Simulator statistics 
100000 samples; 71% at Z>0.5; 43% at Z>1; 19% at Z>1.5; 5% at Z>2; 0% at Z>2.5; 0% at Z>3; 
Avg Mean of Q values: 222.423
Elapsed time: 00:51:14.075
loaded 100000 samples from /home/temizoz/DynaPlexFork/IO_DynaPlex/lost_sales_general_Fh7Tm=qtX0e6pMBocbYm6oUjKuJVYmaNRoxqpfTcmgk__/samples_gen4.json
{"hidden_layers":[256,128,128,128],"type":"mlp"}
EPOCHS: 0 - Training Loss: 1.09915 (33%) - Validation Loss: 1.04196 (35%) - Cost Imp.: 0.096837 Time: 00:00:01.098
EPOCHS: 5 - Training Loss: 0.935219 (39%) - Validation Loss: 0.919201 (39%) - Cost Imp.: 0.0759862 Time: 00:00:06.560
EPOCHS: 10 - Training Loss: 0.742917 (47%) - Validation Loss: 0.806565 (44%) - Cost Imp.: 0.042578 Time: 00:00:12.021
EPOCHS: 15 - Training Loss: 0.643259 (52%) - Validation Loss: 0.606911 (54%) - Cost Imp.: 0.00291409 Time: 00:00:17.465
EPOCHS: 20 - Training Loss: 0.632407 (53%) - Validation Loss: 0.583861 (55%) - Cost Imp.: 0.00119984 Time: 00:00:22.884
EPOCHS: 25 - Training Loss: 0.614916 (54%) - Validation Loss: 0.59072 (55%) - Cost Imp.: 0.00203707 Time: 00:00:28.307
EPOCHS: 30 - Training Loss: 0.619616 (53%) - Validation Loss: 0.598715 (54%) - Cost Imp.: 0.00274606 Time: 00:00:33.737
EPOCHS: 35 - Training Loss: 0.6034 (54%) - Validation Loss: 0.675737 (50%) - Cost Imp.: 0.0161787 Time: 00:00:39.146
EPOCHS: 40 - Training Loss: 0.591677 (55%) - Validation Loss: 0.580894 (55%) - Cost Imp.: 0.000746019 Time: 00:00:44.555
EPOCHS: 45 - Training Loss: 0.596865 (55%) - Validation Loss: 0.603757 (54%) - Cost Imp.: 0.00384187 Time: 00:00:49.958
EPOCHS: 50 - Training Loss: 0.651049 (52%) - Validation Loss: 0.677217 (50%) - Cost Imp.: 0.0108802 Time: 00:00:55.368
Actual Epochs/Max Epochs: 53/100 - Best Training Loss: 0.580217 (55%) - Best Validation Loss: 0.567129 (56%) - Best Cost Improvement : 4.96423e-05
Saved policy stats:  - Training Loss: 0.590943 (55%) - Validation Loss: 0.567129 (56%) - Cost Improvement : 0.000656424
Training finished, total time elapsed: 00:52:15.528
{"mean":14.430073800000027,"mean_stat_1":0.9855879840678808,"policy":{"id":"greedy_capped_base_stock"}}
{"mean":10.902599000000011,"mean_difference":-3.5274748000000162,"mean_gap":-24.44529978772534,"mean_stat_1":0.9604522811277554,"policy":{"gen":1,"id":"NN_Policy","nn_architecture":{"hidden_layers":[256,128,128,128],"type":"mlp"},"num_inputs":8,"num_outputs":15}}
{"mean":10.639727600000016,"mean_difference":-3.7903462000000108,"mean_gap":-26.266991094667887,"mean_stat_1":0.9398577640722091,"policy":{"gen":2,"id":"NN_Policy","nn_architecture":{"hidden_layers":[256,128,128,128],"type":"mlp"},"num_inputs":8,"num_outputs":15}}
{"mean":10.597688199999993,"mean_difference":-3.832385600000034,"mean_gap":-26.55832293802979,"mean_stat_1":0.946859711506345,"policy":{"gen":3,"id":"NN_Policy","nn_architecture":{"hidden_layers":[256,128,128,128],"type":"mlp"},"num_inputs":8,"num_outputs":15}}
{"mean":10.5937202,"mean_difference":-3.8363536000000273,"mean_gap":-26.5858210648931,"mean_stat_1":0.9471722228992498,"policy":{"gen":4,"id":"NN_Policy","nn_architecture":{"hidden_layers":[256,128,128,128],"type":"mlp"},"num_inputs":8,"num_outputs":15}}
{"mean":10.593747800000013,"mean_difference":-3.836326000000014,"mean_gap":-26.585629797679942,"mean_stat_1":0.9470424227660985,"policy":{"gen":5,"id":"NN_Policy","nn_architecture":{"hidden_layers":[256,128,128,128],"type":"mlp"},"num_inputs":8,"num_outputs":15}}
Best network:  4
{"leadtime":4,"mean_demand":[10.0],"p":9.0,"stdDemand":[10.488088481701515]}
Generating 100000 samples based on policy type: greedy_capped_base_stock
Progress (node 0 only):
>>>>>10>>>>>20>>>>>30>>>>>40>>>>>50>>>>>60>>>>>70>>>>>80>>>>>90>>>>>100
Simulator statistics 
100000 samples; 42% at Z>0.5; 5% at Z>1; 0% at Z>1.5; 0% at Z>2; 0% at Z>2.5; 0% at Z>3; 
Avg Mean of Q values: 788.682
Elapsed time: 00:52:35.582
loaded 100000 samples from /home/temizoz/DynaPlexFork/IO_DynaPlex/lost_sales_general_UJgPiy=zhIUI7QVOKcXu0zZFxoiDuTiMJQG4x6Wdx3U__/samples_gen0.json
{"hidden_layers":[256,128,128,128],"type":"mlp"}
EPOCHS: 0 - Training Loss: 2.00664 (13%) - Validation Loss: 1.92474 (14%) - Cost Imp.: -6.78423 Time: 00:00:01.055
EPOCHS: 5 - Training Loss: 1.44843 (23%) - Validation Loss: 1.40894 (24%) - Cost Imp.: -7.03036 Time: 00:00:06.278
EPOCHS: 10 - Training Loss: 1.4156 (24%) - Validation Loss: 1.41723 (24%) - Cost Imp.: -7.02571 Time: 00:00:11.506
EPOCHS: 15 - Training Loss: 1.39743 (24%) - Validation Loss: 1.39451 (24%) - Cost Imp.: -7.02139 Time: 00:00:16.731
EPOCHS: 20 - Training Loss: 1.39956 (24%) - Validation Loss: 1.39327 (24%) - Cost Imp.: -7.03228 Time: 00:00:21.929
EPOCHS: 25 - Training Loss: 1.38648 (24%) - Validation Loss: 1.36154 (25%) - Cost Imp.: -7.03439 Time: 00:00:27.127
EPOCHS: 30 - Training Loss: 1.37598 (25%) - Validation Loss: 1.36477 (25%) - Cost Imp.: -7.03154 Time: 00:00:32.315
EPOCHS: 35 - Training Loss: 1.36601 (25%) - Validation Loss: 1.38538 (25%) - Cost Imp.: -7.03526 Time: 00:00:37.502
EPOCHS: 40 - Training Loss: 1.36569 (25%) - Validation Loss: 1.37246 (25%) - Cost Imp.: -7.03456 Time: 00:00:42.699
EPOCHS: 45 - Training Loss: 1.36575 (25%) - Validation Loss: 1.38094 (25%) - Cost Imp.: -7.03159 Time: 00:00:47.880
EPOCHS: 50 - Training Loss: 1.35965 (25%) - Validation Loss: 1.37879 (25%) - Cost Imp.: -7.03188 Time: 00:00:53.068
Actual Epochs/Max Epochs: 52/100 - Best Training Loss: 1.35232 (25%) - Best Validation Loss: 1.35621 (25%) - Best Cost Improvement : -7.03689
Saved policy stats:  - Training Loss: 1.37038 (25%) - Validation Loss: 1.35621 (25%) - Cost Improvement : -7.03452
Training finished, total time elapsed: 00:53:34.194
Generating 100000 samples based on policy type: NN_Policy
Progress (node 0 only):
>>>>>10>>>>>20>>>>>30>>>>>40>>>>>50>>>>>60>>>>>70>>>>>80>>>>>90>>>>>100
Simulator statistics 
100000 samples; 44% at Z>0.5; 7% at Z>1; 0% at Z>1.5; 0% at Z>2; 0% at Z>2.5; 0% at Z>3; 
Avg Mean of Q values: 669.96
Elapsed time: 00:55:01.910
loaded 100000 samples from /home/temizoz/DynaPlexFork/IO_DynaPlex/lost_sales_general_UJgPiy=zhIUI7QVOKcXu0zZFxoiDuTiMJQG4x6Wdx3U__/samples_gen1.json
{"hidden_layers":[256,128,128,128],"type":"mlp"}
EPOCHS: 0 - Training Loss: 2.11649 (12%) - Validation Loss: 2.19701 (11%) - Cost Imp.: -0.149274 Time: 00:00:01.072
EPOCHS: 5 - Training Loss: 1.36633 (25%) - Validation Loss: 1.29693 (27%) - Cost Imp.: -0.420415 Time: 00:00:06.300
EPOCHS: 10 - Training Loss: 1.3137 (26%) - Validation Loss: 1.3252 (26%) - Cost Imp.: -0.407885 Time: 00:00:11.528
EPOCHS: 15 - Training Loss: 1.31825 (26%) - Validation Loss: 1.28097 (27%) - Cost Imp.: -0.428751 Time: 00:00:16.751
EPOCHS: 20 - Training Loss: 1.30743 (27%) - Validation Loss: 1.29942 (27%) - Cost Imp.: -0.411836 Time: 00:00:21.975
EPOCHS: 25 - Training Loss: 1.30733 (27%) - Validation Loss: 1.26501 (28%) - Cost Imp.: -0.424581 Time: 00:00:27.204
Actual Epochs/Max Epochs: 28/100 - Best Training Loss: 1.29159 (27%) - Best Validation Loss: 1.26232 (28%) - Best Cost Improvement : -0.431017
Saved policy stats:  - Training Loss: 1.32424 (26%) - Validation Loss: 1.26232 (28%) - Cost Improvement : -0.425953
Training finished, total time elapsed: 00:55:36.176
Generating 100000 samples based on policy type: NN_Policy
Progress (node 0 only):
>>>>>10>>>>>20>>>>>30>>>>>40>>>>>50>>>>>60>>>>>70>>>>>80>>>>>90>>>>>100
Simulator statistics 
100000 samples; 45% at Z>0.5; 8% at Z>1; 0% at Z>1.5; 0% at Z>2; 0% at Z>2.5; 0% at Z>3; 
Avg Mean of Q values: 668.312
Elapsed time: 00:57:03.834
loaded 100000 samples from /home/temizoz/DynaPlexFork/IO_DynaPlex/lost_sales_general_UJgPiy=zhIUI7QVOKcXu0zZFxoiDuTiMJQG4x6Wdx3U__/samples_gen2.json
{"hidden_layers":[256,128,128,128],"type":"mlp"}
EPOCHS: 0 - Training Loss: 2.10551 (12%) - Validation Loss: 1.90305 (14%) - Cost Imp.: 0.249147 Time: 00:00:01.051
EPOCHS: 5 - Training Loss: 1.32626 (26%) - Validation Loss: 1.32166 (26%) - Cost Imp.: -0.037724 Time: 00:00:06.262
EPOCHS: 10 - Training Loss: 1.28825 (27%) - Validation Loss: 1.25321 (28%) - Cost Imp.: -0.0643161 Time: 00:00:11.520
EPOCHS: 15 - Training Loss: 1.27468 (27%) - Validation Loss: 1.23372 (29%) - Cost Imp.: -0.0643639 Time: 00:00:16.753
EPOCHS: 20 - Training Loss: 1.2831 (27%) - Validation Loss: 1.31179 (26%) - Cost Imp.: -0.0427953 Time: 00:00:21.976
EPOCHS: 25 - Training Loss: 1.27039 (28%) - Validation Loss: 1.26011 (28%) - Cost Imp.: -0.0642691 Time: 00:00:27.206
EPOCHS: 30 - Training Loss: 1.25548 (28%) - Validation Loss: 1.22843 (29%) - Cost Imp.: -0.0676039 Time: 00:00:32.426
EPOCHS: 35 - Training Loss: 1.2467 (28%) - Validation Loss: 1.27594 (27%) - Cost Imp.: -0.0490301 Time: 00:00:37.638
EPOCHS: 40 - Training Loss: 1.24711 (28%) - Validation Loss: 1.23217 (29%) - Cost Imp.: -0.0653058 Time: 00:00:42.850
Actual Epochs/Max Epochs: 43/100 - Best Training Loss: 1.2467 (28%) - Best Validation Loss: 1.22282 (29%) - Best Cost Improvement : -0.0676039
Saved policy stats:  - Training Loss: 1.25807 (28%) - Validation Loss: 1.22282 (29%) - Cost Improvement : -0.0644451
Training finished, total time elapsed: 00:57:53.818
Generating 100000 samples based on policy type: NN_Policy
Progress (node 0 only):
>>>>>10>>>>>20>>>>>30>>>>>40>>>>>50>>>>>60>>>>>70>>>>>80>>>>>90>>>>>100
Simulator statistics 
100000 samples; 46% at Z>0.5; 8% at Z>1; 0% at Z>1.5; 0% at Z>2; 0% at Z>2.5; 0% at Z>3; 
Avg Mean of Q values: 666.845
Elapsed time: 00:59:19.157
loaded 100000 samples from /home/temizoz/DynaPlexFork/IO_DynaPlex/lost_sales_general_UJgPiy=zhIUI7QVOKcXu0zZFxoiDuTiMJQG4x6Wdx3U__/samples_gen3.json
{"hidden_layers":[256,128,128,128],"type":"mlp"}
EPOCHS: 0 - Training Loss: 2.09263 (12%) - Validation Loss: 1.9377 (14%) - Cost Imp.: 0.486115 Time: 00:00:01.047
EPOCHS: 5 - Training Loss: 1.27545 (27%) - Validation Loss: 1.34936 (25%) - Cost Imp.: 0.0375634 Time: 00:00:06.276
EPOCHS: 10 - Training Loss: 1.24489 (28%) - Validation Loss: 1.26842 (28%) - Cost Imp.: 0.0210947 Time: 00:00:11.503
EPOCHS: 15 - Training Loss: 1.23906 (28%) - Validation Loss: 1.20867 (29%) - Cost Imp.: -0.00282024 Time: 00:00:16.717
EPOCHS: 20 - Training Loss: 1.23444 (29%) - Validation Loss: 1.19511 (30%) - Cost Imp.: 0.00259354 Time: 00:00:21.939
EPOCHS: 25 - Training Loss: 1.22841 (29%) - Validation Loss: 1.27868 (27%) - Cost Imp.: 0.0213965 Time: 00:00:27.142
EPOCHS: 30 - Training Loss: 1.21755 (29%) - Validation Loss: 1.18571 (30%) - Cost Imp.: 0.00228903 Time: 00:00:32.344
EPOCHS: 35 - Training Loss: 1.23172 (29%) - Validation Loss: 1.18906 (30%) - Cost Imp.: 0.000176101 Time: 00:00:37.541
EPOCHS: 40 - Training Loss: 1.20506 (29%) - Validation Loss: 1.18184 (30%) - Cost Imp.: -0.00218816 Time: 00:00:42.741
EPOCHS: 45 - Training Loss: 1.20342 (30%) - Validation Loss: 1.20956 (29%) - Cost Imp.: -0.0015346 Time: 00:00:47.937
EPOCHS: 50 - Training Loss: 1.21599 (29%) - Validation Loss: 1.18943 (30%) - Cost Imp.: 0.00545007 Time: 00:00:53.135
EPOCHS: 55 - Training Loss: 1.20732 (29%) - Validation Loss: 1.17938 (30%) - Cost Imp.: -0.000498495 Time: 00:00:58.338
EPOCHS: 60 - Training Loss: 1.20757 (29%) - Validation Loss: 1.18973 (30%) - Cost Imp.: -0.00348439 Time: 00:01:03.533
EPOCHS: 65 - Training Loss: 1.19475 (30%) - Validation Loss: 1.18718 (30%) - Cost Imp.: -0.00112862 Time: 00:01:08.730
EPOCHS: 70 - Training Loss: 1.19844 (30%) - Validation Loss: 1.18175 (30%) - Cost Imp.: 0.000192198 Time: 00:01:13.926
EPOCHS: 75 - Training Loss: 1.19474 (30%) - Validation Loss: 1.23518 (29%) - Cost Imp.: 0.0128763 Time: 00:01:19.099
Actual Epochs/Max Epochs: 79/100 - Best Training Loss: 1.19227 (30%) - Best Validation Loss: 1.17466 (30%) - Best Cost Improvement : -0.00416329
Saved policy stats:  - Training Loss: 1.20535 (29%) - Validation Loss: 1.17466 (30%) - Cost Improvement : -0.00166032
Training finished, total time elapsed: 01:00:46.303
Generating 100000 samples based on policy type: NN_Policy
Progress (node 0 only):
>>>>>10>>>>>20>>>>>30>>>>>40>>>>>50>>>>>60>>>>>70>>>>>80>>>>>90>>>>>100
Simulator statistics 
100000 samples; 46% at Z>0.5; 8% at Z>1; 0% at Z>1.5; 0% at Z>2; 0% at Z>2.5; 0% at Z>3; 
Avg Mean of Q values: 666.922
Elapsed time: 01:02:13.126
loaded 100000 samples from /home/temizoz/DynaPlexFork/IO_DynaPlex/lost_sales_general_UJgPiy=zhIUI7QVOKcXu0zZFxoiDuTiMJQG4x6Wdx3U__/samples_gen4.json
{"hidden_layers":[256,128,128,128],"type":"mlp"}
EPOCHS: 0 - Training Loss: 2.1116 (12%) - Validation Loss: 1.98738 (13%) - Cost Imp.: 0.504466 Time: 00:00:01.053
EPOCHS: 5 - Training Loss: 1.28361 (27%) - Validation Loss: 1.21577 (29%) - Cost Imp.: 0.0104921 Time: 00:00:06.229
EPOCHS: 10 - Training Loss: 1.24106 (28%) - Validation Loss: 1.2295 (29%) - Cost Imp.: 0.0056449 Time: 00:00:11.396
EPOCHS: 15 - Training Loss: 1.23779 (29%) - Validation Loss: 1.19229 (30%) - Cost Imp.: 0.00416735 Time: 00:00:16.602
EPOCHS: 20 - Training Loss: 1.22434 (29%) - Validation Loss: 1.25318 (28%) - Cost Imp.: 0.00840702 Time: 00:00:21.809
EPOCHS: 25 - Training Loss: 1.231 (29%) - Validation Loss: 1.28214 (27%) - Cost Imp.: 0.00982258 Time: 00:00:27.012
EPOCHS: 30 - Training Loss: 1.20998 (29%) - Validation Loss: 1.17601 (30%) - Cost Imp.: 0.00727858 Time: 00:00:32.207
EPOCHS: 35 - Training Loss: 1.22072 (29%) - Validation Loss: 1.17449 (30%) - Cost Imp.: 0.00480212 Time: 00:00:37.387
EPOCHS: 40 - Training Loss: 1.20582 (29%) - Validation Loss: 1.23315 (29%) - Cost Imp.: 0.00498912 Time: 00:00:42.592
EPOCHS: 45 - Training Loss: 1.20546 (29%) - Validation Loss: 1.17314 (30%) - Cost Imp.: 0.00638398 Time: 00:00:47.785
EPOCHS: 50 - Training Loss: 1.20238 (30%) - Validation Loss: 1.25023 (28%) - Cost Imp.: 0.0188422 Time: 00:00:52.993
EPOCHS: 55 - Training Loss: 1.20345 (30%) - Validation Loss: 1.22342 (29%) - Cost Imp.: 0.0036785 Time: 00:00:58.194
EPOCHS: 60 - Training Loss: 1.19549 (30%) - Validation Loss: 1.17709 (30%) - Cost Imp.: 0.00847335 Time: 00:01:03.398
EPOCHS: 65 - Training Loss: 1.19619 (30%) - Validation Loss: 1.17175 (30%) - Cost Imp.: 0.00366016 Time: 00:01:08.601
Actual Epochs/Max Epochs: 70/100 - Best Training Loss: 1.19318 (30%) - Best Validation Loss: 1.16009 (31%) - Best Cost Improvement : -0.00170829
Saved policy stats:  - Training Loss: 1.2068 (29%) - Validation Loss: 1.16009 (31%) - Cost Improvement : 0.00181478
Training finished, total time elapsed: 01:03:30.914
{"mean":39.33685399999999,"mean_stat_1":0.9349945222125541,"policy":{"id":"greedy_capped_base_stock"}}
{"mean":32.1631702,"mean_difference":-7.173683799999985,"mean_gap":-18.236546827054312,"mean_stat_1":0.850868777147779,"policy":{"gen":1,"id":"NN_Policy","nn_architecture":{"hidden_layers":[256,128,128,128],"type":"mlp"},"num_inputs":4,"num_outputs":25}}
{"mean":31.76771140000003,"mean_difference":-7.569142599999957,"mean_gap":-19.24186057176804,"mean_stat_1":0.8177594439735048,"policy":{"gen":2,"id":"NN_Policy","nn_architecture":{"hidden_layers":[256,128,128,128],"type":"mlp"},"num_inputs":4,"num_outputs":25}}
{"mean":31.736729200000006,"mean_difference":-7.600124799999982,"mean_gap":-19.320621827053035,"mean_stat_1":0.8278001868667723,"policy":{"gen":3,"id":"NN_Policy","nn_architecture":{"hidden_layers":[256,128,128,128],"type":"mlp"},"num_inputs":4,"num_outputs":25}}
{"mean":31.736222400000013,"mean_difference":-7.600631599999975,"mean_gap":-19.321910186310216,"mean_stat_1":0.8276283163934051,"policy":{"gen":4,"id":"NN_Policy","nn_architecture":{"hidden_layers":[256,128,128,128],"type":"mlp"},"num_inputs":4,"num_outputs":25}}
{"mean":31.735903199999992,"mean_difference":-7.600950799999996,"mean_gap":-19.3227216391021,"mean_stat_1":0.8278958271667161,"policy":{"gen":5,"id":"NN_Policy","nn_architecture":{"hidden_layers":[256,128,128,128],"type":"mlp"},"num_inputs":4,"num_outputs":25}}
Best network:  5
{"leadtime":8,"mean_demand":[10.0],"p":9.0,"stdDemand":[10.488088481701515]}
Generating 100000 samples based on policy type: greedy_capped_base_stock
Progress (node 0 only):
>>>>>10>>>>>20>>>>>30>>>>>40>>>>>50>>>>>60>>>>>70>>>>>80>>>>>90>>>>>100
Simulator statistics 
100000 samples; 49% at Z>0.5; 7% at Z>1; 1% at Z>1.5; 0% at Z>2; 0% at Z>2.5; 0% at Z>3; 
Avg Mean of Q values: 920.17
Elapsed time: 01:03:51.241
loaded 100000 samples from /home/temizoz/DynaPlexFork/IO_DynaPlex/lost_sales_general_l0lqV5olJ6TKGPf0NUDdG1DX4bz=ltrztTgHnMQjc0I__/samples_gen0.json
{"hidden_layers":[256,128,128,128],"type":"mlp"}
EPOCHS: 0 - Training Loss: 1.59002 (20%) - Validation Loss: 1.50532 (22%) - Cost Imp.: -14.8865 Time: 00:00:01.062
EPOCHS: 5 - Training Loss: 1.3704 (25%) - Validation Loss: 1.312 (26%) - Cost Imp.: -15.0533 Time: 00:00:06.338
EPOCHS: 10 - Training Loss: 1.23452 (29%) - Validation Loss: 1.24734 (28%) - Cost Imp.: -15.0629 Time: 00:00:11.567
EPOCHS: 15 - Training Loss: 1.21076 (29%) - Validation Loss: 1.21146 (29%) - Cost Imp.: -15.0738 Time: 00:00:16.769
EPOCHS: 20 - Training Loss: 1.19553 (30%) - Validation Loss: 1.20389 (30%) - Cost Imp.: -15.0764 Time: 00:00:21.960
EPOCHS: 25 - Training Loss: 1.18399 (30%) - Validation Loss: 1.19709 (30%) - Cost Imp.: -15.0805 Time: 00:00:27.146
EPOCHS: 30 - Training Loss: 1.18339 (30%) - Validation Loss: 1.24565 (28%) - Cost Imp.: -15.0686 Time: 00:00:32.332
EPOCHS: 35 - Training Loss: 1.17279 (30%) - Validation Loss: 1.23448 (29%) - Cost Imp.: -15.0765 Time: 00:00:37.506
EPOCHS: 40 - Training Loss: 1.17164 (30%) - Validation Loss: 1.2002 (30%) - Cost Imp.: -15.0815 Time: 00:00:42.670
EPOCHS: 45 - Training Loss: 1.16485 (31%) - Validation Loss: 1.20119 (30%) - Cost Imp.: -15.0806 Time: 00:00:47.846
EPOCHS: 50 - Training Loss: 1.15825 (31%) - Validation Loss: 1.22162 (29%) - Cost Imp.: -15.0763 Time: 00:00:53.005
EPOCHS: 55 - Training Loss: 1.15309 (31%) - Validation Loss: 1.23416 (29%) - Cost Imp.: -15.0791 Time: 00:00:58.200
Actual Epochs/Max Epochs: 57/100 - Best Training Loss: 1.15214 (31%) - Best Validation Loss: 1.19626 (30%) - Best Cost Improvement : -15.0864
Saved policy stats:  - Training Loss: 1.16783 (31%) - Validation Loss: 1.19626 (30%) - Cost Improvement : -15.0832
Training finished, total time elapsed: 01:04:55.506
Generating 100000 samples based on policy type: NN_Policy
Progress (node 0 only):
>>>>>10>>>>>20>>>>>30>>>>>40>>>>>50>>>>>60>>>>>70>>>>>80>>>>>90>>>>>100
Simulator statistics 
100000 samples; 47% at Z>0.5; 8% at Z>1; 0% at Z>1.5; 0% at Z>2; 0% at Z>2.5; 0% at Z>3; 
Avg Mean of Q values: 703.945
Elapsed time: 01:06:25.257
loaded 100000 samples from /home/temizoz/DynaPlexFork/IO_DynaPlex/lost_sales_general_l0lqV5olJ6TKGPf0NUDdG1DX4bz=ltrztTgHnMQjc0I__/samples_gen1.json
{"hidden_layers":[256,128,128,128],"type":"mlp"}
EPOCHS: 0 - Training Loss: 1.87522 (15%) - Validation Loss: 1.78142 (16%) - Cost Imp.: 0.0010596 Time: 00:00:01.057
EPOCHS: 5 - Training Loss: 1.35466 (25%) - Validation Loss: 1.31074 (26%) - Cost Imp.: -0.307009 Time: 00:00:06.295
EPOCHS: 10 - Training Loss: 1.27495 (27%) - Validation Loss: 1.24352 (28%) - Cost Imp.: -0.320117 Time: 00:00:11.556
EPOCHS: 15 - Training Loss: 1.24792 (28%) - Validation Loss: 1.2234 (29%) - Cost Imp.: -0.322936 Time: 00:00:16.804
EPOCHS: 20 - Training Loss: 1.24616 (28%) - Validation Loss: 1.22541 (29%) - Cost Imp.: -0.323318 Time: 00:00:22.043
EPOCHS: 25 - Training Loss: 1.22876 (29%) - Validation Loss: 1.21829 (29%) - Cost Imp.: -0.322251 Time: 00:00:27.287
EPOCHS: 30 - Training Loss: 1.21455 (29%) - Validation Loss: 1.23243 (29%) - Cost Imp.: -0.317367 Time: 00:00:32.531
EPOCHS: 35 - Training Loss: 1.22295 (29%) - Validation Loss: 1.22037 (29%) - Cost Imp.: -0.320983 Time: 00:00:37.764
EPOCHS: 40 - Training Loss: 1.21254 (29%) - Validation Loss: 1.39555 (24%) - Cost Imp.: -0.2966 Time: 00:00:42.991
EPOCHS: 45 - Training Loss: 1.20513 (29%) - Validation Loss: 1.22398 (29%) - Cost Imp.: -0.327356 Time: 00:00:48.219
EPOCHS: 50 - Training Loss: 1.20075 (30%) - Validation Loss: 1.31598 (26%) - Cost Imp.: -0.301982 Time: 00:00:53.441
EPOCHS: 55 - Training Loss: 1.18567 (30%) - Validation Loss: 1.25358 (28%) - Cost Imp.: -0.312892 Time: 00:00:58.667
EPOCHS: 60 - Training Loss: 1.1955 (30%) - Validation Loss: 1.21187 (29%) - Cost Imp.: -0.325228 Time: 00:01:03.900
Actual Epochs/Max Epochs: 62/100 - Best Training Loss: 1.17862 (30%) - Best Validation Loss: 1.21171 (29%) - Best Cost Improvement : -0.330228
Saved policy stats:  - Training Loss: 1.21155 (29%) - Validation Loss: 1.21171 (29%) - Cost Improvement : -0.324402
Training finished, total time elapsed: 01:07:35.504
Generating 100000 samples based on policy type: NN_Policy
Progress (node 0 only):
>>>>>10>>>>>20>>>>>30>>>>>40>>>>>50>>>>>60>>>>>70>>>>>80>>>>>90>>>>>100
Simulator statistics 
100000 samples; 46% at Z>0.5; 9% at Z>1; 0% at Z>1.5; 0% at Z>2; 0% at Z>2.5; 0% at Z>3; 
Avg Mean of Q values: 704.56
Elapsed time: 01:09:04.702
loaded 100000 samples from /home/temizoz/DynaPlexFork/IO_DynaPlex/lost_sales_general_l0lqV5olJ6TKGPf0NUDdG1DX4bz=ltrztTgHnMQjc0I__/samples_gen2.json
{"hidden_layers":[256,128,128,128],"type":"mlp"}
EPOCHS: 0 - Training Loss: 1.80473 (16%) - Validation Loss: 1.72681 (17%) - Cost Imp.: 0.195911 Time: 00:00:01.062
EPOCHS: 5 - Training Loss: 1.36812 (25%) - Validation Loss: 1.91234 (14%) - Cost Imp.: 0.135081 Time: 00:00:06.368
EPOCHS: 10 - Training Loss: 1.28331 (27%) - Validation Loss: 1.29829 (27%) - Cost Imp.: -0.00503035 Time: 00:00:11.680
EPOCHS: 15 - Training Loss: 1.2552 (28%) - Validation Loss: 1.2701 (28%) - Cost Imp.: -0.0215456 Time: 00:00:16.965
EPOCHS: 20 - Training Loss: 1.23978 (28%) - Validation Loss: 1.21957 (29%) - Cost Imp.: -0.0224943 Time: 00:00:22.248
EPOCHS: 25 - Training Loss: 1.22557 (29%) - Validation Loss: 1.23358 (29%) - Cost Imp.: -0.0272196 Time: 00:00:27.531
EPOCHS: 30 - Training Loss: 1.22732 (29%) - Validation Loss: 1.20742 (29%) - Cost Imp.: -0.0266907 Time: 00:00:32.802
EPOCHS: 35 - Training Loss: 1.21319 (29%) - Validation Loss: 1.20527 (29%) - Cost Imp.: -0.0267324 Time: 00:00:38.058
EPOCHS: 40 - Training Loss: 1.21868 (29%) - Validation Loss: 1.24374 (28%) - Cost Imp.: -0.0263275 Time: 00:00:43.330
EPOCHS: 45 - Training Loss: 1.22099 (29%) - Validation Loss: 1.212 (29%) - Cost Imp.: -0.0246261 Time: 00:00:48.588
Actual Epochs/Max Epochs: 49/100 - Best Training Loss: 1.20991 (29%) - Best Validation Loss: 1.20508 (29%) - Best Cost Improvement : -0.0281112
Saved policy stats:  - Training Loss: 1.2258 (29%) - Validation Loss: 1.20508 (29%) - Cost Improvement : -0.0263183
Training finished, total time elapsed: 01:10:01.862
Generating 100000 samples based on policy type: NN_Policy
Progress (node 0 only):
>>>>>10>>>>>20>>>>>30>>>>>40>>>>>50>>>>>60>>>>>70>>>>>80>>>>>90>>>>>100
Simulator statistics 
100000 samples; 45% at Z>0.5; 8% at Z>1; 0% at Z>1.5; 0% at Z>2; 0% at Z>2.5; 0% at Z>3; 
Avg Mean of Q values: 703.921
Elapsed time: 01:11:33.294
loaded 100000 samples from /home/temizoz/DynaPlexFork/IO_DynaPlex/lost_sales_general_l0lqV5olJ6TKGPf0NUDdG1DX4bz=ltrztTgHnMQjc0I__/samples_gen3.json
{"hidden_layers":[256,128,128,128],"type":"mlp"}
EPOCHS: 0 - Training Loss: 1.80289 (16%) - Validation Loss: 1.74686 (17%) - Cost Imp.: 0.232196 Time: 00:00:01.059
EPOCHS: 5 - Training Loss: 1.35519 (25%) - Validation Loss: 1.37305 (25%) - Cost Imp.: 0.0403103 Time: 00:00:06.288
EPOCHS: 10 - Training Loss: 1.2897 (27%) - Validation Loss: 1.2394 (28%) - Cost Imp.: 0.00555262 Time: 00:00:11.553
EPOCHS: 15 - Training Loss: 1.25317 (28%) - Validation Loss: 1.29539 (27%) - Cost Imp.: 0.0200662 Time: 00:00:16.798
EPOCHS: 20 - Training Loss: 1.24561 (28%) - Validation Loss: 1.23005 (29%) - Cost Imp.: 0.00561975 Time: 00:00:22.020
EPOCHS: 25 - Training Loss: 1.24391 (28%) - Validation Loss: 1.27971 (27%) - Cost Imp.: 0.00409526 Time: 00:00:27.247
EPOCHS: 30 - Training Loss: 1.22572 (29%) - Validation Loss: 1.23531 (29%) - Cost Imp.: 0.00750974 Time: 00:00:32.467
EPOCHS: 35 - Training Loss: 1.23783 (29%) - Validation Loss: 1.19293 (30%) - Cost Imp.: -0.00330354 Time: 00:00:37.696
EPOCHS: 40 - Training Loss: 1.23415 (29%) - Validation Loss: 1.20303 (30%) - Cost Imp.: -0.00050158 Time: 00:00:42.908
EPOCHS: 45 - Training Loss: 1.21698 (29%) - Validation Loss: 1.201 (30%) - Cost Imp.: 0.000245593 Time: 00:00:48.139
EPOCHS: 50 - Training Loss: 1.22387 (29%) - Validation Loss: 1.22188 (29%) - Cost Imp.: 0.00464167 Time: 00:00:53.349
Actual Epochs/Max Epochs: 54/100 - Best Training Loss: 1.20748 (29%) - Best Validation Loss: 1.18469 (30%) - Best Cost Improvement : -0.00484635
Saved policy stats:  - Training Loss: 1.23272 (29%) - Validation Loss: 1.18469 (30%) - Cost Improvement : -0.00338981
Training finished, total time elapsed: 01:12:35.143
Generating 100000 samples based on policy type: NN_Policy
Progress (node 0 only):
>>>>>10>>>>>20>>>>>30>>>>>40>>>>>50>>>>>60>>>>>70>>>>>80>>>>>90>>>>>100
Simulator statistics 
100000 samples; 46% at Z>0.5; 9% at Z>1; 0% at Z>1.5; 0% at Z>2; 0% at Z>2.5; 0% at Z>3; 
Avg Mean of Q values: 703.991
Elapsed time: 01:14:06.224
loaded 100000 samples from /home/temizoz/DynaPlexFork/IO_DynaPlex/lost_sales_general_l0lqV5olJ6TKGPf0NUDdG1DX4bz=ltrztTgHnMQjc0I__/samples_gen4.json
{"hidden_layers":[256,128,128,128],"type":"mlp"}
EPOCHS: 0 - Training Loss: 1.79124 (16%) - Validation Loss: 1.72383 (17%) - Cost Imp.: 0.212684 Time: 00:00:01.065
EPOCHS: 5 - Training Loss: 1.34029 (26%) - Validation Loss: 1.28527 (27%) - Cost Imp.: 0.0162157 Time: 00:00:06.335
EPOCHS: 10 - Training Loss: 1.25564 (28%) - Validation Loss: 1.22007 (29%) - Cost Imp.: 0.00538317 Time: 00:00:11.588
EPOCHS: 15 - Training Loss: 1.25145 (28%) - Validation Loss: 1.21032 (29%) - Cost Imp.: 0.00487052 Time: 00:00:16.833
EPOCHS: 20 - Training Loss: 1.21838 (29%) - Validation Loss: 1.24575 (28%) - Cost Imp.: 0.0151239 Time: 00:00:22.101
EPOCHS: 25 - Training Loss: 1.2199 (29%) - Validation Loss: 1.19651 (30%) - Cost Imp.: 0.003982 Time: 00:00:27.393
EPOCHS: 30 - Training Loss: 1.20908 (29%) - Validation Loss: 1.23478 (29%) - Cost Imp.: 0.0140113 Time: 00:00:32.652
EPOCHS: 35 - Training Loss: 1.21168 (29%) - Validation Loss: 1.19434 (30%) - Cost Imp.: 0.000485917 Time: 00:00:37.930
EPOCHS: 40 - Training Loss: 1.20569 (29%) - Validation Loss: 1.20677 (29%) - Cost Imp.: 0.00676584 Time: 00:00:43.197
EPOCHS: 45 - Training Loss: 1.20547 (29%) - Validation Loss: 1.18836 (30%) - Cost Imp.: 0.0022887 Time: 00:00:48.459
EPOCHS: 50 - Training Loss: 1.207 (29%) - Validation Loss: 1.29591 (27%) - Cost Imp.: 0.0245322 Time: 00:00:53.734
Actual Epochs/Max Epochs: 52/100 - Best Training Loss: 1.202 (30%) - Best Validation Loss: 1.18261 (30%) - Best Cost Improvement : -0.000354219
Saved policy stats:  - Training Loss: 1.20706 (29%) - Validation Loss: 1.18261 (30%) - Cost Improvement : 0.00179935
Training finished, total time elapsed: 01:15:06.174
{"mean":50.221145200000024,"mean_stat_1":0.9491343954694281,"policy":{"id":"greedy_capped_base_stock"}}
{"mean":33.902035800000014,"mean_difference":-16.31910940000001,"mean_gap":-32.49449875149403,"mean_stat_1":0.8202876326441048,"policy":{"gen":1,"id":"NN_Policy","nn_architecture":{"hidden_layers":[256,128,128,128],"type":"mlp"},"num_inputs":8,"num_outputs":25}}
{"mean":33.49418880000001,"mean_difference":-16.726956400000013,"mean_gap":-33.306600901645716,"mean_stat_1":0.797710043723368,"policy":{"gen":2,"id":"NN_Policy","nn_architecture":{"hidden_layers":[256,128,128,128],"type":"mlp"},"num_inputs":8,"num_outputs":25}}
{"mean":33.47856279999999,"mean_difference":-16.742582400000032,"mean_gap":-33.33771528571201,"mean_stat_1":0.8009761509752517,"policy":{"gen":3,"id":"NN_Policy","nn_architecture":{"hidden_layers":[256,128,128,128],"type":"mlp"},"num_inputs":8,"num_outputs":25}}
{"mean":33.47851860000004,"mean_difference":-16.742626599999987,"mean_gap":-33.33780329644888,"mean_stat_1":0.802003423595736,"policy":{"gen":4,"id":"NN_Policy","nn_architecture":{"hidden_layers":[256,128,128,128],"type":"mlp"},"num_inputs":8,"num_outputs":25}}
{"mean":33.48007319999998,"mean_difference":-16.741072000000045,"mean_gap":-33.334707787587526,"mean_stat_1":0.8034402433054292,"policy":{"gen":5,"id":"NN_Policy","nn_architecture":{"hidden_layers":[256,128,128,128],"type":"mlp"},"num_inputs":8,"num_outputs":25}}
Best network:  4
{"leadtime":4,"mean_demand":[5.0],"p":69.0,"stdDemand":[2.23606797749979]}
Generating 100000 samples based on policy type: greedy_capped_base_stock
Progress (node 0 only):
>>>>>10>>>>>20>>>>>30>>>>>40>>>>>50>>>>>60>>>>>70>>>>>80>>>>>90>>>>>100
Simulator statistics 
100000 samples; 62% at Z>0.5; 24% at Z>1; 4% at Z>1.5; 0% at Z>2; 0% at Z>2.5; 0% at Z>3; 
Avg Mean of Q values: 269.336
Elapsed time: 01:15:22.766
loaded 100000 samples from /home/temizoz/DynaPlexFork/IO_DynaPlex/lost_sales_general_s2=ck0We4C07dwh5WRFBQAm=4VgpbjExEhJMdmsL0Yk__/samples_gen0.json
{"hidden_layers":[256,128,128,128],"type":"mlp"}
EPOCHS: 0 - Training Loss: 1.42165 (24%) - Validation Loss: 1.37789 (25%) - Cost Imp.: -0.618771 Time: 00:00:01.053
EPOCHS: 5 - Training Loss: 0.836189 (43%) - Validation Loss: 0.790917 (45%) - Cost Imp.: -0.892351 Time: 00:00:06.350
EPOCHS: 10 - Training Loss: 0.818287 (44%) - Validation Loss: 0.866555 (42%) - Cost Imp.: -0.868073 Time: 00:00:11.636
EPOCHS: 15 - Training Loss: 0.814213 (44%) - Validation Loss: 0.821718 (43%) - Cost Imp.: -0.894779 Time: 00:00:16.913
EPOCHS: 20 - Training Loss: 0.809039 (44%) - Validation Loss: 0.793433 (45%) - Cost Imp.: -0.892224 Time: 00:00:22.165
EPOCHS: 25 - Training Loss: 0.806041 (44%) - Validation Loss: 0.801829 (44%) - Cost Imp.: -0.882424 Time: 00:00:27.418
EPOCHS: 30 - Training Loss: 0.806076 (44%) - Validation Loss: 0.787171 (45%) - Cost Imp.: -0.892911 Time: 00:00:32.667
Actual Epochs/Max Epochs: 32/100 - Best Training Loss: 0.800761 (44%) - Best Validation Loss: 0.779031 (45%) - Best Cost Improvement : -0.899195
Saved policy stats:  - Training Loss: 0.814484 (44%) - Validation Loss: 0.779031 (45%) - Cost Improvement : -0.894029
Training finished, total time elapsed: 01:15:59.468
Generating 100000 samples based on policy type: NN_Policy
Progress (node 0 only):
>>>>>10>>>>>20>>>>>30>>>>>40>>>>>50>>>>>60>>>>>70>>>>>80>>>>>90>>>>>100
Simulator statistics 
100000 samples; 59% at Z>0.5; 22% at Z>1; 4% at Z>1.5; 0% at Z>2; 0% at Z>2.5; 0% at Z>3; 
Avg Mean of Q values: 257.32
Elapsed time: 01:16:35.539
loaded 100000 samples from /home/temizoz/DynaPlexFork/IO_DynaPlex/lost_sales_general_s2=ck0We4C07dwh5WRFBQAm=4VgpbjExEhJMdmsL0Yk__/samples_gen1.json
{"hidden_layers":[256,128,128,128],"type":"mlp"}
EPOCHS: 0 - Training Loss: 1.55202 (21%) - Validation Loss: 1.49546 (22%) - Cost Imp.: 0.382932 Time: 00:00:01.060
EPOCHS: 5 - Training Loss: 0.888494 (41%) - Validation Loss: 0.854169 (42%) - Cost Imp.: -0.0644724 Time: 00:00:06.372
EPOCHS: 10 - Training Loss: 0.870194 (41%) - Validation Loss: 0.846319 (42%) - Cost Imp.: -0.0669707 Time: 00:00:11.683
EPOCHS: 15 - Training Loss: 0.863467 (42%) - Validation Loss: 0.838138 (43%) - Cost Imp.: -0.0805772 Time: 00:00:16.973
EPOCHS: 20 - Training Loss: 0.862637 (42%) - Validation Loss: 0.863703 (42%) - Cost Imp.: -0.073519 Time: 00:00:22.261
EPOCHS: 25 - Training Loss: 0.859568 (42%) - Validation Loss: 0.840292 (43%) - Cost Imp.: -0.0801667 Time: 00:00:27.551
EPOCHS: 30 - Training Loss: 0.860592 (42%) - Validation Loss: 0.849128 (42%) - Cost Imp.: -0.0724813 Time: 00:00:32.830
EPOCHS: 35 - Training Loss: 0.858278 (42%) - Validation Loss: 0.861044 (42%) - Cost Imp.: -0.0631927 Time: 00:00:38.102
EPOCHS: 40 - Training Loss: 0.848423 (42%) - Validation Loss: 0.904429 (40%) - Cost Imp.: -0.0475843 Time: 00:00:43.358
EPOCHS: 45 - Training Loss: 0.837922 (43%) - Validation Loss: 0.86124 (42%) - Cost Imp.: -0.0698858 Time: 00:00:48.630
EPOCHS: 50 - Training Loss: 0.844869 (42%) - Validation Loss: 0.856957 (42%) - Cost Imp.: -0.0722173 Time: 00:00:53.882
EPOCHS: 55 - Training Loss: 0.85249 (42%) - Validation Loss: 0.845714 (42%) - Cost Imp.: -0.0788919 Time: 00:00:59.137
EPOCHS: 60 - Training Loss: 0.836268 (43%) - Validation Loss: 0.823338 (43%) - Cost Imp.: -0.0760946 Time: 00:01:04.382
Actual Epochs/Max Epochs: 63/100 - Best Training Loss: 0.832599 (43%) - Best Validation Loss: 0.820814 (44%) - Best Cost Improvement : -0.0823372
Saved policy stats:  - Training Loss: 0.840276 (43%) - Validation Loss: 0.820814 (44%) - Cost Improvement : -0.0814319
Training finished, total time elapsed: 01:17:44.975
Generating 100000 samples based on policy type: NN_Policy
Progress (node 0 only):
>>>>>10>>>>>20>>>>>30>>>>>40>>>>>50>>>>>60>>>>>70>>>>>80>>>>>90>>>>>100
Simulator statistics 
100000 samples; 61% at Z>0.5; 23% at Z>1; 4% at Z>1.5; 0% at Z>2; 0% at Z>2.5; 0% at Z>3; 
Avg Mean of Q values: 256.874
Elapsed time: 01:18:17.986
loaded 100000 samples from /home/temizoz/DynaPlexFork/IO_DynaPlex/lost_sales_general_s2=ck0We4C07dwh5WRFBQAm=4VgpbjExEhJMdmsL0Yk__/samples_gen2.json
{"hidden_layers":[256,128,128,128],"type":"mlp"}
EPOCHS: 0 - Training Loss: 1.55756 (21%) - Validation Loss: 1.49877 (22%) - Cost Imp.: 0.449863 Time: 00:00:01.072
EPOCHS: 5 - Training Loss: 0.855867 (42%) - Validation Loss: 0.804551 (44%) - Cost Imp.: 0.00167926 Time: 00:00:06.318
EPOCHS: 10 - Training Loss: 0.830611 (43%) - Validation Loss: 0.794754 (45%) - Cost Imp.: 0.00927499 Time: 00:00:11.581
EPOCHS: 15 - Training Loss: 0.821091 (43%) - Validation Loss: 0.792445 (45%) - Cost Imp.: 0.00169974 Time: 00:00:16.815
EPOCHS: 20 - Training Loss: 0.813847 (44%) - Validation Loss: 0.794231 (45%) - Cost Imp.: 0.00104686 Time: 00:00:22.061
EPOCHS: 25 - Training Loss: 0.816743 (44%) - Validation Loss: 0.787175 (45%) - Cost Imp.: 0.00250591 Time: 00:00:27.308
EPOCHS: 30 - Training Loss: 0.818186 (44%) - Validation Loss: 0.807531 (44%) - Cost Imp.: 0.00137512 Time: 00:00:32.542
EPOCHS: 35 - Training Loss: 0.808066 (44%) - Validation Loss: 0.787022 (45%) - Cost Imp.: 0.00278107 Time: 00:00:37.774
EPOCHS: 40 - Training Loss: 0.79564 (45%) - Validation Loss: 0.871717 (41%) - Cost Imp.: 0.0339181 Time: 00:00:43.010
EPOCHS: 45 - Training Loss: 0.803941 (44%) - Validation Loss: 0.784211 (45%) - Cost Imp.: 0.000208874 Time: 00:00:48.248
EPOCHS: 50 - Training Loss: 0.796 (45%) - Validation Loss: 0.785566 (45%) - Cost Imp.: 0.000577985 Time: 00:00:53.472
EPOCHS: 55 - Training Loss: 0.819877 (44%) - Validation Loss: 0.784005 (45%) - Cost Imp.: 0.000273733 Time: 00:00:58.703
EPOCHS: 60 - Training Loss: 0.791948 (45%) - Validation Loss: 0.781274 (45%) - Cost Imp.: 0.00171583 Time: 00:01:03.930
Actual Epochs/Max Epochs: 62/100 - Best Training Loss: 0.787154 (45%) - Best Validation Loss: 0.780401 (45%) - Best Cost Improvement : -0.000519243
Saved policy stats:  - Training Loss: 0.794387 (45%) - Validation Loss: 0.780401 (45%) - Cost Improvement : 0.00381018
Training finished, total time elapsed: 01:19:25.891
Generating 100000 samples based on policy type: NN_Policy
Progress (node 0 only):
>>>>>10>>>>>20>>>>>30>>>>>40>>>>>50>>>>>60>>>>>70>>>>>80>>>>>90>>>>>100
Simulator statistics 
100000 samples; 59% at Z>0.5; 22% at Z>1; 4% at Z>1.5; 0% at Z>2; 0% at Z>2.5; 0% at Z>3; 
Avg Mean of Q values: 256.929
Elapsed time: 01:19:58.801
loaded 100000 samples from /home/temizoz/DynaPlexFork/IO_DynaPlex/lost_sales_general_s2=ck0We4C07dwh5WRFBQAm=4VgpbjExEhJMdmsL0Yk__/samples_gen3.json
{"hidden_layers":[256,128,128,128],"type":"mlp"}
EPOCHS: 0 - Training Loss: 1.55464 (21%) - Validation Loss: 1.50036 (22%) - Cost Imp.: 0.406626 Time: 00:00:01.056
EPOCHS: 5 - Training Loss: 0.89264 (40%) - Validation Loss: 0.87969 (41%) - Cost Imp.: 0.00556562 Time: 00:00:06.283
EPOCHS: 10 - Training Loss: 0.884246 (41%) - Validation Loss: 0.901461 (40%) - Cost Imp.: 0.0250708 Time: 00:00:11.533
EPOCHS: 15 - Training Loss: 0.871555 (41%) - Validation Loss: 0.83035 (43%) - Cost Imp.: -0.00132214 Time: 00:00:16.776
EPOCHS: 20 - Training Loss: 0.866949 (42%) - Validation Loss: 0.842379 (43%) - Cost Imp.: 0.00294126 Time: 00:00:22.003
EPOCHS: 25 - Training Loss: 0.867278 (42%) - Validation Loss: 0.903495 (40%) - Cost Imp.: 0.0120483 Time: 00:00:27.240
EPOCHS: 30 - Training Loss: 0.855092 (42%) - Validation Loss: 0.82639 (43%) - Cost Imp.: -0.0033928 Time: 00:00:32.464
EPOCHS: 35 - Training Loss: 0.864716 (42%) - Validation Loss: 0.829676 (43%) - Cost Imp.: -0.00353861 Time: 00:00:37.670
EPOCHS: 40 - Training Loss: 0.859369 (42%) - Validation Loss: 0.900592 (40%) - Cost Imp.: 0.025942 Time: 00:00:42.886
EPOCHS: 45 - Training Loss: 0.847629 (42%) - Validation Loss: 0.832745 (43%) - Cost Imp.: -0.000394722 Time: 00:00:48.112
Actual Epochs/Max Epochs: 46/100 - Best Training Loss: 0.84112 (43%) - Best Validation Loss: 0.82639 (43%) - Best Cost Improvement : -0.00719475
Saved policy stats:  - Training Loss: 0.855092 (42%) - Validation Loss: 0.82639 (43%) - Cost Improvement : -0.0033928
Training finished, total time elapsed: 01:20:49.887
Generating 100000 samples based on policy type: NN_Policy
Progress (node 0 only):
>>>>>10>>>>>20>>>>>30>>>>>40>>>>>50>>>>>60>>>>>70>>>>>80>>>>>90>>>>>100
Simulator statistics 
100000 samples; 60% at Z>0.5; 23% at Z>1; 4% at Z>1.5; 0% at Z>2; 0% at Z>2.5; 0% at Z>3; 
Avg Mean of Q values: 256.941
Elapsed time: 01:21:24.021
loaded 100000 samples from /home/temizoz/DynaPlexFork/IO_DynaPlex/lost_sales_general_s2=ck0We4C07dwh5WRFBQAm=4VgpbjExEhJMdmsL0Yk__/samples_gen4.json
{"hidden_layers":[256,128,128,128],"type":"mlp"}
EPOCHS: 0 - Training Loss: 1.55654 (21%) - Validation Loss: 1.50918 (22%) - Cost Imp.: 0.456759 Time: 00:00:01.059
EPOCHS: 5 - Training Loss: 0.862985 (42%) - Validation Loss: 1.0064 (36%) - Cost Imp.: 0.0605799 Time: 00:00:06.290
EPOCHS: 10 - Training Loss: 0.854831 (42%) - Validation Loss: 0.908762 (40%) - Cost Imp.: 0.0369894 Time: 00:00:11.517
EPOCHS: 15 - Training Loss: 0.835339 (43%) - Validation Loss: 0.828053 (43%) - Cost Imp.: 0.00290909 Time: 00:00:16.741
EPOCHS: 20 - Training Loss: 0.824867 (43%) - Validation Loss: 0.83478 (43%) - Cost Imp.: -0.0023851 Time: 00:00:21.957
EPOCHS: 25 - Training Loss: 0.831926 (43%) - Validation Loss: 0.84618 (42%) - Cost Imp.: 0.0145144 Time: 00:00:27.171
EPOCHS: 30 - Training Loss: 0.820195 (44%) - Validation Loss: 0.839719 (43%) - Cost Imp.: 0.0121696 Time: 00:00:32.386
Actual Epochs/Max Epochs: 35/100 - Best Training Loss: 0.817599 (44%) - Best Validation Loss: 0.815955 (44%) - Best Cost Improvement : -0.00328582
Saved policy stats:  - Training Loss: 0.817599 (44%) - Validation Loss: 0.815955 (44%) - Cost Improvement : -0.00274432
Training finished, total time elapsed: 01:22:03.493
{"mean":13.019861400000012,"mean_stat_1":0.9972114186257195,"policy":{"id":"greedy_capped_base_stock"}}
{"mean":12.294327000000015,"mean_difference":-0.7255343999999972,"mean_gap":-5.572520149868851,"mean_stat_1":0.9944860579792748,"policy":{"gen":1,"id":"NN_Policy","nn_architecture":{"hidden_layers":[256,128,128,128],"type":"mlp"},"num_inputs":4,"num_outputs":11}}
{"mean":12.239546800000012,"mean_difference":-0.7803146000000005,"mean_gap":-5.993263492036864,"mean_stat_1":0.992488119144551,"policy":{"gen":2,"id":"NN_Policy","nn_architecture":{"hidden_layers":[256,128,128,128],"type":"mlp"},"num_inputs":4,"num_outputs":11}}
{"mean":12.238370200000015,"mean_difference":-0.7814911999999978,"mean_gap":-6.002300454596215,"mean_stat_1":0.992570249642979,"policy":{"gen":3,"id":"NN_Policy","nn_architecture":{"hidden_layers":[256,128,128,128],"type":"mlp"},"num_inputs":4,"num_outputs":11}}
{"mean":12.240440200000023,"mean_difference":-0.7794211999999892,"mean_gap":-5.986401667839479,"mean_stat_1":0.9924338985778626,"policy":{"gen":4,"id":"NN_Policy","nn_architecture":{"hidden_layers":[256,128,128,128],"type":"mlp"},"num_inputs":4,"num_outputs":11}}
{"mean":12.238742799999978,"mean_difference":-0.7811186000000347,"mean_gap":-5.999438672980298,"mean_stat_1":0.9924615127352645,"policy":{"gen":5,"id":"NN_Policy","nn_architecture":{"hidden_layers":[256,128,128,128],"type":"mlp"},"num_inputs":4,"num_outputs":11}}
Best network:  3
{"leadtime":8,"mean_demand":[5.0],"p":69.0,"stdDemand":[2.23606797749979]}
Generating 100000 samples based on policy type: greedy_capped_base_stock
Progress (node 0 only):
>>>>>10>>>>>20>>>>>30>>>>>40>>>>>50>>>>>60>>>>>70>>>>>80>>>>>90>>>>>100
Simulator statistics 
100000 samples; 60% at Z>0.5; 21% at Z>1; 3% at Z>1.5; 0% at Z>2; 0% at Z>2.5; 0% at Z>3; 
Avg Mean of Q values: 331.144
Elapsed time: 01:22:20.285
loaded 100000 samples from /home/temizoz/DynaPlexFork/IO_DynaPlex/lost_sales_general_1eCj8PMzNxibQ40Xfug6OfXEpNMeZalkBXKj6tXB31Q__/samples_gen0.json
{"hidden_layers":[256,128,128,128],"type":"mlp"}
EPOCHS: 0 - Training Loss: 1.37579 (25%) - Validation Loss: 1.34029 (26%) - Cost Imp.: -1.265 Time: 00:00:01.054
EPOCHS: 5 - Training Loss: 0.977282 (37%) - Validation Loss: 0.951912 (38%) - Cost Imp.: -1.45398 Time: 00:00:06.309
EPOCHS: 10 - Training Loss: 0.908493 (40%) - Validation Loss: 0.851636 (42%) - Cost Imp.: -1.52015 Time: 00:00:11.545
EPOCHS: 15 - Training Loss: 0.867016 (42%) - Validation Loss: 0.840347 (43%) - Cost Imp.: -1.51595 Time: 00:00:16.770
EPOCHS: 20 - Training Loss: 0.86377 (42%) - Validation Loss: 0.826456 (43%) - Cost Imp.: -1.53265 Time: 00:00:21.996
EPOCHS: 25 - Training Loss: 0.857875 (42%) - Validation Loss: 0.834914 (43%) - Cost Imp.: -1.52965 Time: 00:00:27.214
EPOCHS: 30 - Training Loss: 0.846678 (42%) - Validation Loss: 0.822575 (43%) - Cost Imp.: -1.52972 Time: 00:00:32.426
EPOCHS: 35 - Training Loss: 0.858822 (42%) - Validation Loss: 0.84579 (42%) - Cost Imp.: -1.53486 Time: 00:00:37.633
Actual Epochs/Max Epochs: 37/100 - Best Training Loss: 0.846678 (42%) - Best Validation Loss: 0.820819 (44%) - Best Cost Improvement : -1.53486
Saved policy stats:  - Training Loss: 0.868558 (41%) - Validation Loss: 0.820819 (44%) - Cost Improvement : -1.52682
Training finished, total time elapsed: 01:23:02.091
Generating 100000 samples based on policy type: NN_Policy
Progress (node 0 only):
>>>>>10>>>>>20>>>>>30>>>>>40>>>>>50>>>>>60>>>>>70>>>>>80>>>>>90>>>>>100
Simulator statistics 
100000 samples; 57% at Z>0.5; 19% at Z>1; 3% at Z>1.5; 0% at Z>2; 0% at Z>2.5; 0% at Z>3; 
Avg Mean of Q values: 312.037
Elapsed time: 01:23:39.419
loaded 100000 samples from /home/temizoz/DynaPlexFork/IO_DynaPlex/lost_sales_general_1eCj8PMzNxibQ40Xfug6OfXEpNMeZalkBXKj6tXB31Q__/samples_gen1.json
{"hidden_layers":[256,128,128,128],"type":"mlp"}
EPOCHS: 0 - Training Loss: 1.54999 (21%) - Validation Loss: 1.52131 (21%) - Cost Imp.: 0.199133 Time: 00:00:01.060
EPOCHS: 5 - Training Loss: 1.02528 (35%) - Validation Loss: 0.955783 (38%) - Cost Imp.: -0.230794 Time: 00:00:06.326
EPOCHS: 10 - Training Loss: 0.979184 (37%) - Validation Loss: 0.930746 (39%) - Cost Imp.: -0.250782 Time: 00:00:11.582
EPOCHS: 15 - Training Loss: 0.963183 (38%) - Validation Loss: 0.928209 (39%) - Cost Imp.: -0.247639 Time: 00:00:16.833
EPOCHS: 20 - Training Loss: 0.934626 (39%) - Validation Loss: 0.911613 (40%) - Cost Imp.: -0.248401 Time: 00:00:22.107
EPOCHS: 25 - Training Loss: 0.930701 (39%) - Validation Loss: 0.917781 (39%) - Cost Imp.: -0.246597 Time: 00:00:27.370
EPOCHS: 30 - Training Loss: 0.948537 (38%) - Validation Loss: 0.918824 (39%) - Cost Imp.: -0.247311 Time: 00:00:32.635
EPOCHS: 35 - Training Loss: 0.924363 (39%) - Validation Loss: 0.913782 (40%) - Cost Imp.: -0.253585 Time: 00:00:37.896
EPOCHS: 40 - Training Loss: 0.930468 (39%) - Validation Loss: 0.931936 (39%) - Cost Imp.: -0.241128 Time: 00:00:43.155
EPOCHS: 45 - Training Loss: 0.922088 (39%) - Validation Loss: 0.974903 (37%) - Cost Imp.: -0.232956 Time: 00:00:48.406
EPOCHS: 50 - Training Loss: 0.926765 (39%) - Validation Loss: 0.924621 (39%) - Cost Imp.: -0.249647 Time: 00:00:53.657
EPOCHS: 55 - Training Loss: 0.918369 (39%) - Validation Loss: 0.896728 (40%) - Cost Imp.: -0.255838 Time: 00:00:58.907
EPOCHS: 60 - Training Loss: 0.915451 (40%) - Validation Loss: 0.918357 (39%) - Cost Imp.: -0.249547 Time: 00:01:04.158
EPOCHS: 65 - Training Loss: 0.908371 (40%) - Validation Loss: 0.939946 (39%) - Cost Imp.: -0.2459 Time: 00:01:09.412
EPOCHS: 70 - Training Loss: 0.907362 (40%) - Validation Loss: 0.925234 (39%) - Cost Imp.: -0.243461 Time: 00:01:14.664
Actual Epochs/Max Epochs: 71/100 - Best Training Loss: 0.901367 (40%) - Best Validation Loss: 0.896728 (40%) - Best Cost Improvement : -0.259854
Saved policy stats:  - Training Loss: 0.918369 (39%) - Validation Loss: 0.896728 (40%) - Cost Improvement : -0.255838
Training finished, total time elapsed: 01:24:57.359
Generating 100000 samples based on policy type: NN_Policy
Progress (node 0 only):
>>>>>10>>>>>20>>>>>30>>>>>40>>>>>50>>>>>60>>>>>70>>>>>80>>>>>90>>>>>100
Simulator statistics 
100000 samples; 56% at Z>0.5; 19% at Z>1; 3% at Z>1.5; 0% at Z>2; 0% at Z>2.5; 0% at Z>3; 
Avg Mean of Q values: 311.756
Elapsed time: 01:25:34.300
loaded 100000 samples from /home/temizoz/DynaPlexFork/IO_DynaPlex/lost_sales_general_1eCj8PMzNxibQ40Xfug6OfXEpNMeZalkBXKj6tXB31Q__/samples_gen2.json
{"hidden_layers":[256,128,128,128],"type":"mlp"}
EPOCHS: 0 - Training Loss: 1.56681 (20%) - Validation Loss: 1.51345 (22%) - Cost Imp.: 0.449049 Time: 00:00:01.063
EPOCHS: 5 - Training Loss: 1.0455 (35%) - Validation Loss: 0.98577 (37%) - Cost Imp.: 0.0424211 Time: 00:00:06.347
EPOCHS: 10 - Training Loss: 0.984618 (37%) - Validation Loss: 0.923522 (39%) - Cost Imp.: 0.00284603 Time: 00:00:11.630
EPOCHS: 15 - Training Loss: 0.970187 (37%) - Validation Loss: 0.94751 (38%) - Cost Imp.: 0.0135049 Time: 00:00:16.909
EPOCHS: 20 - Training Loss: 0.960352 (38%) - Validation Loss: 0.920245 (39%) - Cost Imp.: 0.00874614 Time: 00:00:22.185
EPOCHS: 25 - Training Loss: 0.959112 (38%) - Validation Loss: 0.963519 (38%) - Cost Imp.: 0.0202606 Time: 00:00:27.458
EPOCHS: 30 - Training Loss: 0.945848 (38%) - Validation Loss: 0.936594 (39%) - Cost Imp.: 0.00628502 Time: 00:00:32.729
EPOCHS: 35 - Training Loss: 0.953089 (38%) - Validation Loss: 0.90492 (40%) - Cost Imp.: 0.00154173 Time: 00:00:37.997
EPOCHS: 40 - Training Loss: 0.945254 (38%) - Validation Loss: 0.976536 (37%) - Cost Imp.: 0.0237545 Time: 00:00:43.266
EPOCHS: 45 - Training Loss: 0.941637 (38%) - Validation Loss: 0.903139 (40%) - Cost Imp.: -0.00403152 Time: 00:00:48.534
EPOCHS: 50 - Training Loss: 0.939385 (39%) - Validation Loss: 0.904881 (40%) - Cost Imp.: 0.00107401 Time: 00:00:53.796
EPOCHS: 55 - Training Loss: 0.930136 (39%) - Validation Loss: 0.9584 (38%) - Cost Imp.: 0.0364801 Time: 00:00:59.063
EPOCHS: 60 - Training Loss: 0.929106 (39%) - Validation Loss: 0.909651 (40%) - Cost Imp.: 0.000232918 Time: 00:01:04.321
EPOCHS: 65 - Training Loss: 0.935617 (39%) - Validation Loss: 0.922949 (39%) - Cost Imp.: 0.00699941 Time: 00:01:09.578
EPOCHS: 70 - Training Loss: 0.935882 (39%) - Validation Loss: 1.0266 (35%) - Cost Imp.: 0.0369749 Time: 00:01:14.833
EPOCHS: 75 - Training Loss: 0.923631 (39%) - Validation Loss: 0.901115 (40%) - Cost Imp.: 0.00161424 Time: 00:01:20.099
EPOCHS: 80 - Training Loss: 0.93665 (39%) - Validation Loss: 0.900029 (40%) - Cost Imp.: -0.00485458 Time: 00:01:25.356
EPOCHS: 85 - Training Loss: 0.921843 (39%) - Validation Loss: 0.911962 (40%) - Cost Imp.: -0.000654445 Time: 00:01:30.615
Actual Epochs/Max Epochs: 90/100 - Best Training Loss: 0.912519 (40%) - Best Validation Loss: 0.898736 (40%) - Best Cost Improvement : -0.00629699
Saved policy stats:  - Training Loss: 0.927147 (39%) - Validation Loss: 0.898736 (40%) - Cost Improvement : -0.00522838
Training finished, total time elapsed: 01:27:12.326
Generating 100000 samples based on policy type: NN_Policy
Progress (node 0 only):
>>>>>10>>>>>20>>>>>30>>>>>40>>>>>50>>>>>60>>>>>70>>>>>80>>>>>90>>>>>100
Simulator statistics 
100000 samples; 57% at Z>0.5; 19% at Z>1; 3% at Z>1.5; 0% at Z>2; 0% at Z>2.5; 0% at Z>3; 
Avg Mean of Q values: 311.316
Elapsed time: 01:27:49.411
loaded 100000 samples from /home/temizoz/DynaPlexFork/IO_DynaPlex/lost_sales_general_1eCj8PMzNxibQ40Xfug6OfXEpNMeZalkBXKj6tXB31Q__/samples_gen3.json
{"hidden_layers":[256,128,128,128],"type":"mlp"}
EPOCHS: 0 - Training Loss: 1.54887 (21%) - Validation Loss: 1.52431 (21%) - Cost Imp.: 0.469977 Time: 00:00:01.058
EPOCHS: 5 - Training Loss: 1.00448 (36%) - Validation Loss: 0.948411 (38%) - Cost Imp.: 0.0228544 Time: 00:00:06.299
EPOCHS: 10 - Training Loss: 0.942405 (38%) - Validation Loss: 0.905796 (40%) - Cost Imp.: 0.00610948 Time: 00:00:11.545
EPOCHS: 15 - Training Loss: 0.942809 (38%) - Validation Loss: 0.998641 (36%) - Cost Imp.: 0.0534608 Time: 00:00:16.792
EPOCHS: 20 - Training Loss: 0.93996 (39%) - Validation Loss: 0.902854 (40%) - Cost Imp.: 0.0116427 Time: 00:00:22.034
EPOCHS: 25 - Training Loss: 0.936681 (39%) - Validation Loss: 0.902823 (40%) - Cost Imp.: 0.0154076 Time: 00:00:27.271
EPOCHS: 30 - Training Loss: 0.933588 (39%) - Validation Loss: 0.919377 (39%) - Cost Imp.: 0.0124206 Time: 00:00:32.507
Actual Epochs/Max Epochs: 34/100 - Best Training Loss: 0.911216 (40%) - Best Validation Loss: 0.895459 (40%) - Best Cost Improvement : 0.00349715
Saved policy stats:  - Training Loss: 0.938097 (39%) - Validation Loss: 0.895459 (40%) - Cost Improvement : 0.00349715
Training finished, total time elapsed: 01:28:28.304
Generating 100000 samples based on policy type: NN_Policy
Progress (node 0 only):
>>>>>10>>>>>20>>>>>30>>>>>40>>>>>50>>>>>60>>>>>70>>>>>80>>>>>90>>>>>100
Simulator statistics 
100000 samples; 56% at Z>0.5; 19% at Z>1; 3% at Z>1.5; 0% at Z>2; 0% at Z>2.5; 0% at Z>3; 
Avg Mean of Q values: 311.249
Elapsed time: 01:29:06.082
loaded 100000 samples from /home/temizoz/DynaPlexFork/IO_DynaPlex/lost_sales_general_1eCj8PMzNxibQ40Xfug6OfXEpNMeZalkBXKj6tXB31Q__/samples_gen4.json
{"hidden_layers":[256,128,128,128],"type":"mlp"}
EPOCHS: 0 - Training Loss: 1.55079 (21%) - Validation Loss: 1.50224 (22%) - Cost Imp.: 0.391018 Time: 00:00:01.060
EPOCHS: 5 - Training Loss: 1.02336 (35%) - Validation Loss: 1.00021 (36%) - Cost Imp.: 0.0249882 Time: 00:00:06.343
EPOCHS: 10 - Training Loss: 0.999887 (36%) - Validation Loss: 1.01866 (36%) - Cost Imp.: 0.0379421 Time: 00:00:11.612
EPOCHS: 15 - Training Loss: 0.968867 (37%) - Validation Loss: 0.926187 (39%) - Cost Imp.: 0.00449968 Time: 00:00:16.881
EPOCHS: 20 - Training Loss: 0.965207 (38%) - Validation Loss: 0.977162 (37%) - Cost Imp.: 0.0215535 Time: 00:00:22.134
EPOCHS: 25 - Training Loss: 0.950835 (38%) - Validation Loss: 0.928726 (39%) - Cost Imp.: 0.00801811 Time: 00:00:27.383
EPOCHS: 30 - Training Loss: 0.952593 (38%) - Validation Loss: 1.05217 (34%) - Cost Imp.: 0.062907 Time: 00:00:32.612
EPOCHS: 35 - Training Loss: 0.934512 (39%) - Validation Loss: 0.913464 (40%) - Cost Imp.: -0.00317992 Time: 00:00:37.853
EPOCHS: 40 - Training Loss: 0.943526 (38%) - Validation Loss: 0.909181 (40%) - Cost Imp.: 0.00264766 Time: 00:00:43.088
EPOCHS: 45 - Training Loss: 0.928726 (39%) - Validation Loss: 0.943726 (38%) - Cost Imp.: 0.0185171 Time: 00:00:48.319
EPOCHS: 50 - Training Loss: 0.928145 (39%) - Validation Loss: 0.96816 (37%) - Cost Imp.: 0.0254329 Time: 00:00:53.553
Actual Epochs/Max Epochs: 52/100 - Best Training Loss: 0.919634 (39%) - Best Validation Loss: 0.905815 (40%) - Best Cost Improvement : -0.00382495
Saved policy stats:  - Training Loss: 0.926358 (39%) - Validation Loss: 0.905815 (40%) - Cost Improvement : -0.00382495
Training finished, total time elapsed: 01:30:03.896
{"mean":16.323602799999982,"mean_stat_1":0.996592147462064,"policy":{"id":"greedy_capped_base_stock"}}
{"mean":15.024838799999982,"mean_difference":-1.2987640000000003,"mean_gap":-7.956356301441013,"mean_stat_1":0.9933487643967458,"policy":{"gen":1,"id":"NN_Policy","nn_architecture":{"hidden_layers":[256,128,128,128],"type":"mlp"},"num_inputs":8,"num_outputs":11}}
{"mean":14.806287200000018,"mean_difference":-1.5173155999999643,"mean_gap":-9.295224948747013,"mean_stat_1":0.9896524209681988,"policy":{"gen":2,"id":"NN_Policy","nn_architecture":{"hidden_layers":[256,128,128,128],"type":"mlp"},"num_inputs":8,"num_outputs":11}}
{"mean":14.799067400000023,"mean_difference":-1.5245353999999587,"mean_gap":-9.339454155304248,"mean_stat_1":0.9900837117404815,"policy":{"gen":3,"id":"NN_Policy","nn_architecture":{"hidden_layers":[256,128,128,128],"type":"mlp"},"num_inputs":8,"num_outputs":11}}
{"mean":14.803299799999989,"mean_difference":-1.520302999999993,"mean_gap":-9.31352605565724,"mean_stat_1":0.9906838578193352,"policy":{"gen":4,"id":"NN_Policy","nn_architecture":{"hidden_layers":[256,128,128,128],"type":"mlp"},"num_inputs":8,"num_outputs":11}}
{"mean":14.80080199999999,"mean_difference":-1.5228007999999917,"mean_gap":-9.328827824700522,"mean_stat_1":0.9901857815360068,"policy":{"gen":5,"id":"NN_Policy","nn_architecture":{"hidden_layers":[256,128,128,128],"type":"mlp"},"num_inputs":8,"num_outputs":11}}
Best network:  3
{"leadtime":4,"mean_demand":[5.0],"p":69.0,"stdDemand":[5.477225575051661]}
Generating 100000 samples based on policy type: greedy_capped_base_stock
Progress (node 0 only):
>>>>>10>>>>>20>>>>>30>>>>>40>>>>>50>>>>>60>>>>>70>>>>>80>>>>>90>>>>>100
Simulator statistics 
100000 samples; 35% at Z>0.5; 6% at Z>1; 1% at Z>1.5; 0% at Z>2; 0% at Z>2.5; 0% at Z>3; 
Avg Mean of Q values: 765.88
Elapsed time: 01:30:20.410
loaded 100000 samples from /home/temizoz/DynaPlexFork/IO_DynaPlex/lost_sales_general_A1MNB20efd1BgWX3-i6YUkC=C8d8vBXNtheEroFtKTQ__/samples_gen0.json
{"hidden_layers":[256,128,128,128],"type":"mlp"}
EPOCHS: 0 - Training Loss: 2.15226 (11%) - Validation Loss: 2.1353 (11%) - Cost Imp.: -1.63097 Time: 00:00:01.029
EPOCHS: 5 - Training Loss: 1.61571 (19%) - Validation Loss: 1.59925 (20%) - Cost Imp.: -2.50851 Time: 00:00:06.188
EPOCHS: 10 - Training Loss: 1.60152 (20%) - Validation Loss: 1.61189 (19%) - Cost Imp.: -2.47415 Time: 00:00:11.319
EPOCHS: 15 - Training Loss: 1.58778 (20%) - Validation Loss: 1.58165 (20%) - Cost Imp.: -2.55792 Time: 00:00:16.458
EPOCHS: 20 - Training Loss: 1.59189 (20%) - Validation Loss: 1.58801 (20%) - Cost Imp.: -2.49674 Time: 00:00:21.575
EPOCHS: 25 - Training Loss: 1.58325 (20%) - Validation Loss: 1.58034 (20%) - Cost Imp.: -2.53209 Time: 00:00:26.693
EPOCHS: 30 - Training Loss: 1.58472 (20%) - Validation Loss: 1.58173 (20%) - Cost Imp.: -2.59645 Time: 00:00:31.796
Actual Epochs/Max Epochs: 35/100 - Best Training Loss: 1.57753 (20%) - Best Validation Loss: 1.57363 (20%) - Best Cost Improvement : -2.6355
Saved policy stats:  - Training Loss: 1.58645 (20%) - Validation Loss: 1.57363 (20%) - Cost Improvement : -2.57492
Training finished, total time elapsed: 01:30:59.609
Generating 100000 samples based on policy type: NN_Policy
Progress (node 0 only):
>>>>>10>>>>>20>>>>>30>>>>>40>>>>>50>>>>>60>>>>>70>>>>>80>>>>>90>>>>>100
Simulator statistics 
100000 samples; 36% at Z>0.5; 6% at Z>1; 1% at Z>1.5; 0% at Z>2; 0% at Z>2.5; 0% at Z>3; 
Avg Mean of Q values: 726.134
Elapsed time: 01:31:55.440
loaded 100000 samples from /home/temizoz/DynaPlexFork/IO_DynaPlex/lost_sales_general_A1MNB20efd1BgWX3-i6YUkC=C8d8vBXNtheEroFtKTQ__/samples_gen1.json
{"hidden_layers":[256,128,128,128],"type":"mlp"}
EPOCHS: 0 - Training Loss: 2.27248 (10%) - Validation Loss: 2.22019 (10%) - Cost Imp.: 1.03691 Time: 00:00:01.038
EPOCHS: 5 - Training Loss: 1.63712 (19%) - Validation Loss: 1.59886 (20%) - Cost Imp.: -0.247849 Time: 00:00:06.134
EPOCHS: 10 - Training Loss: 1.6253 (19%) - Validation Loss: 1.59992 (20%) - Cost Imp.: -0.231285 Time: 00:00:11.249
EPOCHS: 15 - Training Loss: 1.61213 (19%) - Validation Loss: 1.60824 (20%) - Cost Imp.: -0.234256 Time: 00:00:16.356
EPOCHS: 20 - Training Loss: 1.60734 (20%) - Validation Loss: 1.58664 (20%) - Cost Imp.: -0.173159 Time: 00:00:21.463
EPOCHS: 25 - Training Loss: 1.59804 (20%) - Validation Loss: 1.67328 (18%) - Cost Imp.: -0.0280079 Time: 00:00:26.567
EPOCHS: 30 - Training Loss: 1.60056 (20%) - Validation Loss: 1.59434 (20%) - Cost Imp.: -0.172713 Time: 00:00:31.667
Actual Epochs/Max Epochs: 34/100 - Best Training Loss: 1.59071 (20%) - Best Validation Loss: 1.57595 (20%) - Best Cost Improvement : -0.247849
Saved policy stats:  - Training Loss: 1.60827 (20%) - Validation Loss: 1.57595 (20%) - Cost Improvement : -0.225708
Training finished, total time elapsed: 01:32:33.695
Generating 100000 samples based on policy type: NN_Policy
Progress (node 0 only):
>>>>>10>>>>>20>>>>>30>>>>>40>>>>>50>>>>>60>>>>>70>>>>>80>>>>>90>>>>>100
Simulator statistics 
100000 samples; 36% at Z>0.5; 6% at Z>1; 1% at Z>1.5; 0% at Z>2; 0% at Z>2.5; 0% at Z>3; 
Avg Mean of Q values: 723.289
Elapsed time: 01:33:30.089
loaded 100000 samples from /home/temizoz/DynaPlexFork/IO_DynaPlex/lost_sales_general_A1MNB20efd1BgWX3-i6YUkC=C8d8vBXNtheEroFtKTQ__/samples_gen2.json
{"hidden_layers":[256,128,128,128],"type":"mlp"}
EPOCHS: 0 - Training Loss: 2.27398 (10%) - Validation Loss: 2.17062 (11%) - Cost Imp.: 1.18617 Time: 00:00:01.036
EPOCHS: 5 - Training Loss: 1.64067 (19%) - Validation Loss: 1.62473 (19%) - Cost Imp.: -0.0132454 Time: 00:00:06.182
EPOCHS: 10 - Training Loss: 1.6274 (19%) - Validation Loss: 1.61129 (19%) - Cost Imp.: 0.024796 Time: 00:00:11.321
EPOCHS: 15 - Training Loss: 1.62298 (19%) - Validation Loss: 1.5957 (20%) - Cost Imp.: 0.0033336 Time: 00:00:16.461
EPOCHS: 20 - Training Loss: 1.60589 (20%) - Validation Loss: 1.60007 (20%) - Cost Imp.: -0.0115829 Time: 00:00:21.609
EPOCHS: 25 - Training Loss: 1.61178 (19%) - Validation Loss: 1.59395 (20%) - Cost Imp.: 0.0283731 Time: 00:00:26.742
EPOCHS: 30 - Training Loss: 1.6031 (20%) - Validation Loss: 1.65663 (19%) - Cost Imp.: 0.132682 Time: 00:00:31.866
EPOCHS: 35 - Training Loss: 1.60463 (20%) - Validation Loss: 1.60476 (20%) - Cost Imp.: 0.0215757 Time: 00:00:36.989
Actual Epochs/Max Epochs: 38/100 - Best Training Loss: 1.60037 (20%) - Best Validation Loss: 1.59367 (20%) - Best Cost Improvement : -0.0202986
Saved policy stats:  - Training Loss: 1.61919 (19%) - Validation Loss: 1.59367 (20%) - Cost Improvement : 0.0174519
Training finished, total time elapsed: 01:34:12.677
Generating 100000 samples based on policy type: NN_Policy
Progress (node 0 only):
>>>>>10>>>>>20>>>>>30>>>>>40>>>>>50>>>>>60>>>>>70>>>>>80>>>>>90>>>>>100
Simulator statistics 
100000 samples; 36% at Z>0.5; 6% at Z>1; 1% at Z>1.5; 0% at Z>2; 0% at Z>2.5; 0% at Z>3; 
Avg Mean of Q values: 723.442
Elapsed time: 01:35:07.622
loaded 100000 samples from /home/temizoz/DynaPlexFork/IO_DynaPlex/lost_sales_general_A1MNB20efd1BgWX3-i6YUkC=C8d8vBXNtheEroFtKTQ__/samples_gen3.json
{"hidden_layers":[256,128,128,128],"type":"mlp"}
EPOCHS: 0 - Training Loss: 2.27683 (10%) - Validation Loss: 2.22253 (10%) - Cost Imp.: 1.80813 Time: 00:00:01.019
EPOCHS: 5 - Training Loss: 1.64214 (19%) - Validation Loss: 1.61859 (19%) - Cost Imp.: 0.0423911 Time: 00:00:06.095
EPOCHS: 10 - Training Loss: 1.63544 (19%) - Validation Loss: 1.59483 (20%) - Cost Imp.: -0.00942482 Time: 00:00:11.179
EPOCHS: 15 - Training Loss: 1.62086 (19%) - Validation Loss: 1.61485 (19%) - Cost Imp.: 0.0485739 Time: 00:00:16.254
EPOCHS: 20 - Training Loss: 1.61461 (19%) - Validation Loss: 1.60471 (20%) - Cost Imp.: 0.0379952 Time: 00:00:21.332
EPOCHS: 25 - Training Loss: 1.60962 (19%) - Validation Loss: 1.6164 (19%) - Cost Imp.: -0.0459184 Time: 00:00:26.406
EPOCHS: 30 - Training Loss: 1.61138 (19%) - Validation Loss: 1.59589 (20%) - Cost Imp.: -0.0359121 Time: 00:00:31.477
EPOCHS: 35 - Training Loss: 1.61643 (19%) - Validation Loss: 1.6314 (19%) - Cost Imp.: 0.0999044 Time: 00:00:36.538
EPOCHS: 40 - Training Loss: 1.59568 (20%) - Validation Loss: 1.58218 (20%) - Cost Imp.: 0.00983496 Time: 00:00:41.596
EPOCHS: 45 - Training Loss: 1.58978 (20%) - Validation Loss: 1.58265 (20%) - Cost Imp.: 0.00177749 Time: 00:00:46.660
EPOCHS: 50 - Training Loss: 1.59126 (20%) - Validation Loss: 1.59137 (20%) - Cost Imp.: 0.0239658 Time: 00:00:51.721
EPOCHS: 55 - Training Loss: 1.59652 (20%) - Validation Loss: 1.57976 (20%) - Cost Imp.: -0.0278623 Time: 00:00:56.781
EPOCHS: 60 - Training Loss: 1.58631 (20%) - Validation Loss: 1.57694 (20%) - Cost Imp.: -0.0243004 Time: 00:01:01.829
EPOCHS: 65 - Training Loss: 1.58569 (20%) - Validation Loss: 1.59073 (20%) - Cost Imp.: -0.0420987 Time: 00:01:06.885
EPOCHS: 70 - Training Loss: 1.58538 (20%) - Validation Loss: 1.60865 (20%) - Cost Imp.: 0.065681 Time: 00:01:11.942
EPOCHS: 75 - Training Loss: 1.58542 (20%) - Validation Loss: 1.59587 (20%) - Cost Imp.: 0.0440391 Time: 00:01:17.001
Actual Epochs/Max Epochs: 80/100 - Best Training Loss: 1.57982 (20%) - Best Validation Loss: 1.57581 (20%) - Best Cost Improvement : -0.0459184
Saved policy stats:  - Training Loss: 1.58336 (20%) - Validation Loss: 1.57581 (20%) - Cost Improvement : -0.0162246
Training finished, total time elapsed: 01:36:32.260
Generating 100000 samples based on policy type: NN_Policy
Progress (node 0 only):
>>>>>10>>>>>20>>>>>30>>>>>40>>>>>50>>>>>60>>>>>70>>>>>80>>>>>90>>>>>100
Simulator statistics 
100000 samples; 36% at Z>0.5; 6% at Z>1; 1% at Z>1.5; 0% at Z>2; 0% at Z>2.5; 0% at Z>3; 
Avg Mean of Q values: 723.374
Elapsed time: 01:37:28.446
loaded 100000 samples from /home/temizoz/DynaPlexFork/IO_DynaPlex/lost_sales_general_A1MNB20efd1BgWX3-i6YUkC=C8d8vBXNtheEroFtKTQ__/samples_gen4.json
{"hidden_layers":[256,128,128,128],"type":"mlp"}
EPOCHS: 0 - Training Loss: 2.25089 (10%) - Validation Loss: 2.10682 (12%) - Cost Imp.: 0.929462 Time: 00:00:01.027
EPOCHS: 5 - Training Loss: 1.64939 (19%) - Validation Loss: 1.6047 (20%) - Cost Imp.: -0.0153179 Time: 00:00:06.142
EPOCHS: 10 - Training Loss: 1.61562 (19%) - Validation Loss: 1.62254 (19%) - Cost Imp.: -0.00368013 Time: 00:00:11.252
EPOCHS: 15 - Training Loss: 1.60932 (20%) - Validation Loss: 1.60621 (20%) - Cost Imp.: -0.000336408 Time: 00:00:16.374
EPOCHS: 20 - Training Loss: 1.60508 (20%) - Validation Loss: 1.58849 (20%) - Cost Imp.: 0.0348988 Time: 00:00:21.490
EPOCHS: 25 - Training Loss: 1.59997 (20%) - Validation Loss: 1.58834 (20%) - Cost Imp.: 0.0340846 Time: 00:00:26.614
EPOCHS: 30 - Training Loss: 1.58989 (20%) - Validation Loss: 1.59604 (20%) - Cost Imp.: -0.00985827 Time: 00:00:31.730
Actual Epochs/Max Epochs: 33/100 - Best Training Loss: 1.5885 (20%) - Best Validation Loss: 1.588 (20%) - Best Cost Improvement : -0.0222876
Saved policy stats:  - Training Loss: 1.61267 (19%) - Validation Loss: 1.588 (20%) - Cost Improvement : 0.0131582
Training finished, total time elapsed: 01:38:05.805
{"mean":37.06862440000002,"mean_stat_1":0.9889067679176883,"policy":{"id":"greedy_capped_base_stock"}}
{"mean":34.72298599999998,"mean_difference":-2.345638400000041,"mean_gap":-6.327826937111915,"mean_stat_1":0.9806681050742816,"policy":{"gen":1,"id":"NN_Policy","nn_architecture":{"hidden_layers":[256,128,128,128],"type":"mlp"},"num_inputs":4,"num_outputs":24}}
{"mean":34.42868020000002,"mean_difference":-2.639944200000002,"mean_gap":-7.121775471117835,"mean_stat_1":0.9744431948987929,"policy":{"gen":2,"id":"NN_Policy","nn_architecture":{"hidden_layers":[256,128,128,128],"type":"mlp"},"num_inputs":4,"num_outputs":24}}
{"mean":34.42668859999999,"mean_difference":-2.6419358000000273,"mean_gap":-7.127148208931179,"mean_stat_1":0.9740923927904241,"policy":{"gen":3,"id":"NN_Policy","nn_architecture":{"hidden_layers":[256,128,128,128],"type":"mlp"},"num_inputs":4,"num_outputs":24}}
{"mean":34.42512220000005,"mean_difference":-2.643502199999972,"mean_gap":-7.131373885025987,"mean_stat_1":0.9745164026199691,"policy":{"gen":4,"id":"NN_Policy","nn_architecture":{"hidden_layers":[256,128,128,128],"type":"mlp"},"num_inputs":4,"num_outputs":24}}
{"mean":34.43275319999996,"mean_difference":-2.635871200000061,"mean_gap":-7.1107877420993795,"mean_stat_1":0.9744453575036971,"policy":{"gen":5,"id":"NN_Policy","nn_architecture":{"hidden_layers":[256,128,128,128],"type":"mlp"},"num_inputs":4,"num_outputs":24}}
Best network:  4
{"leadtime":8,"mean_demand":[5.0],"p":69.0,"stdDemand":[5.477225575051661]}
Generating 100000 samples based on policy type: greedy_capped_base_stock
Progress (node 0 only):
>>>>>10>>>>>20>>>>>30>>>>>40>>>>>50>>>>>60>>>>>70>>>>>80>>>>>90>>>>>100
Simulator statistics 
100000 samples; 34% at Z>0.5; 6% at Z>1; 1% at Z>1.5; 0% at Z>2; 0% at Z>2.5; 0% at Z>3; 
Avg Mean of Q values: 925.205
Elapsed time: 01:38:23.853
loaded 100000 samples from /home/temizoz/DynaPlexFork/IO_DynaPlex/lost_sales_general_EQrzWVzmU1iJ1yg84TmR6rxMPT8tTVC9e8ueDr8O3TI__/samples_gen0.json
{"hidden_layers":[256,128,128,128],"type":"mlp"}
EPOCHS: 0 - Training Loss: 2.24237 (10%) - Validation Loss: 2.22186 (10%) - Cost Imp.: -4.82969 Time: 00:00:01.049
EPOCHS: 5 - Training Loss: 1.77655 (16%) - Validation Loss: 1.71983 (17%) - Cost Imp.: -5.38931 Time: 00:00:06.204
EPOCHS: 10 - Training Loss: 1.73919 (17%) - Validation Loss: 1.70648 (18%) - Cost Imp.: -5.38363 Time: 00:00:11.324
EPOCHS: 15 - Training Loss: 1.70717 (18%) - Validation Loss: 1.69298 (18%) - Cost Imp.: -5.38331 Time: 00:00:16.431
EPOCHS: 20 - Training Loss: 1.69839 (18%) - Validation Loss: 1.71377 (18%) - Cost Imp.: -5.38392 Time: 00:00:21.540
EPOCHS: 25 - Training Loss: 1.69511 (18%) - Validation Loss: 1.71656 (17%) - Cost Imp.: -5.39421 Time: 00:00:26.645
EPOCHS: 30 - Training Loss: 1.69729 (18%) - Validation Loss: 1.68768 (18%) - Cost Imp.: -5.39838 Time: 00:00:31.744
Actual Epochs/Max Epochs: 33/100 - Best Training Loss: 1.68426 (18%) - Best Validation Loss: 1.6871 (18%) - Best Cost Improvement : -5.39838
Saved policy stats:  - Training Loss: 1.70625 (18%) - Validation Loss: 1.6871 (18%) - Cost Improvement : -5.39373
Training finished, total time elapsed: 01:39:01.511
Generating 100000 samples based on policy type: NN_Policy
Progress (node 0 only):
>>>>>10>>>>>20>>>>>30>>>>>40>>>>>50>>>>>60>>>>>70>>>>>80>>>>>90>>>>>100
Simulator statistics 
100000 samples; 38% at Z>0.5; 6% at Z>1; 0% at Z>1.5; 0% at Z>2; 0% at Z>2.5; 0% at Z>3; 
Avg Mean of Q values: 834.013
Elapsed time: 01:40:16.922
loaded 100000 samples from /home/temizoz/DynaPlexFork/IO_DynaPlex/lost_sales_general_EQrzWVzmU1iJ1yg84TmR6rxMPT8tTVC9e8ueDr8O3TI__/samples_gen1.json
{"hidden_layers":[256,128,128,128],"type":"mlp"}
EPOCHS: 0 - Training Loss: 2.23692 (10%) - Validation Loss: 2.20235 (11%) - Cost Imp.: 0.43649 Time: 00:00:01.039
EPOCHS: 5 - Training Loss: 1.69202 (18%) - Validation Loss: 1.68944 (18%) - Cost Imp.: -0.709785 Time: 00:00:06.208
EPOCHS: 10 - Training Loss: 1.62563 (19%) - Validation Loss: 1.6266 (19%) - Cost Imp.: -0.909975 Time: 00:00:11.375
EPOCHS: 15 - Training Loss: 1.60462 (20%) - Validation Loss: 1.61022 (19%) - Cost Imp.: -0.890579 Time: 00:00:16.519
EPOCHS: 20 - Training Loss: 1.60385 (20%) - Validation Loss: 1.59008 (20%) - Cost Imp.: -0.875545 Time: 00:00:21.661
EPOCHS: 25 - Training Loss: 1.60363 (20%) - Validation Loss: 1.57874 (20%) - Cost Imp.: -0.87713 Time: 00:00:26.830
EPOCHS: 30 - Training Loss: 1.57491 (20%) - Validation Loss: 1.58756 (20%) - Cost Imp.: -0.85416 Time: 00:00:31.978
EPOCHS: 35 - Training Loss: 1.58155 (20%) - Validation Loss: 1.58872 (20%) - Cost Imp.: -0.896617 Time: 00:00:37.124
EPOCHS: 40 - Training Loss: 1.579 (20%) - Validation Loss: 1.58288 (20%) - Cost Imp.: -0.876755 Time: 00:00:42.271
Actual Epochs/Max Epochs: 41/100 - Best Training Loss: 1.56965 (20%) - Best Validation Loss: 1.57874 (20%) - Best Cost Improvement : -0.928379
Saved policy stats:  - Training Loss: 1.60363 (20%) - Validation Loss: 1.57874 (20%) - Cost Improvement : -0.87713
Training finished, total time elapsed: 01:41:03.715
Generating 100000 samples based on policy type: NN_Policy
Progress (node 0 only):
>>>>>10>>>>>20>>>>>30>>>>>40>>>>>50>>>>>60>>>>>70>>>>>80>>>>>90>>>>>100
Simulator statistics 
100000 samples; 37% at Z>0.5; 6% at Z>1; 0% at Z>1.5; 0% at Z>2; 0% at Z>2.5; 0% at Z>3; 
Avg Mean of Q values: 830.898
Elapsed time: 01:42:18.649
loaded 100000 samples from /home/temizoz/DynaPlexFork/IO_DynaPlex/lost_sales_general_EQrzWVzmU1iJ1yg84TmR6rxMPT8tTVC9e8ueDr8O3TI__/samples_gen2.json
{"hidden_layers":[256,128,128,128],"type":"mlp"}
EPOCHS: 0 - Training Loss: 2.26225 (10%) - Validation Loss: 2.22277 (10%) - Cost Imp.: 1.41733 Time: 00:00:01.043
EPOCHS: 5 - Training Loss: 1.67339 (18%) - Validation Loss: 1.60646 (20%) - Cost Imp.: -0.0414325 Time: 00:00:06.231
EPOCHS: 10 - Training Loss: 1.62503 (19%) - Validation Loss: 1.60316 (20%) - Cost Imp.: 0.029375 Time: 00:00:11.404
EPOCHS: 15 - Training Loss: 1.61289 (19%) - Validation Loss: 1.55736 (21%) - Cost Imp.: -0.0519381 Time: 00:00:16.598
EPOCHS: 20 - Training Loss: 1.60486 (20%) - Validation Loss: 1.59866 (20%) - Cost Imp.: 0.0538184 Time: 00:00:21.761
EPOCHS: 25 - Training Loss: 1.60038 (20%) - Validation Loss: 1.56581 (20%) - Cost Imp.: -0.0794333 Time: 00:00:26.936
EPOCHS: 30 - Training Loss: 1.59838 (20%) - Validation Loss: 1.56471 (20%) - Cost Imp.: -0.0817667 Time: 00:00:32.102
EPOCHS: 35 - Training Loss: 1.5827 (20%) - Validation Loss: 1.60202 (20%) - Cost Imp.: 0.0593462 Time: 00:00:37.269
EPOCHS: 40 - Training Loss: 1.58932 (20%) - Validation Loss: 1.58509 (20%) - Cost Imp.: -0.105067 Time: 00:00:42.437
EPOCHS: 45 - Training Loss: 1.57161 (20%) - Validation Loss: 1.5497 (21%) - Cost Imp.: -0.0773812 Time: 00:00:47.594
EPOCHS: 50 - Training Loss: 1.57255 (20%) - Validation Loss: 1.56372 (20%) - Cost Imp.: -0.0803848 Time: 00:00:52.758
EPOCHS: 55 - Training Loss: 1.5604 (21%) - Validation Loss: 1.56531 (20%) - Cost Imp.: -0.0652681 Time: 00:00:57.919
EPOCHS: 60 - Training Loss: 1.56197 (20%) - Validation Loss: 1.58479 (20%) - Cost Imp.: 0.0224741 Time: 00:01:03.058
EPOCHS: 65 - Training Loss: 1.55609 (21%) - Validation Loss: 1.56647 (20%) - Cost Imp.: -0.0794404 Time: 00:01:08.213
Actual Epochs/Max Epochs: 69/100 - Best Training Loss: 1.55446 (21%) - Best Validation Loss: 1.54946 (21%) - Best Cost Improvement : -0.10608
Saved policy stats:  - Training Loss: 1.57361 (20%) - Validation Loss: 1.54946 (21%) - Cost Improvement : -0.0604817
Training finished, total time elapsed: 01:43:34.494
Generating 100000 samples based on policy type: NN_Policy
Progress (node 0 only):
>>>>>10>>>>>20>>>>>30>>>>>40>>>>>50>>>>>60>>>>>70>>>>>80>>>>>90>>>>>100
Simulator statistics 
100000 samples; 37% at Z>0.5; 6% at Z>1; 0% at Z>1.5; 0% at Z>2; 0% at Z>2.5; 0% at Z>3; 
Avg Mean of Q values: 829.555
Elapsed time: 01:44:49.408
loaded 100000 samples from /home/temizoz/DynaPlexFork/IO_DynaPlex/lost_sales_general_EQrzWVzmU1iJ1yg84TmR6rxMPT8tTVC9e8ueDr8O3TI__/samples_gen3.json
{"hidden_layers":[256,128,128,128],"type":"mlp"}
EPOCHS: 0 - Training Loss: 2.23896 (10%) - Validation Loss: 2.20846 (10%) - Cost Imp.: 1.48052 Time: 00:00:01.035
EPOCHS: 5 - Training Loss: 1.64339 (19%) - Validation Loss: 1.60893 (20%) - Cost Imp.: 0.0708063 Time: 00:00:06.154
EPOCHS: 10 - Training Loss: 1.61996 (19%) - Validation Loss: 1.58701 (20%) - Cost Imp.: 0.0225218 Time: 00:00:11.265
EPOCHS: 15 - Training Loss: 1.58404 (20%) - Validation Loss: 1.56536 (20%) - Cost Imp.: 0.0103614 Time: 00:00:16.389
EPOCHS: 20 - Training Loss: 1.5874 (20%) - Validation Loss: 1.55595 (21%) - Cost Imp.: 0.0235652 Time: 00:00:21.525
EPOCHS: 25 - Training Loss: 1.57919 (20%) - Validation Loss: 1.55498 (21%) - Cost Imp.: 0.00131493 Time: 00:00:26.641
EPOCHS: 30 - Training Loss: 1.5877 (20%) - Validation Loss: 1.54995 (21%) - Cost Imp.: 0.00785566 Time: 00:00:31.761
EPOCHS: 35 - Training Loss: 1.56205 (20%) - Validation Loss: 1.58123 (20%) - Cost Imp.: 0.0610925 Time: 00:00:36.873
EPOCHS: 40 - Training Loss: 1.56718 (20%) - Validation Loss: 1.60495 (20%) - Cost Imp.: 0.110518 Time: 00:00:41.977
Actual Epochs/Max Epochs: 43/100 - Best Training Loss: 1.55645 (21%) - Best Validation Loss: 1.54799 (21%) - Best Cost Improvement : -0.0228914
Saved policy stats:  - Training Loss: 1.57539 (20%) - Validation Loss: 1.54799 (21%) - Cost Improvement : 0.0121646
Training finished, total time elapsed: 01:45:37.944
Generating 100000 samples based on policy type: NN_Policy
Progress (node 0 only):
>>>>>10>>>>>20>>>>>30>>>>>40>>>>>50>>>>>60>>>>>70>>>>>80>>>>>90>>>>>100
Simulator statistics 
100000 samples; 37% at Z>0.5; 6% at Z>1; 0% at Z>1.5; 0% at Z>2; 0% at Z>2.5; 0% at Z>3; 
Avg Mean of Q values: 830.094
Elapsed time: 01:46:53.279
loaded 100000 samples from /home/temizoz/DynaPlexFork/IO_DynaPlex/lost_sales_general_EQrzWVzmU1iJ1yg84TmR6rxMPT8tTVC9e8ueDr8O3TI__/samples_gen4.json
{"hidden_layers":[256,128,128,128],"type":"mlp"}
EPOCHS: 0 - Training Loss: 2.24734 (10%) - Validation Loss: 2.22575 (10%) - Cost Imp.: 0.981397 Time: 00:00:01.033
EPOCHS: 5 - Training Loss: 1.66007 (19%) - Validation Loss: 1.61486 (19%) - Cost Imp.: 0.0266948 Time: 00:00:06.168
EPOCHS: 10 - Training Loss: 1.61796 (19%) - Validation Loss: 1.59813 (20%) - Cost Imp.: 0.0500766 Time: 00:00:11.298
EPOCHS: 15 - Training Loss: 1.60168 (20%) - Validation Loss: 1.58434 (20%) - Cost Imp.: 0.00232367 Time: 00:00:16.432
EPOCHS: 20 - Training Loss: 1.6001 (20%) - Validation Loss: 1.58243 (20%) - Cost Imp.: 0.0266756 Time: 00:00:21.591
EPOCHS: 25 - Training Loss: 1.5911 (20%) - Validation Loss: 1.58673 (20%) - Cost Imp.: 0.0508928 Time: 00:00:26.758
EPOCHS: 30 - Training Loss: 1.57365 (20%) - Validation Loss: 1.57812 (20%) - Cost Imp.: 0.0447928 Time: 00:00:31.899
EPOCHS: 35 - Training Loss: 1.57605 (20%) - Validation Loss: 1.60508 (20%) - Cost Imp.: -0.0390803 Time: 00:00:37.036
Actual Epochs/Max Epochs: 37/100 - Best Training Loss: 1.5672 (20%) - Best Validation Loss: 1.55889 (21%) - Best Cost Improvement : -0.0482289
Saved policy stats:  - Training Loss: 1.58593 (20%) - Validation Loss: 1.55889 (21%) - Cost Improvement : -0.00708766
Training finished, total time elapsed: 01:47:35.839
{"mean":46.32694759999998,"mean_stat_1":0.9914047599543239,"policy":{"id":"greedy_capped_base_stock"}}
{"mean":40.5154426,"mean_difference":-5.811504999999983,"mean_gap":-12.544545455871962,"mean_stat_1":0.9798154145406853,"policy":{"gen":1,"id":"NN_Policy","nn_architecture":{"hidden_layers":[256,128,128,128],"type":"mlp"},"num_inputs":8,"num_outputs":24}}
{"mean":39.41549880000003,"mean_difference":-6.9114487999999525,"mean_gap":-14.91885211103344,"mean_stat_1":0.9669381196873484,"policy":{"gen":2,"id":"NN_Policy","nn_architecture":{"hidden_layers":[256,128,128,128],"type":"mlp"},"num_inputs":8,"num_outputs":24}}
{"mean":39.412595200000055,"mean_difference":-6.9143523999999275,"mean_gap":-14.925119737437504,"mean_stat_1":0.9683833915983353,"policy":{"gen":3,"id":"NN_Policy","nn_architecture":{"hidden_layers":[256,128,128,128],"type":"mlp"},"num_inputs":8,"num_outputs":24}}
{"mean":39.41293820000001,"mean_difference":-6.914009399999969,"mean_gap":-14.924379347626115,"mean_stat_1":0.9681311952683426,"policy":{"gen":4,"id":"NN_Policy","nn_architecture":{"hidden_layers":[256,128,128,128],"type":"mlp"},"num_inputs":8,"num_outputs":24}}
{"mean":39.40996240000003,"mean_difference":-6.916985199999949,"mean_gap":-14.93080282284765,"mean_stat_1":0.9679806538243164,"policy":{"gen":5,"id":"NN_Policy","nn_architecture":{"hidden_layers":[256,128,128,128],"type":"mlp"},"num_inputs":8,"num_outputs":24}}
Best network:  5
{"leadtime":4,"mean_demand":[10.0],"p":69.0,"stdDemand":[3.1622776601683795]}
Generating 100000 samples based on policy type: greedy_capped_base_stock
Progress (node 0 only):
>>>>>10>>>>>20>>>>>30>>>>>40>>>>>50>>>>>60>>>>>70>>>>>80>>>>>90>>>>>100
Simulator statistics 
100000 samples; 58% at Z>0.5; 18% at Z>1; 2% at Z>1.5; 0% at Z>2; 0% at Z>2.5; 0% at Z>3; 
Avg Mean of Q values: 369.426
Elapsed time: 01:47:52.987
loaded 100000 samples from /home/temizoz/DynaPlexFork/IO_DynaPlex/lost_sales_general_b9W5GXiCWPDKUqimYgzDzWPKVExf5=MErKKE1C2rBM4__/samples_gen0.json
{"hidden_layers":[256,128,128,128],"type":"mlp"}
EPOCHS: 0 - Training Loss: 1.47916 (22%) - Validation Loss: 1.44041 (23%) - Cost Imp.: -0.539936 Time: 00:00:01.034
EPOCHS: 5 - Training Loss: 1.11633 (32%) - Validation Loss: 1.01013 (36%) - Cost Imp.: -0.746723 Time: 00:00:06.216
EPOCHS: 10 - Training Loss: 0.956056 (38%) - Validation Loss: 1.04269 (35%) - Cost Imp.: -0.799046 Time: 00:00:11.380
EPOCHS: 15 - Training Loss: 0.956359 (38%) - Validation Loss: 0.901731 (40%) - Cost Imp.: -0.798736 Time: 00:00:16.528
EPOCHS: 20 - Training Loss: 0.959912 (38%) - Validation Loss: 0.897909 (40%) - Cost Imp.: -0.814753 Time: 00:00:21.681
EPOCHS: 25 - Training Loss: 0.932891 (39%) - Validation Loss: 1.06186 (34%) - Cost Imp.: -0.801493 Time: 00:00:26.818
EPOCHS: 30 - Training Loss: 0.92916 (39%) - Validation Loss: 0.949284 (38%) - Cost Imp.: -0.820281 Time: 00:00:31.955
EPOCHS: 35 - Training Loss: 0.916133 (40%) - Validation Loss: 0.892124 (40%) - Cost Imp.: -0.821444 Time: 00:00:37.097
EPOCHS: 40 - Training Loss: 0.920941 (39%) - Validation Loss: 0.884394 (41%) - Cost Imp.: -0.81225 Time: 00:00:42.219
EPOCHS: 45 - Training Loss: 0.931613 (39%) - Validation Loss: 0.901782 (40%) - Cost Imp.: -0.797475 Time: 00:00:47.354
EPOCHS: 50 - Training Loss: 0.915741 (40%) - Validation Loss: 0.899361 (40%) - Cost Imp.: -0.825811 Time: 00:00:52.488
EPOCHS: 55 - Training Loss: 0.902516 (40%) - Validation Loss: 0.911653 (40%) - Cost Imp.: -0.794166 Time: 00:00:57.630
EPOCHS: 60 - Training Loss: 0.897174 (40%) - Validation Loss: 0.872172 (41%) - Cost Imp.: -0.82223 Time: 00:01:02.769
EPOCHS: 65 - Training Loss: 0.909421 (40%) - Validation Loss: 0.95778 (38%) - Cost Imp.: -0.764652 Time: 00:01:07.894
EPOCHS: 70 - Training Loss: 0.911828 (40%) - Validation Loss: 0.932849 (39%) - Cost Imp.: -0.820356 Time: 00:01:13.018
EPOCHS: 75 - Training Loss: 0.912178 (40%) - Validation Loss: 0.879933 (41%) - Cost Imp.: -0.818435 Time: 00:01:18.145
EPOCHS: 80 - Training Loss: 0.907384 (40%) - Validation Loss: 0.875642 (41%) - Cost Imp.: -0.824016 Time: 00:01:23.267
EPOCHS: 85 - Training Loss: 0.898662 (40%) - Validation Loss: 0.868681 (41%) - Cost Imp.: -0.814878 Time: 00:01:28.405
Actual Epochs/Max Epochs: 89/100 - Best Training Loss: 0.895939 (40%) - Best Validation Loss: 0.863664 (42%) - Best Cost Improvement : -0.830348
Saved policy stats:  - Training Loss: 0.900911 (40%) - Validation Loss: 0.863664 (42%) - Cost Improvement : -0.825325
Training finished, total time elapsed: 01:49:28.066
Generating 100000 samples based on policy type: NN_Policy
Progress (node 0 only):
>>>>>10>>>>>20>>>>>30>>>>>40>>>>>50>>>>>60>>>>>70>>>>>80>>>>>90>>>>>100
Simulator statistics 
100000 samples; 54% at Z>0.5; 17% at Z>1; 2% at Z>1.5; 0% at Z>2; 0% at Z>2.5; 0% at Z>3; 
Avg Mean of Q values: 358.304
Elapsed time: 01:50:19.668
loaded 100000 samples from /home/temizoz/DynaPlexFork/IO_DynaPlex/lost_sales_general_b9W5GXiCWPDKUqimYgzDzWPKVExf5=MErKKE1C2rBM4__/samples_gen1.json
{"hidden_layers":[256,128,128,128],"type":"mlp"}
EPOCHS: 0 - Training Loss: 1.68108 (18%) - Validation Loss: 1.68713 (18%) - Cost Imp.: 0.444265 Time: 00:00:01.029
EPOCHS: 5 - Training Loss: 1.19052 (30%) - Validation Loss: 1.06806 (34%) - Cost Imp.: -0.0281163 Time: 00:00:06.153
EPOCHS: 10 - Training Loss: 1.04517 (35%) - Validation Loss: 1.00271 (36%) - Cost Imp.: -0.0515441 Time: 00:00:11.269
EPOCHS: 15 - Training Loss: 1.01407 (36%) - Validation Loss: 1.00786 (36%) - Cost Imp.: -0.0446144 Time: 00:00:16.380
EPOCHS: 20 - Training Loss: 1.02254 (35%) - Validation Loss: 0.955411 (38%) - Cost Imp.: -0.0751905 Time: 00:00:21.504
EPOCHS: 25 - Training Loss: 1.01265 (36%) - Validation Loss: 1.00624 (36%) - Cost Imp.: -0.0491411 Time: 00:00:26.625
EPOCHS: 30 - Training Loss: 0.991626 (37%) - Validation Loss: 1.01852 (36%) - Cost Imp.: -0.0644273 Time: 00:00:31.750
EPOCHS: 35 - Training Loss: 0.990665 (37%) - Validation Loss: 0.978228 (37%) - Cost Imp.: -0.0732244 Time: 00:00:36.874
EPOCHS: 40 - Training Loss: 1.00409 (36%) - Validation Loss: 0.960804 (38%) - Cost Imp.: -0.0678565 Time: 00:00:41.996
EPOCHS: 45 - Training Loss: 0.988291 (37%) - Validation Loss: 0.957692 (38%) - Cost Imp.: -0.0756539 Time: 00:00:47.119
EPOCHS: 50 - Training Loss: 0.968688 (37%) - Validation Loss: 0.994053 (37%) - Cost Imp.: -0.0629914 Time: 00:00:52.263
EPOCHS: 55 - Training Loss: 0.985966 (37%) - Validation Loss: 1.14245 (31%) - Cost Imp.: -0.0391535 Time: 00:00:57.388
EPOCHS: 60 - Training Loss: 0.982355 (37%) - Validation Loss: 0.96231 (38%) - Cost Imp.: -0.0691597 Time: 00:01:02.516
EPOCHS: 65 - Training Loss: 0.999483 (36%) - Validation Loss: 0.960929 (38%) - Cost Imp.: -0.0786816 Time: 00:01:07.640
EPOCHS: 70 - Training Loss: 0.975514 (37%) - Validation Loss: 0.936624 (39%) - Cost Imp.: -0.0822454 Time: 00:01:12.756
EPOCHS: 75 - Training Loss: 0.970969 (37%) - Validation Loss: 1.17625 (30%) - Cost Imp.: -0.0141503 Time: 00:01:17.878
Actual Epochs/Max Epochs: 79/100 - Best Training Loss: 0.96558 (38%) - Best Validation Loss: 0.934457 (39%) - Best Cost Improvement : -0.0822454
Saved policy stats:  - Training Loss: 0.970494 (37%) - Validation Loss: 0.934457 (39%) - Cost Improvement : -0.0809743
Training finished, total time elapsed: 01:51:44.274
Generating 100000 samples based on policy type: NN_Policy
Progress (node 0 only):
>>>>>10>>>>>20>>>>>30>>>>>40>>>>>50>>>>>60>>>>>70>>>>>80>>>>>90>>>>>100
Simulator statistics 
100000 samples; 53% at Z>0.5; 16% at Z>1; 2% at Z>1.5; 0% at Z>2; 0% at Z>2.5; 0% at Z>3; 
Avg Mean of Q values: 358.041
Elapsed time: 01:52:35.486
loaded 100000 samples from /home/temizoz/DynaPlexFork/IO_DynaPlex/lost_sales_general_b9W5GXiCWPDKUqimYgzDzWPKVExf5=MErKKE1C2rBM4__/samples_gen2.json
{"hidden_layers":[256,128,128,128],"type":"mlp"}
EPOCHS: 0 - Training Loss: 1.69164 (18%) - Validation Loss: 1.66382 (18%) - Cost Imp.: 0.52803 Time: 00:00:01.036
EPOCHS: 5 - Training Loss: 1.19136 (30%) - Validation Loss: 1.39603 (24%) - Cost Imp.: 0.204414 Time: 00:00:06.188
EPOCHS: 10 - Training Loss: 1.0702 (34%) - Validation Loss: 1.05519 (34%) - Cost Imp.: 0.0426655 Time: 00:00:11.361
EPOCHS: 15 - Training Loss: 1.05078 (34%) - Validation Loss: 0.99292 (37%) - Cost Imp.: 0.00705548 Time: 00:00:16.527
EPOCHS: 20 - Training Loss: 1.03801 (35%) - Validation Loss: 1.02156 (36%) - Cost Imp.: 0.0232511 Time: 00:00:21.698
EPOCHS: 25 - Training Loss: 1.0554 (34%) - Validation Loss: 1.03462 (35%) - Cost Imp.: 0.00971921 Time: 00:00:26.860
EPOCHS: 30 - Training Loss: 1.03215 (35%) - Validation Loss: 0.99715 (36%) - Cost Imp.: 0.0168288 Time: 00:00:32.012
EPOCHS: 35 - Training Loss: 1.02876 (35%) - Validation Loss: 1.05223 (34%) - Cost Imp.: 0.0325886 Time: 00:00:37.161
Actual Epochs/Max Epochs: 38/100 - Best Training Loss: 1.02876 (35%) - Best Validation Loss: 0.980948 (37%) - Best Cost Improvement : 0.00119394
Saved policy stats:  - Training Loss: 1.04521 (35%) - Validation Loss: 0.980948 (37%) - Cost Improvement : 0.00247658
Training finished, total time elapsed: 01:53:18.430
Generating 100000 samples based on policy type: NN_Policy
Progress (node 0 only):
>>>>>10>>>>>20>>>>>30>>>>>40>>>>>50>>>>>60>>>>>70>>>>>80>>>>>90>>>>>100
Simulator statistics 
100000 samples; 52% at Z>0.5; 15% at Z>1; 2% at Z>1.5; 0% at Z>2; 0% at Z>2.5; 0% at Z>3; 
Avg Mean of Q values: 358.166
Elapsed time: 01:54:08.809
loaded 100000 samples from /home/temizoz/DynaPlexFork/IO_DynaPlex/lost_sales_general_b9W5GXiCWPDKUqimYgzDzWPKVExf5=MErKKE1C2rBM4__/samples_gen3.json
{"hidden_layers":[256,128,128,128],"type":"mlp"}
EPOCHS: 0 - Training Loss: 1.69963 (18%) - Validation Loss: 1.66497 (18%) - Cost Imp.: 0.545093 Time: 00:00:01.029
EPOCHS: 5 - Training Loss: 1.23388 (29%) - Validation Loss: 1.24384 (28%) - Cost Imp.: 0.1291 Time: 00:00:06.144
EPOCHS: 10 - Training Loss: 1.12954 (32%) - Validation Loss: 1.07319 (34%) - Cost Imp.: 0.001424 Time: 00:00:11.251
EPOCHS: 15 - Training Loss: 1.12033 (32%) - Validation Loss: 1.18324 (30%) - Cost Imp.: 0.0846342 Time: 00:00:16.364
EPOCHS: 20 - Training Loss: 1.10088 (33%) - Validation Loss: 1.22016 (29%) - Cost Imp.: 0.0776914 Time: 00:00:21.493
EPOCHS: 25 - Training Loss: 1.08454 (33%) - Validation Loss: 1.02824 (35%) - Cost Imp.: 7.98057e-05 Time: 00:00:26.609
EPOCHS: 30 - Training Loss: 1.07889 (33%) - Validation Loss: 1.03738 (35%) - Cost Imp.: 0.00374783 Time: 00:00:31.731
EPOCHS: 35 - Training Loss: 1.08006 (33%) - Validation Loss: 1.05645 (34%) - Cost Imp.: 0.00120052 Time: 00:00:36.846
EPOCHS: 40 - Training Loss: 1.08798 (33%) - Validation Loss: 1.09425 (33%) - Cost Imp.: 0.0129385 Time: 00:00:41.971
EPOCHS: 45 - Training Loss: 1.08288 (33%) - Validation Loss: 1.2053 (29%) - Cost Imp.: 0.0544697 Time: 00:00:47.097
Actual Epochs/Max Epochs: 47/100 - Best Training Loss: 1.06835 (34%) - Best Validation Loss: 1.02231 (35%) - Best Cost Improvement : -0.00330496
Saved policy stats:  - Training Loss: 1.08098 (33%) - Validation Loss: 1.02231 (35%) - Cost Improvement : 2.10159e-05
Training finished, total time elapsed: 01:55:00.618
Generating 100000 samples based on policy type: NN_Policy
Progress (node 0 only):
>>>>>10>>>>>20>>>>>30>>>>>40>>>>>50>>>>>60>>>>>70>>>>>80>>>>>90>>>>>100
Simulator statistics 
100000 samples; 53% at Z>0.5; 16% at Z>1; 2% at Z>1.5; 0% at Z>2; 0% at Z>2.5; 0% at Z>3; 
Avg Mean of Q values: 358.055
Elapsed time: 01:55:52.324
loaded 100000 samples from /home/temizoz/DynaPlexFork/IO_DynaPlex/lost_sales_general_b9W5GXiCWPDKUqimYgzDzWPKVExf5=MErKKE1C2rBM4__/samples_gen4.json
{"hidden_layers":[256,128,128,128],"type":"mlp"}
EPOCHS: 0 - Training Loss: 1.69394 (18%) - Validation Loss: 1.67228 (18%) - Cost Imp.: 0.531483 Time: 00:00:01.030
EPOCHS: 5 - Training Loss: 1.18499 (30%) - Validation Loss: 1.09919 (33%) - Cost Imp.: 0.0170124 Time: 00:00:06.160
EPOCHS: 10 - Training Loss: 1.07562 (34%) - Validation Loss: 1.0187 (36%) - Cost Imp.: -0.00229431 Time: 00:00:11.315
EPOCHS: 15 - Training Loss: 1.061 (34%) - Validation Loss: 1.01863 (36%) - Cost Imp.: -0.0138015 Time: 00:00:16.471
EPOCHS: 20 - Training Loss: 1.0545 (34%) - Validation Loss: 1.04262 (35%) - Cost Imp.: -0.00524274 Time: 00:00:21.624
EPOCHS: 25 - Training Loss: 1.04561 (35%) - Validation Loss: 1.00841 (36%) - Cost Imp.: -0.000680665 Time: 00:00:26.774
EPOCHS: 30 - Training Loss: 1.04535 (35%) - Validation Loss: 1.02286 (35%) - Cost Imp.: 0.00673525 Time: 00:00:31.929
EPOCHS: 35 - Training Loss: 1.03729 (35%) - Validation Loss: 1.0642 (34%) - Cost Imp.: 0.012836 Time: 00:00:37.089
Actual Epochs/Max Epochs: 39/100 - Best Training Loss: 1.02987 (35%) - Best Validation Loss: 1.00734 (36%) - Best Cost Improvement : -0.0138015
Saved policy stats:  - Training Loss: 1.04044 (35%) - Validation Loss: 1.00734 (36%) - Cost Improvement : -0.00787059
Training finished, total time elapsed: 01:56:36.067
{"mean":17.786104400000006,"mean_stat_1":0.9975681050022241,"policy":{"id":"greedy_capped_base_stock"}}
{"mean":17.110657799999988,"mean_difference":-0.6754466000000185,"mean_gap":-3.7976084296458885,"mean_stat_1":0.996041201976149,"policy":{"gen":1,"id":"NN_Policy","nn_architecture":{"hidden_layers":[256,128,128,128],"type":"mlp"},"num_inputs":4,"num_outputs":18}}
{"mean":17.06591479999999,"mean_difference":-0.7201896000000154,"mean_gap":-4.0491699801335646,"mean_stat_1":0.9950910941810348,"policy":{"gen":2,"id":"NN_Policy","nn_architecture":{"hidden_layers":[256,128,128,128],"type":"mlp"},"num_inputs":4,"num_outputs":18}}
{"mean":17.071280800000004,"mean_difference":-0.7148236000000026,"mean_gap":-4.019000360753546,"mean_stat_1":0.9950784892134498,"policy":{"gen":3,"id":"NN_Policy","nn_architecture":{"hidden_layers":[256,128,128,128],"type":"mlp"},"num_inputs":4,"num_outputs":18}}
{"mean":17.066192399999967,"mean_difference":-0.7199120000000399,"mean_gap":-4.047609211154971,"mean_stat_1":0.9952174277180561,"policy":{"gen":4,"id":"NN_Policy","nn_architecture":{"hidden_layers":[256,128,128,128],"type":"mlp"},"num_inputs":4,"num_outputs":18}}
{"mean":17.067627399999996,"mean_difference":-0.7184770000000107,"mean_gap":-4.039541115029159,"mean_stat_1":0.9949821570872182,"policy":{"gen":5,"id":"NN_Policy","nn_architecture":{"hidden_layers":[256,128,128,128],"type":"mlp"},"num_inputs":4,"num_outputs":18}}
Best network:  2
{"leadtime":8,"mean_demand":[10.0],"p":69.0,"stdDemand":[3.1622776601683795]}
Generating 100000 samples based on policy type: greedy_capped_base_stock
Progress (node 0 only):
>>>>>10>>>>>20>>>>>30>>>>>40>>>>>50>>>>>60>>>>>70>>>>>80>>>>>90>>>>>100
Simulator statistics 
100000 samples; 55% at Z>0.5; 13% at Z>1; 1% at Z>1.5; 0% at Z>2; 0% at Z>2.5; 0% at Z>3; 
Avg Mean of Q values: 463.59
Elapsed time: 01:56:53.244
loaded 100000 samples from /home/temizoz/DynaPlexFork/IO_DynaPlex/lost_sales_general_6CHzuLUhsq21eiTCNhmeXhg2xbvnoAg2CJ2aIeC48CA__/samples_gen0.json
{"hidden_layers":[256,128,128,128],"type":"mlp"}
EPOCHS: 0 - Training Loss: 1.62604 (19%) - Validation Loss: 1.60125 (20%) - Cost Imp.: -1.75437 Time: 00:00:01.041
EPOCHS: 5 - Training Loss: 1.5352 (21%) - Validation Loss: 1.55131 (21%) - Cost Imp.: -1.79942 Time: 00:00:06.253
EPOCHS: 10 - Training Loss: 1.23334 (29%) - Validation Loss: 1.34241 (26%) - Cost Imp.: -2.02424 Time: 00:00:11.427
EPOCHS: 15 - Training Loss: 1.13628 (32%) - Validation Loss: 1.06859 (34%) - Cost Imp.: -2.0762 Time: 00:00:16.580
EPOCHS: 20 - Training Loss: 1.08672 (33%) - Validation Loss: 1.11773 (32%) - Cost Imp.: -2.00815 Time: 00:00:21.717
EPOCHS: 25 - Training Loss: 1.06692 (34%) - Validation Loss: 1.00573 (36%) - Cost Imp.: -2.08242 Time: 00:00:26.865
EPOCHS: 30 - Training Loss: 1.05816 (34%) - Validation Loss: 1.0739 (34%) - Cost Imp.: -2.10419 Time: 00:00:31.995
EPOCHS: 35 - Training Loss: 1.03312 (35%) - Validation Loss: 0.999909 (36%) - Cost Imp.: -2.07868 Time: 00:00:37.123
EPOCHS: 40 - Training Loss: 1.0468 (35%) - Validation Loss: 1.19073 (30%) - Cost Imp.: -1.97947 Time: 00:00:42.256
EPOCHS: 45 - Training Loss: 1.04666 (35%) - Validation Loss: 1.03005 (35%) - Cost Imp.: -2.10314 Time: 00:00:47.387
EPOCHS: 50 - Training Loss: 1.0214 (36%) - Validation Loss: 1.20788 (29%) - Cost Imp.: -2.08386 Time: 00:00:52.520
Actual Epochs/Max Epochs: 51/100 - Best Training Loss: 1.0214 (36%) - Best Validation Loss: 0.999909 (36%) - Best Cost Improvement : -2.10793
Saved policy stats:  - Training Loss: 1.03312 (35%) - Validation Loss: 0.999909 (36%) - Cost Improvement : -2.07868
Training finished, total time elapsed: 01:57:49.636
Generating 100000 samples based on policy type: NN_Policy
Progress (node 0 only):
>>>>>10>>>>>20>>>>>30>>>>>40>>>>>50>>>>>60>>>>>70>>>>>80>>>>>90>>>>>100
Simulator statistics 
100000 samples; 52% at Z>0.5; 14% at Z>1; 1% at Z>1.5; 0% at Z>2; 0% at Z>2.5; 0% at Z>3; 
Avg Mean of Q values: 437.436
Elapsed time: 01:58:48.666
loaded 100000 samples from /home/temizoz/DynaPlexFork/IO_DynaPlex/lost_sales_general_6CHzuLUhsq21eiTCNhmeXhg2xbvnoAg2CJ2aIeC48CA__/samples_gen1.json
{"hidden_layers":[256,128,128,128],"type":"mlp"}
EPOCHS: 0 - Training Loss: 1.82599 (16%) - Validation Loss: 1.79493 (16%) - Cost Imp.: 0.291526 Time: 00:00:01.040
EPOCHS: 5 - Training Loss: 1.53831 (21%) - Validation Loss: 1.38367 (25%) - Cost Imp.: -0.242206 Time: 00:00:06.209
EPOCHS: 10 - Training Loss: 1.24795 (28%) - Validation Loss: 1.11926 (32%) - Cost Imp.: -0.384197 Time: 00:00:11.385
EPOCHS: 15 - Training Loss: 1.16052 (31%) - Validation Loss: 1.12095 (32%) - Cost Imp.: -0.385195 Time: 00:00:16.551
EPOCHS: 20 - Training Loss: 1.14869 (31%) - Validation Loss: 1.19209 (30%) - Cost Imp.: -0.349778 Time: 00:00:21.714
EPOCHS: 25 - Training Loss: 1.15774 (31%) - Validation Loss: 1.06433 (34%) - Cost Imp.: -0.406323 Time: 00:00:26.877
EPOCHS: 30 - Training Loss: 1.14191 (31%) - Validation Loss: 1.04249 (35%) - Cost Imp.: -0.422586 Time: 00:00:32.042
EPOCHS: 35 - Training Loss: 1.12677 (32%) - Validation Loss: 1.03463 (35%) - Cost Imp.: -0.423641 Time: 00:00:37.190
EPOCHS: 40 - Training Loss: 1.12342 (32%) - Validation Loss: 1.36464 (25%) - Cost Imp.: -0.259795 Time: 00:00:42.347
EPOCHS: 45 - Training Loss: 1.11017 (32%) - Validation Loss: 1.18342 (30%) - Cost Imp.: -0.367458 Time: 00:00:47.489
EPOCHS: 50 - Training Loss: 1.10297 (33%) - Validation Loss: 1.02948 (35%) - Cost Imp.: -0.426913 Time: 00:00:52.632
EPOCHS: 55 - Training Loss: 1.11677 (32%) - Validation Loss: 1.0883 (33%) - Cost Imp.: -0.388394 Time: 00:00:57.773
EPOCHS: 60 - Training Loss: 1.08361 (33%) - Validation Loss: 1.02509 (35%) - Cost Imp.: -0.419547 Time: 00:01:02.925
EPOCHS: 65 - Training Loss: 1.07652 (34%) - Validation Loss: 1.02173 (35%) - Cost Imp.: -0.424116 Time: 00:01:08.062
EPOCHS: 70 - Training Loss: 1.08669 (33%) - Validation Loss: 1.17896 (30%) - Cost Imp.: -0.375287 Time: 00:01:13.211
EPOCHS: 75 - Training Loss: 1.09339 (33%) - Validation Loss: 1.02502 (35%) - Cost Imp.: -0.420808 Time: 00:01:18.361
EPOCHS: 80 - Training Loss: 1.07054 (34%) - Validation Loss: 1.02171 (35%) - Cost Imp.: -0.424642 Time: 00:01:23.519
EPOCHS: 85 - Training Loss: 1.07344 (34%) - Validation Loss: 1.03384 (35%) - Cost Imp.: -0.414034 Time: 00:01:28.652
EPOCHS: 90 - Training Loss: 1.06877 (34%) - Validation Loss: 1.02218 (35%) - Cost Imp.: -0.421127 Time: 00:01:33.780
EPOCHS: 95 - Training Loss: 1.07494 (34%) - Validation Loss: 1.03194 (35%) - Cost Imp.: -0.430515 Time: 00:01:38.922
Actual Epochs/Max Epochs: 96/100 - Best Training Loss: 1.04886 (35%) - Best Validation Loss: 1.02171 (35%) - Best Cost Improvement : -0.432185
Saved policy stats:  - Training Loss: 1.07054 (34%) - Validation Loss: 1.02171 (35%) - Cost Improvement : -0.424642
Training finished, total time elapsed: 02:00:31.753
Generating 100000 samples based on policy type: NN_Policy
Progress (node 0 only):
>>>>>10>>>>>20>>>>>30>>>>>40>>>>>50>>>>>60>>>>>70>>>>>80>>>>>90>>>>>100
Simulator statistics 
100000 samples; 51% at Z>0.5; 13% at Z>1; 1% at Z>1.5; 0% at Z>2; 0% at Z>2.5; 0% at Z>3; 
Avg Mean of Q values: 436.676
Elapsed time: 02:01:29.835
loaded 100000 samples from /home/temizoz/DynaPlexFork/IO_DynaPlex/lost_sales_general_6CHzuLUhsq21eiTCNhmeXhg2xbvnoAg2CJ2aIeC48CA__/samples_gen2.json
{"hidden_layers":[256,128,128,128],"type":"mlp"}
EPOCHS: 0 - Training Loss: 1.84693 (15%) - Validation Loss: 1.81056 (16%) - Cost Imp.: 0.68754 Time: 00:00:01.044
EPOCHS: 5 - Training Loss: 1.60348 (20%) - Validation Loss: 1.55615 (21%) - Cost Imp.: 0.286811 Time: 00:00:06.213
EPOCHS: 10 - Training Loss: 1.26107 (28%) - Validation Loss: 1.15812 (31%) - Cost Imp.: 0.0220253 Time: 00:00:11.357
EPOCHS: 15 - Training Loss: 1.19581 (30%) - Validation Loss: 1.14604 (31%) - Cost Imp.: 0.0323233 Time: 00:00:16.517
EPOCHS: 20 - Training Loss: 1.17919 (30%) - Validation Loss: 1.0763 (34%) - Cost Imp.: -0.00768705 Time: 00:00:21.690
EPOCHS: 25 - Training Loss: 1.1762 (30%) - Validation Loss: 1.10426 (33%) - Cost Imp.: 0.0180697 Time: 00:00:26.854
EPOCHS: 30 - Training Loss: 1.1398 (31%) - Validation Loss: 1.08111 (33%) - Cost Imp.: -0.00532349 Time: 00:00:32.010
EPOCHS: 35 - Training Loss: 1.14709 (31%) - Validation Loss: 1.08246 (33%) - Cost Imp.: -0.00783891 Time: 00:00:37.167
EPOCHS: 40 - Training Loss: 1.13955 (31%) - Validation Loss: 1.05795 (34%) - Cost Imp.: -0.0122139 Time: 00:00:42.322
EPOCHS: 45 - Training Loss: 1.13258 (32%) - Validation Loss: 1.20423 (29%) - Cost Imp.: 0.0489108 Time: 00:00:47.461
EPOCHS: 50 - Training Loss: 1.1371 (32%) - Validation Loss: 1.1581 (31%) - Cost Imp.: 0.0404176 Time: 00:00:52.618
EPOCHS: 55 - Training Loss: 1.13623 (32%) - Validation Loss: 1.09948 (33%) - Cost Imp.: 0.0124527 Time: 00:00:57.768
EPOCHS: 60 - Training Loss: 1.1332 (32%) - Validation Loss: 1.06803 (34%) - Cost Imp.: -0.00807494 Time: 00:01:02.918
EPOCHS: 65 - Training Loss: 1.12412 (32%) - Validation Loss: 1.16649 (31%) - Cost Imp.: 0.048031 Time: 00:01:08.070
EPOCHS: 70 - Training Loss: 1.11795 (32%) - Validation Loss: 1.07383 (34%) - Cost Imp.: -0.00600195 Time: 00:01:13.212
EPOCHS: 75 - Training Loss: 1.124 (32%) - Validation Loss: 1.22503 (29%) - Cost Imp.: 0.0606947 Time: 00:01:18.355
EPOCHS: 80 - Training Loss: 1.09701 (33%) - Validation Loss: 1.0564 (34%) - Cost Imp.: -0.00607161 Time: 00:01:23.498
Actual Epochs/Max Epochs: 82/100 - Best Training Loss: 1.09431 (33%) - Best Validation Loss: 1.04289 (35%) - Best Cost Improvement : -0.0211864
Saved policy stats:  - Training Loss: 1.10038 (33%) - Validation Loss: 1.04289 (35%) - Cost Improvement : -0.0211864
Training finished, total time elapsed: 02:02:58.428
Generating 100000 samples based on policy type: NN_Policy
Progress (node 0 only):
>>>>>10>>>>>20>>>>>30>>>>>40>>>>>50>>>>>60>>>>>70>>>>>80>>>>>90>>>>>100
Simulator statistics 
100000 samples; 52% at Z>0.5; 13% at Z>1; 1% at Z>1.5; 0% at Z>2; 0% at Z>2.5; 0% at Z>3; 
Avg Mean of Q values: 436.076
Elapsed time: 02:03:56.781
loaded 100000 samples from /home/temizoz/DynaPlexFork/IO_DynaPlex/lost_sales_general_6CHzuLUhsq21eiTCNhmeXhg2xbvnoAg2CJ2aIeC48CA__/samples_gen3.json
{"hidden_layers":[256,128,128,128],"type":"mlp"}
EPOCHS: 0 - Training Loss: 1.84014 (15%) - Validation Loss: 1.80206 (16%) - Cost Imp.: 0.688604 Time: 00:00:01.056
EPOCHS: 5 - Training Loss: 1.62802 (19%) - Validation Loss: 1.59576 (20%) - Cost Imp.: 0.383559 Time: 00:00:06.244
EPOCHS: 10 - Training Loss: 1.26311 (28%) - Validation Loss: 1.15681 (31%) - Cost Imp.: 0.0412927 Time: 00:00:11.445
EPOCHS: 15 - Training Loss: 1.16533 (31%) - Validation Loss: 1.08915 (33%) - Cost Imp.: 0.0288181 Time: 00:00:16.648
EPOCHS: 20 - Training Loss: 1.1414 (31%) - Validation Loss: 1.07731 (34%) - Cost Imp.: 0.0280897 Time: 00:00:21.830
EPOCHS: 25 - Training Loss: 1.13724 (32%) - Validation Loss: 1.16646 (31%) - Cost Imp.: 0.0660776 Time: 00:00:27.014
EPOCHS: 30 - Training Loss: 1.11889 (32%) - Validation Loss: 1.07886 (33%) - Cost Imp.: 0.0247993 Time: 00:00:32.191
EPOCHS: 35 - Training Loss: 1.12482 (32%) - Validation Loss: 1.05743 (34%) - Cost Imp.: 0.0189749 Time: 00:00:37.362
Actual Epochs/Max Epochs: 40/100 - Best Training Loss: 1.10767 (33%) - Best Validation Loss: 1.05121 (34%) - Best Cost Improvement : 0.0113058
Saved policy stats:  - Training Loss: 1.11386 (32%) - Validation Loss: 1.05121 (34%) - Cost Improvement : 0.0150977
Training finished, total time elapsed: 02:04:42.302
Generating 100000 samples based on policy type: NN_Policy
Progress (node 0 only):
>>>>>10>>>>>20>>>>>30>>>>>40>>>>>50>>>>>60>>>>>70>>>>>80>>>>>90>>>>>100
Simulator statistics 
100000 samples; 50% at Z>0.5; 13% at Z>1; 1% at Z>1.5; 0% at Z>2; 0% at Z>2.5; 0% at Z>3; 
Avg Mean of Q values: 436.138
Elapsed time: 02:05:40.741
loaded 100000 samples from /home/temizoz/DynaPlexFork/IO_DynaPlex/lost_sales_general_6CHzuLUhsq21eiTCNhmeXhg2xbvnoAg2CJ2aIeC48CA__/samples_gen4.json
{"hidden_layers":[256,128,128,128],"type":"mlp"}
EPOCHS: 0 - Training Loss: 1.83915 (15%) - Validation Loss: 1.82163 (16%) - Cost Imp.: 0.631298 Time: 00:00:01.041
EPOCHS: 5 - Training Loss: 1.63431 (19%) - Validation Loss: 1.55354 (21%) - Cost Imp.: 0.300077 Time: 00:00:06.262
EPOCHS: 10 - Training Loss: 1.27444 (27%) - Validation Loss: 1.20438 (29%) - Cost Imp.: 0.0332857 Time: 00:00:11.466
EPOCHS: 15 - Training Loss: 1.18398 (30%) - Validation Loss: 1.12298 (32%) - Cost Imp.: 0.0175496 Time: 00:00:16.644
EPOCHS: 20 - Training Loss: 1.16793 (31%) - Validation Loss: 1.13213 (32%) - Cost Imp.: 0.0233011 Time: 00:00:21.833
EPOCHS: 25 - Training Loss: 1.17523 (30%) - Validation Loss: 1.1208 (32%) - Cost Imp.: 0.0113412 Time: 00:00:27.014
EPOCHS: 30 - Training Loss: 1.16167 (31%) - Validation Loss: 1.25023 (28%) - Cost Imp.: 0.052965 Time: 00:00:32.195
EPOCHS: 35 - Training Loss: 1.13955 (31%) - Validation Loss: 1.10118 (33%) - Cost Imp.: 0.00278625 Time: 00:00:37.364
EPOCHS: 40 - Training Loss: 1.14873 (31%) - Validation Loss: 1.22143 (29%) - Cost Imp.: 0.0843003 Time: 00:00:42.534
EPOCHS: 45 - Training Loss: 1.12647 (32%) - Validation Loss: 1.09773 (33%) - Cost Imp.: 0.00149352 Time: 00:00:47.708
EPOCHS: 50 - Training Loss: 1.14379 (31%) - Validation Loss: 1.125 (32%) - Cost Imp.: 0.00598944 Time: 00:00:52.875
EPOCHS: 55 - Training Loss: 1.12757 (32%) - Validation Loss: 1.09333 (33%) - Cost Imp.: 0.00689808 Time: 00:00:58.048
EPOCHS: 60 - Training Loss: 1.11803 (32%) - Validation Loss: 1.34453 (26%) - Cost Imp.: 0.100182 Time: 00:01:03.228
Actual Epochs/Max Epochs: 64/100 - Best Training Loss: 1.11113 (32%) - Best Validation Loss: 1.0861 (33%) - Best Cost Improvement : -0.00488951
Saved policy stats:  - Training Loss: 1.12314 (32%) - Validation Loss: 1.0861 (33%) - Cost Improvement : 0.00205879
Training finished, total time elapsed: 02:06:51.132
{"mean":22.836404400000017,"mean_stat_1":0.9976385392782905,"policy":{"id":"greedy_capped_base_stock"}}
{"mean":21.1010072,"mean_difference":-1.7353972000000155,"mean_gap":-7.599257613427158,"mean_stat_1":0.9955336279454724,"policy":{"gen":1,"id":"NN_Policy","nn_architecture":{"hidden_layers":[256,128,128,128],"type":"mlp"},"num_inputs":8,"num_outputs":18}}
{"mean":20.75859440000002,"mean_difference":-2.077809999999996,"mean_gap":-9.098674045201243,"mean_stat_1":0.992898912115342,"policy":{"gen":2,"id":"NN_Policy","nn_architecture":{"hidden_layers":[256,128,128,128],"type":"mlp"},"num_inputs":8,"num_outputs":18}}
{"mean":20.754165799999974,"mean_difference":-2.082238600000043,"mean_gap":-9.118066765361894,"mean_stat_1":0.9933343640629811,"policy":{"gen":3,"id":"NN_Policy","nn_architecture":{"hidden_layers":[256,128,128,128],"type":"mlp"},"num_inputs":8,"num_outputs":18}}
{"mean":20.761015599999983,"mean_difference":-2.0753888000000345,"mean_gap":-9.088071675591946,"mean_stat_1":0.9933769653313413,"policy":{"gen":4,"id":"NN_Policy","nn_architecture":{"hidden_layers":[256,128,128,128],"type":"mlp"},"num_inputs":8,"num_outputs":18}}
{"mean":20.757839600000008,"mean_difference":-2.0785648000000094,"mean_gap":-9.101979294078397,"mean_stat_1":0.9935103909467745,"policy":{"gen":5,"id":"NN_Policy","nn_architecture":{"hidden_layers":[256,128,128,128],"type":"mlp"},"num_inputs":8,"num_outputs":18}}
Best network:  3
{"leadtime":4,"mean_demand":[10.0],"p":69.0,"stdDemand":[10.488088481701515]}
Generating 100000 samples based on policy type: greedy_capped_base_stock
Progress (node 0 only):
>>>>>10>>>>>20>>>>>30>>>>>40>>>>>50>>>>>60>>>>>70>>>>>80>>>>>90>>>>>100
Simulator statistics 
100000 samples; 23% at Z>0.5; 3% at Z>1; 0% at Z>1.5; 0% at Z>2; 0% at Z>2.5; 0% at Z>3; 
Avg Mean of Q values: 1473.74
Elapsed time: 02:07:10.865
loaded 100000 samples from /home/temizoz/DynaPlexFork/IO_DynaPlex/lost_sales_general_XC9lLkrICSqGp0uinjcVFC5eaIq7SImSkRMx9YdyNKM__/samples_gen0.json
{"hidden_layers":[256,128,128,128],"type":"mlp"}
EPOCHS: 0 - Training Loss: 2.80608 (6%) - Validation Loss: 2.78993 (6%) - Cost Imp.: -2.67977 Time: 00:00:01.097
EPOCHS: 5 - Training Loss: 2.28211 (10%) - Validation Loss: 2.26474 (10%) - Cost Imp.: -5.31893 Time: 00:00:06.486
EPOCHS: 10 - Training Loss: 2.22884 (10%) - Validation Loss: 2.2276 (10%) - Cost Imp.: -5.18765 Time: 00:00:11.857
EPOCHS: 15 - Training Loss: 2.22931 (10%) - Validation Loss: 2.23033 (10%) - Cost Imp.: -5.08998 Time: 00:00:17.233
EPOCHS: 20 - Training Loss: 2.2277 (10%) - Validation Loss: 2.22749 (10%) - Cost Imp.: -5.04325 Time: 00:00:22.578
EPOCHS: 25 - Training Loss: 2.21063 (10%) - Validation Loss: 2.21854 (10%) - Cost Imp.: -5.28326 Time: 00:00:27.928
EPOCHS: 30 - Training Loss: 2.2123 (10%) - Validation Loss: 2.24019 (10%) - Cost Imp.: -5.03398 Time: 00:00:33.276
EPOCHS: 35 - Training Loss: 2.21097 (10%) - Validation Loss: 2.21404 (10%) - Cost Imp.: -5.28487 Time: 00:00:38.628
EPOCHS: 40 - Training Loss: 2.20394 (11%) - Validation Loss: 2.24069 (10%) - Cost Imp.: -5.40273 Time: 00:00:43.964
EPOCHS: 45 - Training Loss: 2.2104 (10%) - Validation Loss: 2.21748 (10%) - Cost Imp.: -5.34642 Time: 00:00:49.315
EPOCHS: 50 - Training Loss: 2.20739 (10%) - Validation Loss: 2.20923 (10%) - Cost Imp.: -5.40214 Time: 00:00:54.666
Actual Epochs/Max Epochs: 54/100 - Best Training Loss: 2.19829 (11%) - Best Validation Loss: 2.2026 (11%) - Best Cost Improvement : -5.46496
Saved policy stats:  - Training Loss: 2.20832 (10%) - Validation Loss: 2.2026 (11%) - Cost Improvement : -5.25985
Training finished, total time elapsed: 02:08:13.332
Generating 100000 samples based on policy type: NN_Policy
Progress (node 0 only):
>>>>>10>>>>>20>>>>>30>>>>>40>>>>>50>>>>>60>>>>>70>>>>>80>>>>>90>>>>>100
Simulator statistics 
100000 samples; 25% at Z>0.5; 2% at Z>1; 0% at Z>1.5; 0% at Z>2; 0% at Z>2.5; 0% at Z>3; 
Avg Mean of Q values: 1389.78
Elapsed time: 02:10:05.780
loaded 100000 samples from /home/temizoz/DynaPlexFork/IO_DynaPlex/lost_sales_general_XC9lLkrICSqGp0uinjcVFC5eaIq7SImSkRMx9YdyNKM__/samples_gen1.json
{"hidden_layers":[256,128,128,128],"type":"mlp"}
EPOCHS: 0 - Training Loss: 2.92986 (5%) - Validation Loss: 2.90435 (5%) - Cost Imp.: 3.51532 Time: 00:00:01.083
EPOCHS: 5 - Training Loss: 2.2744 (10%) - Validation Loss: 2.23308 (10%) - Cost Imp.: -0.220074 Time: 00:00:06.450
EPOCHS: 10 - Training Loss: 2.2284 (10%) - Validation Loss: 2.25715 (10%) - Cost Imp.: -0.338085 Time: 00:00:11.800
EPOCHS: 15 - Training Loss: 2.23213 (10%) - Validation Loss: 2.18519 (11%) - Cost Imp.: -0.33782 Time: 00:00:17.153
EPOCHS: 20 - Training Loss: 2.20856 (10%) - Validation Loss: 2.18517 (11%) - Cost Imp.: -0.265143 Time: 00:00:22.513
EPOCHS: 25 - Training Loss: 2.20636 (11%) - Validation Loss: 2.20223 (11%) - Cost Imp.: -0.206517 Time: 00:00:27.880
EPOCHS: 30 - Training Loss: 2.20162 (11%) - Validation Loss: 2.2333 (10%) - Cost Imp.: -0.118662 Time: 00:00:33.234
EPOCHS: 35 - Training Loss: 2.19017 (11%) - Validation Loss: 2.17867 (11%) - Cost Imp.: -0.341332 Time: 00:00:38.606
EPOCHS: 40 - Training Loss: 2.18792 (11%) - Validation Loss: 2.17439 (11%) - Cost Imp.: -0.330824 Time: 00:00:43.993
EPOCHS: 45 - Training Loss: 2.18575 (11%) - Validation Loss: 2.17063 (11%) - Cost Imp.: -0.369319 Time: 00:00:49.356
EPOCHS: 50 - Training Loss: 2.18957 (11%) - Validation Loss: 2.19739 (11%) - Cost Imp.: -0.232528 Time: 00:00:54.727
EPOCHS: 55 - Training Loss: 2.17625 (11%) - Validation Loss: 2.21432 (10%) - Cost Imp.: -0.376738 Time: 00:01:00.093
EPOCHS: 60 - Training Loss: 2.18574 (11%) - Validation Loss: 2.18403 (11%) - Cost Imp.: -0.234667 Time: 00:01:05.453
EPOCHS: 65 - Training Loss: 2.17801 (11%) - Validation Loss: 2.19073 (11%) - Cost Imp.: -0.378509 Time: 00:01:10.819
EPOCHS: 70 - Training Loss: 2.18506 (11%) - Validation Loss: 2.18965 (11%) - Cost Imp.: -0.410647 Time: 00:01:16.188
Actual Epochs/Max Epochs: 73/100 - Best Training Loss: 2.17225 (11%) - Best Validation Loss: 2.16947 (11%) - Best Cost Improvement : -0.410647
Saved policy stats:  - Training Loss: 2.17867 (11%) - Validation Loss: 2.16947 (11%) - Cost Improvement : -0.294026
Training finished, total time elapsed: 02:11:29.486
Generating 100000 samples based on policy type: NN_Policy
Progress (node 0 only):
>>>>>10>>>>>20>>>>>30>>>>>40>>>>>50>>>>>60>>>>>70>>>>>80>>>>>90>>>>>100
Simulator statistics 
100000 samples; 25% at Z>0.5; 2% at Z>1; 0% at Z>1.5; 0% at Z>2; 0% at Z>2.5; 0% at Z>3; 
Avg Mean of Q values: 1384.79
Elapsed time: 02:13:20.906
loaded 100000 samples from /home/temizoz/DynaPlexFork/IO_DynaPlex/lost_sales_general_XC9lLkrICSqGp0uinjcVFC5eaIq7SImSkRMx9YdyNKM__/samples_gen2.json
{"hidden_layers":[256,128,128,128],"type":"mlp"}
EPOCHS: 0 - Training Loss: 2.92743 (5%) - Validation Loss: 2.90428 (5%) - Cost Imp.: 3.90184 Time: 00:00:01.088
EPOCHS: 5 - Training Loss: 2.24782 (10%) - Validation Loss: 2.23803 (10%) - Cost Imp.: 0.160191 Time: 00:00:06.494
EPOCHS: 10 - Training Loss: 2.22815 (10%) - Validation Loss: 2.19144 (11%) - Cost Imp.: 0.0540742 Time: 00:00:11.909
EPOCHS: 15 - Training Loss: 2.20696 (11%) - Validation Loss: 2.16532 (11%) - Cost Imp.: -0.104797 Time: 00:00:17.327
EPOCHS: 20 - Training Loss: 2.19598 (11%) - Validation Loss: 2.16803 (11%) - Cost Imp.: -0.0404624 Time: 00:00:22.751
EPOCHS: 25 - Training Loss: 2.18132 (11%) - Validation Loss: 2.16094 (11%) - Cost Imp.: 0.0112363 Time: 00:00:28.194
EPOCHS: 30 - Training Loss: 2.1702 (11%) - Validation Loss: 2.14528 (11%) - Cost Imp.: -0.0183891 Time: 00:00:33.630
EPOCHS: 35 - Training Loss: 2.17062 (11%) - Validation Loss: 2.15354 (11%) - Cost Imp.: -0.0481457 Time: 00:00:39.032
EPOCHS: 40 - Training Loss: 2.15768 (11%) - Validation Loss: 2.1887 (11%) - Cost Imp.: -0.097181 Time: 00:00:44.460
EPOCHS: 45 - Training Loss: 2.15781 (11%) - Validation Loss: 2.13772 (11%) - Cost Imp.: -0.0292022 Time: 00:00:49.874
EPOCHS: 50 - Training Loss: 2.15505 (11%) - Validation Loss: 2.17884 (11%) - Cost Imp.: -0.0962664 Time: 00:00:55.286
EPOCHS: 55 - Training Loss: 2.15518 (11%) - Validation Loss: 2.18132 (11%) - Cost Imp.: -0.112721 Time: 00:01:00.690
EPOCHS: 60 - Training Loss: 2.15026 (11%) - Validation Loss: 2.22418 (10%) - Cost Imp.: -0.12123 Time: 00:01:06.110
EPOCHS: 65 - Training Loss: 2.14533 (11%) - Validation Loss: 2.16053 (11%) - Cost Imp.: 0.041202 Time: 00:01:11.508
EPOCHS: 70 - Training Loss: 2.14781 (11%) - Validation Loss: 2.13775 (11%) - Cost Imp.: -0.0234677 Time: 00:01:16.929
Actual Epochs/Max Epochs: 74/100 - Best Training Loss: 2.14533 (11%) - Best Validation Loss: 2.13739 (11%) - Best Cost Improvement : -0.135991
Saved policy stats:  - Training Loss: 2.15784 (11%) - Validation Loss: 2.13739 (11%) - Cost Improvement : -0.0773022
Training finished, total time elapsed: 02:14:46.340
Generating 100000 samples based on policy type: NN_Policy
Progress (node 0 only):
>>>>>10>>>>>20>>>>>30>>>>>40>>>>>50>>>>>60>>>>>70>>>>>80>>>>>90>>>>>100
Simulator statistics 
100000 samples; 25% at Z>0.5; 2% at Z>1; 0% at Z>1.5; 0% at Z>2; 0% at Z>2.5; 0% at Z>3; 
Avg Mean of Q values: 1384.46
Elapsed time: 02:16:35.067
loaded 100000 samples from /home/temizoz/DynaPlexFork/IO_DynaPlex/lost_sales_general_XC9lLkrICSqGp0uinjcVFC5eaIq7SImSkRMx9YdyNKM__/samples_gen3.json
{"hidden_layers":[256,128,128,128],"type":"mlp"}
EPOCHS: 0 - Training Loss: 2.9276 (5%) - Validation Loss: 2.91416 (5%) - Cost Imp.: 4.21088 Time: 00:00:01.081
EPOCHS: 5 - Training Loss: 2.29365 (10%) - Validation Loss: 2.21024 (10%) - Cost Imp.: -0.013103 Time: 00:00:06.446
EPOCHS: 10 - Training Loss: 2.23174 (10%) - Validation Loss: 2.22978 (10%) - Cost Imp.: 0.254426 Time: 00:00:11.803
EPOCHS: 15 - Training Loss: 2.2173 (10%) - Validation Loss: 2.19931 (11%) - Cost Imp.: -0.0545076 Time: 00:00:17.177
EPOCHS: 20 - Training Loss: 2.21592 (10%) - Validation Loss: 2.15983 (11%) - Cost Imp.: -0.0206128 Time: 00:00:22.557
EPOCHS: 25 - Training Loss: 2.1911 (11%) - Validation Loss: 2.2003 (11%) - Cost Imp.: 0.229439 Time: 00:00:27.926
EPOCHS: 30 - Training Loss: 2.18942 (11%) - Validation Loss: 2.15135 (11%) - Cost Imp.: 0.0626561 Time: 00:00:33.291
EPOCHS: 35 - Training Loss: 2.1885 (11%) - Validation Loss: 2.22178 (10%) - Cost Imp.: 0.267291 Time: 00:00:38.652
EPOCHS: 40 - Training Loss: 2.17315 (11%) - Validation Loss: 2.13675 (11%) - Cost Imp.: -0.00923086 Time: 00:00:44.013
EPOCHS: 45 - Training Loss: 2.16451 (11%) - Validation Loss: 2.1362 (11%) - Cost Imp.: -0.0120608 Time: 00:00:49.367
EPOCHS: 50 - Training Loss: 2.15953 (11%) - Validation Loss: 2.13671 (11%) - Cost Imp.: 0.0269749 Time: 00:00:54.734
EPOCHS: 55 - Training Loss: 2.16256 (11%) - Validation Loss: 2.20546 (11%) - Cost Imp.: 0.26344 Time: 00:01:00.103
Actual Epochs/Max Epochs: 57/100 - Best Training Loss: 2.15345 (11%) - Best Validation Loss: 2.13139 (11%) - Best Cost Improvement : -0.0597803
Saved policy stats:  - Training Loss: 2.17665 (11%) - Validation Loss: 2.13139 (11%) - Cost Improvement : -0.0425665
Training finished, total time elapsed: 02:17:41.549
Generating 100000 samples based on policy type: NN_Policy
Progress (node 0 only):
>>>>>10>>>>>20>>>>>30>>>>>40>>>>>50>>>>>60>>>>>70>>>>>80>>>>>90>>>>>100
Simulator statistics 
100000 samples; 26% at Z>0.5; 2% at Z>1; 0% at Z>1.5; 0% at Z>2; 0% at Z>2.5; 0% at Z>3; 
Avg Mean of Q values: 1384.48
Elapsed time: 02:19:33.222
loaded 100000 samples from /home/temizoz/DynaPlexFork/IO_DynaPlex/lost_sales_general_XC9lLkrICSqGp0uinjcVFC5eaIq7SImSkRMx9YdyNKM__/samples_gen4.json
{"hidden_layers":[256,128,128,128],"type":"mlp"}
EPOCHS: 0 - Training Loss: 2.92802 (5%) - Validation Loss: 2.90491 (5%) - Cost Imp.: 3.24554 Time: 00:00:01.085
EPOCHS: 5 - Training Loss: 2.29477 (10%) - Validation Loss: 2.34818 (9%) - Cost Imp.: 0.0892248 Time: 00:00:06.489
EPOCHS: 10 - Training Loss: 2.23353 (10%) - Validation Loss: 2.19106 (11%) - Cost Imp.: 0.0456201 Time: 00:00:11.887
EPOCHS: 15 - Training Loss: 2.20957 (10%) - Validation Loss: 2.22504 (10%) - Cost Imp.: 0.00653159 Time: 00:00:17.290
EPOCHS: 20 - Training Loss: 2.20813 (10%) - Validation Loss: 2.40666 (9%) - Cost Imp.: 0.101823 Time: 00:00:22.687
EPOCHS: 25 - Training Loss: 2.19 (11%) - Validation Loss: 2.23602 (10%) - Cost Imp.: 0.00963251 Time: 00:00:28.096
EPOCHS: 30 - Training Loss: 2.18141 (11%) - Validation Loss: 2.27932 (10%) - Cost Imp.: -0.010302 Time: 00:00:33.489
EPOCHS: 35 - Training Loss: 2.18749 (11%) - Validation Loss: 2.19143 (11%) - Cost Imp.: 0.071852 Time: 00:00:38.885
EPOCHS: 40 - Training Loss: 2.16948 (11%) - Validation Loss: 2.16921 (11%) - Cost Imp.: 0.0665778 Time: 00:00:44.290
EPOCHS: 45 - Training Loss: 2.18188 (11%) - Validation Loss: 2.18779 (11%) - Cost Imp.: -0.022831 Time: 00:00:49.686
EPOCHS: 50 - Training Loss: 2.171 (11%) - Validation Loss: 2.18117 (11%) - Cost Imp.: 0.119179 Time: 00:00:55.084
EPOCHS: 55 - Training Loss: 2.16266 (11%) - Validation Loss: 2.16116 (11%) - Cost Imp.: 0.00583653 Time: 00:01:00.469
Actual Epochs/Max Epochs: 57/100 - Best Training Loss: 2.15981 (11%) - Best Validation Loss: 2.15988 (11%) - Best Cost Improvement : -0.0656702
Saved policy stats:  - Training Loss: 2.17272 (11%) - Validation Loss: 2.15988 (11%) - Cost Improvement : 0.0332845
Training finished, total time elapsed: 02:20:40.100
{"mean":71.40261840000001,"mean_stat_1":0.9898959019824362,"policy":{"id":"greedy_capped_base_stock"}}
{"mean":66.44203039999995,"mean_difference":-4.960588000000058,"mean_gap":-6.9473474659019745,"mean_stat_1":0.981298346860462,"policy":{"gen":1,"id":"NN_Policy","nn_architecture":{"hidden_layers":[256,128,128,128],"type":"mlp"},"num_inputs":4,"num_outputs":45}}
{"mean":65.9141986,"mean_difference":-5.488419800000003,"mean_gap":-7.686580580635964,"mean_stat_1":0.9750634712437276,"policy":{"gen":2,"id":"NN_Policy","nn_architecture":{"hidden_layers":[256,128,128,128],"type":"mlp"},"num_inputs":4,"num_outputs":45}}
{"mean":65.90749500000004,"mean_difference":-5.495123399999969,"mean_gap":-7.695969031858316,"mean_stat_1":0.9758038547689697,"policy":{"gen":3,"id":"NN_Policy","nn_architecture":{"hidden_layers":[256,128,128,128],"type":"mlp"},"num_inputs":4,"num_outputs":45}}
{"mean":65.91999799999999,"mean_difference":-5.482620400000016,"mean_gap":-7.67845846952864,"mean_stat_1":0.9763533861740827,"policy":{"gen":4,"id":"NN_Policy","nn_architecture":{"hidden_layers":[256,128,128,128],"type":"mlp"},"num_inputs":4,"num_outputs":45}}
{"mean":65.92892780000007,"mean_difference":-5.473690599999941,"mean_gap":-7.665952205472538,"mean_stat_1":0.9756628984794816,"policy":{"gen":5,"id":"NN_Policy","nn_architecture":{"hidden_layers":[256,128,128,128],"type":"mlp"},"num_inputs":4,"num_outputs":45}}
Best network:  3
{"leadtime":8,"mean_demand":[10.0],"p":69.0,"stdDemand":[10.488088481701515]}
Generating 100000 samples based on policy type: greedy_capped_base_stock
Progress (node 0 only):
>>>>>10>>>>>20>>>>>30>>>>>40>>>>>50>>>>>60>>>>>70>>>>>80>>>>>90>>>>>100
Simulator statistics 
100000 samples; 23% at Z>0.5; 3% at Z>1; 0% at Z>1.5; 0% at Z>2; 0% at Z>2.5; 0% at Z>3; 
Avg Mean of Q values: 1768.16
Elapsed time: 02:21:01.455
loaded 100000 samples from /home/temizoz/DynaPlexFork/IO_DynaPlex/lost_sales_general_G=kXFq7NdD4SC-GI=Pj1i2aediXyJRb=d=nQFGGapg4__/samples_gen0.json
{"hidden_layers":[256,128,128,128],"type":"mlp"}
EPOCHS: 0 - Training Loss: 2.87851 (5%) - Validation Loss: 2.84346 (5%) - Cost Imp.: -8.97817 Time: 00:00:01.110
EPOCHS: 5 - Training Loss: 2.47308 (8%) - Validation Loss: 2.42845 (8%) - Cost Imp.: -10.1339 Time: 00:00:06.552
EPOCHS: 10 - Training Loss: 2.36176 (9%) - Validation Loss: 2.40995 (8%) - Cost Imp.: -10.1293 Time: 00:00:11.956
EPOCHS: 15 - Training Loss: 2.33117 (9%) - Validation Loss: 2.33321 (9%) - Cost Imp.: -10.2114 Time: 00:00:17.333
EPOCHS: 20 - Training Loss: 2.32086 (9%) - Validation Loss: 2.36195 (9%) - Cost Imp.: -10.2237 Time: 00:00:22.718
EPOCHS: 25 - Training Loss: 2.31493 (9%) - Validation Loss: 2.30447 (9%) - Cost Imp.: -10.2335 Time: 00:00:28.109
EPOCHS: 30 - Training Loss: 2.30669 (9%) - Validation Loss: 2.34613 (9%) - Cost Imp.: -10.2084 Time: 00:00:33.476
EPOCHS: 35 - Training Loss: 2.31257 (9%) - Validation Loss: 2.30986 (9%) - Cost Imp.: -10.2466 Time: 00:00:38.832
EPOCHS: 40 - Training Loss: 2.30229 (10%) - Validation Loss: 2.30953 (9%) - Cost Imp.: -10.2105 Time: 00:00:44.210
EPOCHS: 45 - Training Loss: 2.30045 (10%) - Validation Loss: 2.32567 (9%) - Cost Imp.: -10.2547 Time: 00:00:49.585
EPOCHS: 50 - Training Loss: 2.2921 (10%) - Validation Loss: 2.36139 (9%) - Cost Imp.: -10.1929 Time: 00:00:54.954
EPOCHS: 55 - Training Loss: 2.29568 (10%) - Validation Loss: 2.31004 (9%) - Cost Imp.: -10.247 Time: 00:01:00.320
EPOCHS: 60 - Training Loss: 2.291 (10%) - Validation Loss: 2.34242 (9%) - Cost Imp.: -10.2222 Time: 00:01:05.692
EPOCHS: 65 - Training Loss: 2.28538 (10%) - Validation Loss: 2.32842 (9%) - Cost Imp.: -10.2251 Time: 00:01:11.061
Actual Epochs/Max Epochs: 67/100 - Best Training Loss: 2.28538 (10%) - Best Validation Loss: 2.30147 (10%) - Best Cost Improvement : -10.2811
Saved policy stats:  - Training Loss: 2.29746 (10%) - Validation Loss: 2.30147 (10%) - Cost Improvement : -10.2568
Training finished, total time elapsed: 02:22:19.302
Generating 100000 samples based on policy type: NN_Policy
Progress (node 0 only):
>>>>>10>>>>>20>>>>>30>>>>>40>>>>>50>>>>>60>>>>>70>>>>>80>>>>>90>>>>>100
Simulator statistics 
100000 samples; 27% at Z>0.5; 3% at Z>1; 0% at Z>1.5; 0% at Z>2; 0% at Z>2.5; 0% at Z>3; 
Avg Mean of Q values: 1596.57
Elapsed time: 02:24:52.566
loaded 100000 samples from /home/temizoz/DynaPlexFork/IO_DynaPlex/lost_sales_general_G=kXFq7NdD4SC-GI=Pj1i2aediXyJRb=d=nQFGGapg4__/samples_gen1.json
{"hidden_layers":[256,128,128,128],"type":"mlp"}
EPOCHS: 0 - Training Loss: 2.86113 (5%) - Validation Loss: 2.82961 (5%) - Cost Imp.: 1.25 Time: 00:00:01.101
EPOCHS: 5 - Training Loss: 2.29495 (10%) - Validation Loss: 2.25291 (10%) - Cost Imp.: -1.44584 Time: 00:00:06.549
EPOCHS: 10 - Training Loss: 2.2116 (10%) - Validation Loss: 2.21884 (10%) - Cost Imp.: -1.55401 Time: 00:00:11.986
EPOCHS: 15 - Training Loss: 2.18498 (11%) - Validation Loss: 2.1618 (11%) - Cost Imp.: -1.4755 Time: 00:00:17.420
EPOCHS: 20 - Training Loss: 2.1642 (11%) - Validation Loss: 2.1712 (11%) - Cost Imp.: -1.59407 Time: 00:00:22.872
EPOCHS: 25 - Training Loss: 2.16607 (11%) - Validation Loss: 2.15988 (11%) - Cost Imp.: -1.32024 Time: 00:00:28.321
EPOCHS: 30 - Training Loss: 2.1505 (11%) - Validation Loss: 2.1492 (11%) - Cost Imp.: -1.45427 Time: 00:00:33.762
EPOCHS: 35 - Training Loss: 2.1475 (11%) - Validation Loss: 2.17327 (11%) - Cost Imp.: -1.33753 Time: 00:00:39.201
EPOCHS: 40 - Training Loss: 2.12819 (11%) - Validation Loss: 2.15853 (11%) - Cost Imp.: -1.57314 Time: 00:00:44.637
EPOCHS: 45 - Training Loss: 2.13112 (11%) - Validation Loss: 2.16839 (11%) - Cost Imp.: -1.58032 Time: 00:00:50.081
EPOCHS: 50 - Training Loss: 2.11633 (12%) - Validation Loss: 2.15882 (11%) - Cost Imp.: -1.52816 Time: 00:00:55.524
Actual Epochs/Max Epochs: 53/100 - Best Training Loss: 2.11633 (12%) - Best Validation Loss: 2.13694 (11%) - Best Cost Improvement : -1.64685
Saved policy stats:  - Training Loss: 2.13734 (11%) - Validation Loss: 2.13694 (11%) - Cost Improvement : -1.50998
Training finished, total time elapsed: 02:25:57.386
Generating 100000 samples based on policy type: NN_Policy
Progress (node 0 only):
>>>>>10>>>>>20>>>>>30>>>>>40>>>>>50>>>>>60>>>>>70>>>>>80>>>>>90>>>>>100
Simulator statistics 
100000 samples; 26% at Z>0.5; 2% at Z>1; 0% at Z>1.5; 0% at Z>2; 0% at Z>2.5; 0% at Z>3; 
Avg Mean of Q values: 1589.67
Elapsed time: 02:28:24.877
loaded 100000 samples from /home/temizoz/DynaPlexFork/IO_DynaPlex/lost_sales_general_G=kXFq7NdD4SC-GI=Pj1i2aediXyJRb=d=nQFGGapg4__/samples_gen2.json
{"hidden_layers":[256,128,128,128],"type":"mlp"}
EPOCHS: 0 - Training Loss: 2.87527 (5%) - Validation Loss: 2.84489 (5%) - Cost Imp.: 3.03914 Time: 00:00:01.112
EPOCHS: 5 - Training Loss: 2.34032 (9%) - Validation Loss: 2.24927 (10%) - Cost Imp.: -0.0230804 Time: 00:00:06.607
EPOCHS: 10 - Training Loss: 2.223 (10%) - Validation Loss: 2.19799 (11%) - Cost Imp.: -0.140665 Time: 00:00:12.082
EPOCHS: 15 - Training Loss: 2.19073 (11%) - Validation Loss: 2.14512 (11%) - Cost Imp.: -0.0442944 Time: 00:00:17.562
EPOCHS: 20 - Training Loss: 2.17182 (11%) - Validation Loss: 2.16915 (11%) - Cost Imp.: 0.045857 Time: 00:00:23.035
EPOCHS: 25 - Training Loss: 2.15594 (11%) - Validation Loss: 2.17386 (11%) - Cost Imp.: 0.0793454 Time: 00:00:28.505
EPOCHS: 30 - Training Loss: 2.14574 (11%) - Validation Loss: 2.12435 (11%) - Cost Imp.: -0.00929397 Time: 00:00:33.978
EPOCHS: 35 - Training Loss: 2.13111 (11%) - Validation Loss: 2.12982 (11%) - Cost Imp.: 0.00936074 Time: 00:00:39.455
Actual Epochs/Max Epochs: 37/100 - Best Training Loss: 2.12036 (11%) - Best Validation Loss: 2.11432 (12%) - Best Cost Improvement : -0.187848
Saved policy stats:  - Training Loss: 2.15287 (11%) - Validation Loss: 2.11432 (12%) - Cost Improvement : -0.129162
Training finished, total time elapsed: 02:29:12.590
Generating 100000 samples based on policy type: NN_Policy
Progress (node 0 only):
>>>>>10>>>>>20>>>>>30>>>>>40>>>>>50>>>>>60>>>>>70>>>>>80>>>>>90>>>>>100
Simulator statistics 
100000 samples; 27% at Z>0.5; 3% at Z>1; 0% at Z>1.5; 0% at Z>2; 0% at Z>2.5; 0% at Z>3; 
Avg Mean of Q values: 1587.69
Elapsed time: 02:31:45.255
loaded 100000 samples from /home/temizoz/DynaPlexFork/IO_DynaPlex/lost_sales_general_G=kXFq7NdD4SC-GI=Pj1i2aediXyJRb=d=nQFGGapg4__/samples_gen3.json
{"hidden_layers":[256,128,128,128],"type":"mlp"}
EPOCHS: 0 - Training Loss: 2.87183 (5%) - Validation Loss: 2.84203 (5%) - Cost Imp.: 2.83066 Time: 00:00:01.100
EPOCHS: 5 - Training Loss: 2.32524 (9%) - Validation Loss: 2.24512 (10%) - Cost Imp.: 0.0928617 Time: 00:00:06.582
EPOCHS: 10 - Training Loss: 2.21129 (10%) - Validation Loss: 2.25171 (10%) - Cost Imp.: 0.329789 Time: 00:00:12.044
EPOCHS: 15 - Training Loss: 2.18551 (11%) - Validation Loss: 2.17356 (11%) - Cost Imp.: 0.130851 Time: 00:00:17.512
EPOCHS: 20 - Training Loss: 2.17021 (11%) - Validation Loss: 2.12519 (11%) - Cost Imp.: -8.01698e-05 Time: 00:00:22.969
EPOCHS: 25 - Training Loss: 2.14959 (11%) - Validation Loss: 2.19333 (11%) - Cost Imp.: -0.0396765 Time: 00:00:28.416
EPOCHS: 30 - Training Loss: 2.14006 (11%) - Validation Loss: 2.17936 (11%) - Cost Imp.: 0.208447 Time: 00:00:33.873
EPOCHS: 35 - Training Loss: 2.13238 (11%) - Validation Loss: 2.14225 (11%) - Cost Imp.: 0.0880003 Time: 00:00:39.335
Actual Epochs/Max Epochs: 36/100 - Best Training Loss: 2.12014 (12%) - Best Validation Loss: 2.12519 (11%) - Best Cost Improvement : -0.040837
Saved policy stats:  - Training Loss: 2.17021 (11%) - Validation Loss: 2.12519 (11%) - Cost Improvement : -8.01698e-05
Training finished, total time elapsed: 02:32:31.698
Generating 100000 samples based on policy type: NN_Policy
Progress (node 0 only):
>>>>>10>>>>>20>>>>>30>>>>>40>>>>>50>>>>>60>>>>>70>>>>>80>>>>>90>>>>>100
Simulator statistics 
100000 samples; 26% at Z>0.5; 2% at Z>1; 0% at Z>1.5; 0% at Z>2; 0% at Z>2.5; 0% at Z>3; 
Avg Mean of Q values: 1588.61
Elapsed time: 02:35:00.532
loaded 100000 samples from /home/temizoz/DynaPlexFork/IO_DynaPlex/lost_sales_general_G=kXFq7NdD4SC-GI=Pj1i2aediXyJRb=d=nQFGGapg4__/samples_gen4.json
{"hidden_layers":[256,128,128,128],"type":"mlp"}
EPOCHS: 0 - Training Loss: 2.86433 (5%) - Validation Loss: 2.82384 (5%) - Cost Imp.: 2.49495 Time: 00:00:01.092
EPOCHS: 5 - Training Loss: 2.31061 (9%) - Validation Loss: 2.66298 (6%) - Cost Imp.: 1.06097 Time: 00:00:06.514
EPOCHS: 10 - Training Loss: 2.2224 (10%) - Validation Loss: 2.22526 (10%) - Cost Imp.: 0.160549 Time: 00:00:11.928
EPOCHS: 15 - Training Loss: 2.187 (11%) - Validation Loss: 2.15873 (11%) - Cost Imp.: -0.0298776 Time: 00:00:17.347
EPOCHS: 20 - Training Loss: 2.16235 (11%) - Validation Loss: 2.13333 (11%) - Cost Imp.: 0.0751797 Time: 00:00:22.769
EPOCHS: 25 - Training Loss: 2.13996 (11%) - Validation Loss: 2.12556 (11%) - Cost Imp.: -0.0481693 Time: 00:00:28.207
EPOCHS: 30 - Training Loss: 2.12864 (11%) - Validation Loss: 2.12889 (11%) - Cost Imp.: 0.101914 Time: 00:00:33.640
EPOCHS: 35 - Training Loss: 2.12049 (11%) - Validation Loss: 2.12008 (12%) - Cost Imp.: -0.055309 Time: 00:00:39.057
EPOCHS: 40 - Training Loss: 2.12246 (11%) - Validation Loss: 2.10407 (12%) - Cost Imp.: -0.0412273 Time: 00:00:44.474
EPOCHS: 45 - Training Loss: 2.11581 (12%) - Validation Loss: 2.10384 (12%) - Cost Imp.: 0.0268412 Time: 00:00:49.898
EPOCHS: 50 - Training Loss: 2.10225 (12%) - Validation Loss: 2.18629 (11%) - Cost Imp.: 0.223986 Time: 00:00:55.318
EPOCHS: 55 - Training Loss: 2.09278 (12%) - Validation Loss: 2.13086 (11%) - Cost Imp.: 0.158389 Time: 00:01:00.737
EPOCHS: 60 - Training Loss: 2.08964 (12%) - Validation Loss: 2.1298 (11%) - Cost Imp.: 0.122459 Time: 00:01:06.158
Actual Epochs/Max Epochs: 62/100 - Best Training Loss: 2.08514 (12%) - Best Validation Loss: 2.09885 (12%) - Best Cost Improvement : -0.0661757
Saved policy stats:  - Training Loss: 2.10815 (12%) - Validation Loss: 2.09885 (12%) - Cost Improvement : -0.00843604
Training finished, total time elapsed: 02:36:14.841
{"mean":88.46985959999992,"mean_stat_1":0.9916405101198487,"policy":{"id":"greedy_capped_base_stock"}}
{"mean":77.53550819999992,"mean_difference":-10.934351399999997,"mean_gap":-12.359408559522578,"mean_stat_1":0.9806267764256466,"policy":{"gen":1,"id":"NN_Policy","nn_architecture":{"hidden_layers":[256,128,128,128],"type":"mlp"},"num_inputs":8,"num_outputs":45}}
{"mean":75.45504939999987,"mean_difference":-13.014810200000056,"mean_gap":-14.711010347302583,"mean_stat_1":0.968640075385999,"policy":{"gen":2,"id":"NN_Policy","nn_architecture":{"hidden_layers":[256,128,128,128],"type":"mlp"},"num_inputs":8,"num_outputs":45}}
{"mean":75.4591698,"mean_difference":-13.010689799999923,"mean_gap":-14.706352941923212,"mean_stat_1":0.9699602080646563,"policy":{"gen":3,"id":"NN_Policy","nn_architecture":{"hidden_layers":[256,128,128,128],"type":"mlp"},"num_inputs":8,"num_outputs":45}}
{"mean":75.44859420000016,"mean_difference":-13.021265399999763,"mean_gap":-14.71830684356571,"mean_stat_1":0.9697572508803562,"policy":{"gen":4,"id":"NN_Policy","nn_architecture":{"hidden_layers":[256,128,128,128],"type":"mlp"},"num_inputs":8,"num_outputs":45}}
{"mean":75.44602359999999,"mean_difference":-13.023835999999932,"mean_gap":-14.721212465900582,"mean_stat_1":0.9699270663790416,"policy":{"gen":5,"id":"NN_Policy","nn_architecture":{"hidden_layers":[256,128,128,128],"type":"mlp"},"num_inputs":8,"num_outputs":45}}
Best network:  5
{"demand_cycles":[0,1,2],"leadtime":6,"mean_demand":[2.5,4.5,3.0],"p":39.0,"stdDemand":[1.5811388300841898,4.9749371855331,2.7386127875258306]}
Generating 100000 samples based on policy type: greedy_capped_base_stock
Progress (node 0 only):
>>>>>10>>>>>20>>>>>30>>>>>40>>>>>50>>>>>60>>>>>70>>>>>80>>>>>90>>>>>100
Simulator statistics 
100000 samples; 58% at Z>0.5; 23% at Z>1; 7% at Z>1.5; 3% at Z>2; 1% at Z>2.5; 1% at Z>3; 
Avg Mean of Q values: 468.035
Elapsed time: 02:36:31.344
loaded 100000 samples from /home/temizoz/DynaPlexFork/IO_DynaPlex/lost_sales_general_lTDpgIrHB0QFzGnRxvERC55afoCPvD6-AfNVeBXfm4Y__/samples_gen0.json
{"hidden_layers":[256,128,128,128],"type":"mlp"}
EPOCHS: 0 - Training Loss: 1.46567 (23%) - Validation Loss: 1.30866 (27%) - Cost Imp.: -3.44608 Time: 00:00:01.035
EPOCHS: 5 - Training Loss: 0.95396 (38%) - Validation Loss: 0.939375 (39%) - Cost Imp.: -3.59055 Time: 00:00:06.162
EPOCHS: 10 - Training Loss: 0.920339 (39%) - Validation Loss: 0.949305 (38%) - Cost Imp.: -3.55495 Time: 00:00:11.263
EPOCHS: 15 - Training Loss: 0.914432 (40%) - Validation Loss: 0.910414 (40%) - Cost Imp.: -3.58625 Time: 00:00:16.370
EPOCHS: 20 - Training Loss: 0.916633 (39%) - Validation Loss: 0.93447 (39%) - Cost Imp.: -3.57186 Time: 00:00:21.464
EPOCHS: 25 - Training Loss: 0.905191 (40%) - Validation Loss: 0.940557 (39%) - Cost Imp.: -3.58042 Time: 00:00:26.555
EPOCHS: 30 - Training Loss: 0.898322 (40%) - Validation Loss: 0.911707 (40%) - Cost Imp.: -3.58612 Time: 00:00:31.644
EPOCHS: 35 - Training Loss: 0.893495 (40%) - Validation Loss: 0.904348 (40%) - Cost Imp.: -3.59607 Time: 00:00:36.733
Actual Epochs/Max Epochs: 39/100 - Best Training Loss: 0.889215 (41%) - Best Validation Loss: 0.893148 (40%) - Best Cost Improvement : -3.59607
Saved policy stats:  - Training Loss: 0.901484 (40%) - Validation Loss: 0.893148 (40%) - Cost Improvement : -3.58748
Training finished, total time elapsed: 02:37:14.231
Generating 100000 samples based on policy type: NN_Policy
Progress (node 0 only):
>>>>>10>>>>>20>>>>>30>>>>>40>>>>>50>>>>>60>>>>>70>>>>>80>>>>>90>>>>>100
Simulator statistics 
100000 samples; 58% at Z>0.5; 22% at Z>1; 6% at Z>1.5; 2% at Z>2; 1% at Z>2.5; 0% at Z>3; 
Avg Mean of Q values: 411.081
Elapsed time: 02:37:58.050
loaded 100000 samples from /home/temizoz/DynaPlexFork/IO_DynaPlex/lost_sales_general_lTDpgIrHB0QFzGnRxvERC55afoCPvD6-AfNVeBXfm4Y__/samples_gen1.json
{"hidden_layers":[256,128,128,128],"type":"mlp"}
EPOCHS: 0 - Training Loss: 1.5049 (22%) - Validation Loss: 1.25434 (28%) - Cost Imp.: -0.318231 Time: 00:00:01.038
EPOCHS: 5 - Training Loss: 0.952574 (38%) - Validation Loss: 0.988863 (37%) - Cost Imp.: -0.482116 Time: 00:00:06.171
EPOCHS: 10 - Training Loss: 0.938911 (39%) - Validation Loss: 0.920971 (39%) - Cost Imp.: -0.522442 Time: 00:00:11.301
EPOCHS: 15 - Training Loss: 0.927156 (39%) - Validation Loss: 0.919631 (39%) - Cost Imp.: -0.525238 Time: 00:00:16.448
EPOCHS: 20 - Training Loss: 0.921461 (39%) - Validation Loss: 0.912558 (40%) - Cost Imp.: -0.524607 Time: 00:00:21.587
EPOCHS: 25 - Training Loss: 0.913959 (40%) - Validation Loss: 0.91975 (39%) - Cost Imp.: -0.529949 Time: 00:00:26.713
EPOCHS: 30 - Training Loss: 0.911845 (40%) - Validation Loss: 0.911996 (40%) - Cost Imp.: -0.520777 Time: 00:00:31.845
EPOCHS: 35 - Training Loss: 0.908456 (40%) - Validation Loss: 0.973427 (37%) - Cost Imp.: -0.532966 Time: 00:00:36.975
EPOCHS: 40 - Training Loss: 0.903914 (40%) - Validation Loss: 0.959805 (38%) - Cost Imp.: -0.52579 Time: 00:00:42.110
EPOCHS: 45 - Training Loss: 0.899197 (40%) - Validation Loss: 0.9072 (40%) - Cost Imp.: -0.514813 Time: 00:00:47.239
EPOCHS: 50 - Training Loss: 0.897035 (40%) - Validation Loss: 0.921809 (39%) - Cost Imp.: -0.512964 Time: 00:00:52.374
Actual Epochs/Max Epochs: 53/100 - Best Training Loss: 0.891223 (41%) - Best Validation Loss: 0.90473 (40%) - Best Cost Improvement : -0.536759
Saved policy stats:  - Training Loss: 0.90784 (40%) - Validation Loss: 0.90473 (40%) - Cost Improvement : -0.525524
Training finished, total time elapsed: 02:38:55.834
Generating 100000 samples based on policy type: NN_Policy
Progress (node 0 only):
>>>>>10>>>>>20>>>>>30>>>>>40>>>>>50>>>>>60>>>>>70>>>>>80>>>>>90>>>>>100
Simulator statistics 
100000 samples; 57% at Z>0.5; 21% at Z>1; 5% at Z>1.5; 1% at Z>2; 0% at Z>2.5; 0% at Z>3; 
Avg Mean of Q values: 408.914
Elapsed time: 02:39:38.417
loaded 100000 samples from /home/temizoz/DynaPlexFork/IO_DynaPlex/lost_sales_general_lTDpgIrHB0QFzGnRxvERC55afoCPvD6-AfNVeBXfm4Y__/samples_gen2.json
{"hidden_layers":[256,128,128,128],"type":"mlp"}
EPOCHS: 0 - Training Loss: 1.49267 (22%) - Validation Loss: 1.23834 (28%) - Cost Imp.: 0.181267 Time: 00:00:01.040
EPOCHS: 5 - Training Loss: 0.936387 (39%) - Validation Loss: 0.987638 (37%) - Cost Imp.: -0.0089088 Time: 00:00:06.201
EPOCHS: 10 - Training Loss: 0.929762 (39%) - Validation Loss: 0.903491 (40%) - Cost Imp.: -0.0197464 Time: 00:00:11.365
EPOCHS: 15 - Training Loss: 0.917836 (39%) - Validation Loss: 0.903005 (40%) - Cost Imp.: -0.0217412 Time: 00:00:16.516
EPOCHS: 20 - Training Loss: 0.906188 (40%) - Validation Loss: 0.909642 (40%) - Cost Imp.: -0.0112888 Time: 00:00:21.659
EPOCHS: 25 - Training Loss: 0.904237 (40%) - Validation Loss: 0.880512 (41%) - Cost Imp.: -0.0273432 Time: 00:00:26.809
EPOCHS: 30 - Training Loss: 0.90389 (40%) - Validation Loss: 0.89514 (40%) - Cost Imp.: -0.0137448 Time: 00:00:31.941
EPOCHS: 35 - Training Loss: 0.901469 (40%) - Validation Loss: 0.88606 (41%) - Cost Imp.: -0.0259863 Time: 00:00:37.082
EPOCHS: 40 - Training Loss: 0.900278 (40%) - Validation Loss: 0.889192 (41%) - Cost Imp.: -0.0176995 Time: 00:00:42.228
Actual Epochs/Max Epochs: 44/100 - Best Training Loss: 0.891645 (40%) - Best Validation Loss: 0.878445 (41%) - Best Cost Improvement : -0.0282199
Saved policy stats:  - Training Loss: 0.895016 (40%) - Validation Loss: 0.878445 (41%) - Cost Improvement : -0.0240527
Training finished, total time elapsed: 02:40:27.089
Generating 100000 samples based on policy type: NN_Policy
Progress (node 0 only):
>>>>>10>>>>>20>>>>>30>>>>>40>>>>>50>>>>>60>>>>>70>>>>>80>>>>>90>>>>>100
Simulator statistics 
100000 samples; 58% at Z>0.5; 22% at Z>1; 5% at Z>1.5; 1% at Z>2; 0% at Z>2.5; 0% at Z>3; 
Avg Mean of Q values: 408.125
Elapsed time: 02:41:09.866
loaded 100000 samples from /home/temizoz/DynaPlexFork/IO_DynaPlex/lost_sales_general_lTDpgIrHB0QFzGnRxvERC55afoCPvD6-AfNVeBXfm4Y__/samples_gen3.json
{"hidden_layers":[256,128,128,128],"type":"mlp"}
EPOCHS: 0 - Training Loss: 1.48628 (22%) - Validation Loss: 1.27845 (27%) - Cost Imp.: 0.241771 Time: 00:00:01.036
EPOCHS: 5 - Training Loss: 0.907446 (40%) - Validation Loss: 0.900066 (40%) - Cost Imp.: 0.00928125 Time: 00:00:06.177
EPOCHS: 10 - Training Loss: 0.895894 (40%) - Validation Loss: 0.879161 (41%) - Cost Imp.: -0.00176963 Time: 00:00:11.320
EPOCHS: 15 - Training Loss: 0.889921 (41%) - Validation Loss: 0.911976 (40%) - Cost Imp.: 0.00197879 Time: 00:00:16.461
EPOCHS: 20 - Training Loss: 0.880903 (41%) - Validation Loss: 0.892416 (40%) - Cost Imp.: 0.000851557 Time: 00:00:21.603
EPOCHS: 25 - Training Loss: 0.877676 (41%) - Validation Loss: 0.879434 (41%) - Cost Imp.: -0.00149874 Time: 00:00:26.744
EPOCHS: 30 - Training Loss: 0.867053 (42%) - Validation Loss: 0.877293 (41%) - Cost Imp.: 0.000419035 Time: 00:00:31.873
EPOCHS: 35 - Training Loss: 0.869481 (41%) - Validation Loss: 0.873495 (41%) - Cost Imp.: -0.00100344 Time: 00:00:37.008
EPOCHS: 40 - Training Loss: 0.866406 (42%) - Validation Loss: 0.87579 (41%) - Cost Imp.: 0.00302737 Time: 00:00:42.140
Actual Epochs/Max Epochs: 44/100 - Best Training Loss: 0.861241 (42%) - Best Validation Loss: 0.868702 (41%) - Best Cost Improvement : -0.00859281
Saved policy stats:  - Training Loss: 0.871522 (41%) - Validation Loss: 0.868702 (41%) - Cost Improvement : -0.00759298
Training finished, total time elapsed: 02:41:58.457
Generating 100000 samples based on policy type: NN_Policy
Progress (node 0 only):
>>>>>10>>>>>20>>>>>30>>>>>40>>>>>50>>>>>60>>>>>70>>>>>80>>>>>90>>>>>100
Simulator statistics 
100000 samples; 58% at Z>0.5; 22% at Z>1; 5% at Z>1.5; 1% at Z>2; 0% at Z>2.5; 0% at Z>3; 
Avg Mean of Q values: 408.351
Elapsed time: 02:42:41.229
loaded 100000 samples from /home/temizoz/DynaPlexFork/IO_DynaPlex/lost_sales_general_lTDpgIrHB0QFzGnRxvERC55afoCPvD6-AfNVeBXfm4Y__/samples_gen4.json
{"hidden_layers":[256,128,128,128],"type":"mlp"}
EPOCHS: 0 - Training Loss: 1.47983 (22%) - Validation Loss: 1.26672 (28%) - Cost Imp.: 0.278942 Time: 00:00:01.037
EPOCHS: 5 - Training Loss: 0.910576 (40%) - Validation Loss: 0.874006 (41%) - Cost Imp.: -0.00428458 Time: 00:00:06.198
EPOCHS: 10 - Training Loss: 0.887852 (41%) - Validation Loss: 0.905362 (40%) - Cost Imp.: 0.00217782 Time: 00:00:11.360
EPOCHS: 15 - Training Loss: 0.884506 (41%) - Validation Loss: 0.882276 (41%) - Cost Imp.: 0.00162011 Time: 00:00:16.522
EPOCHS: 20 - Training Loss: 0.877283 (41%) - Validation Loss: 0.883955 (41%) - Cost Imp.: 0.0104834 Time: 00:00:21.674
EPOCHS: 25 - Training Loss: 0.881371 (41%) - Validation Loss: 0.851044 (42%) - Cost Imp.: -0.00534247 Time: 00:00:26.826
Actual Epochs/Max Epochs: 29/100 - Best Training Loss: 0.868621 (41%) - Best Validation Loss: 0.850825 (42%) - Best Cost Improvement : -0.00799278
Saved policy stats:  - Training Loss: 0.888562 (41%) - Validation Loss: 0.850825 (42%) - Cost Improvement : -0.00771634
Training finished, total time elapsed: 02:43:14.525
{"mean":23.551631600000004,"mean_stat_1":0.9857360245887754,"policy":{"id":"greedy_capped_base_stock"}}
{"mean":19.960937800000007,"mean_difference":-3.590693799999997,"mean_gap":-15.246051148320424,"mean_stat_1":0.9654980198470989,"policy":{"gen":1,"id":"NN_Policy","nn_architecture":{"hidden_layers":[256,128,128,128],"type":"mlp"},"num_inputs":7,"num_outputs":19}}
{"mean":19.433061400000017,"mean_difference":-4.118570199999986,"mean_gap":-17.487409237498373,"mean_stat_1":0.9466849686116724,"policy":{"gen":2,"id":"NN_Policy","nn_architecture":{"hidden_layers":[256,128,128,128],"type":"mlp"},"num_inputs":7,"num_outputs":19}}
{"mean":19.4176868,"mean_difference":-4.133944800000005,"mean_gap":-17.55268964040693,"mean_stat_1":0.9495245653924844,"policy":{"gen":3,"id":"NN_Policy","nn_architecture":{"hidden_layers":[256,128,128,128],"type":"mlp"},"num_inputs":7,"num_outputs":19}}
{"mean":19.415770999999985,"mean_difference":-4.135860600000019,"mean_gap":-17.560824108678812,"mean_stat_1":0.9487905488814978,"policy":{"gen":4,"id":"NN_Policy","nn_architecture":{"hidden_layers":[256,128,128,128],"type":"mlp"},"num_inputs":7,"num_outputs":19}}
{"mean":19.417374200000033,"mean_difference":-4.134257399999971,"mean_gap":-17.55401693698355,"mean_stat_1":0.9496319362306311,"policy":{"gen":5,"id":"NN_Policy","nn_architecture":{"hidden_layers":[256,128,128,128],"type":"mlp"},"num_inputs":7,"num_outputs":19}}
Best network:  4
{"demand_cycles":[0,1,2],"leadtime":6,"mean_demand":[9.0,11.0,9.5],"p":39.0,"stdDemand":[3.0,11.489125293076057,5.2488093888042835]}
Generating 100000 samples based on policy type: greedy_capped_base_stock
Progress (node 0 only):
>>>>>10>>>>>20>>>>>30>>>>>40>>>>>50>>>>>60>>>>>70>>>>>80>>>>>90>>>>>100
Simulator statistics 
100000 samples; 39% at Z>0.5; 8% at Z>1; 1% at Z>1.5; 0% at Z>2; 0% at Z>2.5; 0% at Z>3; 
Avg Mean of Q values: 1032.95
Elapsed time: 02:43:34.670
loaded 100000 samples from /home/temizoz/DynaPlexFork/IO_DynaPlex/lost_sales_general_VwxQWjcJ3Bo=fAsJ=HW=RIm5a2=hNX28UezB3E8ND4g__/samples_gen0.json
{"hidden_layers":[256,128,128,128],"type":"mlp"}
EPOCHS: 0 - Training Loss: 2.18925 (11%) - Validation Loss: 2.07789 (12%) - Cost Imp.: -7.59443 Time: 00:00:01.092
EPOCHS: 5 - Training Loss: 1.77854 (16%) - Validation Loss: 1.74111 (17%) - Cost Imp.: -8.22511 Time: 00:00:06.507
EPOCHS: 10 - Training Loss: 1.61334 (19%) - Validation Loss: 1.58035 (20%) - Cost Imp.: -8.30147 Time: 00:00:11.896
EPOCHS: 15 - Training Loss: 1.58028 (20%) - Validation Loss: 1.79705 (16%) - Cost Imp.: -8.14546 Time: 00:00:17.276
EPOCHS: 20 - Training Loss: 1.5653 (20%) - Validation Loss: 1.62051 (19%) - Cost Imp.: -8.25028 Time: 00:00:22.654
EPOCHS: 25 - Training Loss: 1.56971 (20%) - Validation Loss: 1.64017 (19%) - Cost Imp.: -8.23254 Time: 00:00:28.018
EPOCHS: 30 - Training Loss: 1.54049 (21%) - Validation Loss: 1.58263 (20%) - Cost Imp.: -8.329 Time: 00:00:33.382
EPOCHS: 35 - Training Loss: 1.5314 (21%) - Validation Loss: 1.58177 (20%) - Cost Imp.: -8.27743 Time: 00:00:38.745
Actual Epochs/Max Epochs: 40/100 - Best Training Loss: 1.52321 (21%) - Best Validation Loss: 1.54931 (21%) - Best Cost Improvement : -8.33274
Saved policy stats:  - Training Loss: 1.55302 (21%) - Validation Loss: 1.54931 (21%) - Cost Improvement : -8.32
Training finished, total time elapsed: 02:44:22.442
Generating 100000 samples based on policy type: NN_Policy
Progress (node 0 only):
>>>>>10>>>>>20>>>>>30>>>>>40>>>>>50>>>>>60>>>>>70>>>>>80>>>>>90>>>>>100
Simulator statistics 
100000 samples; 41% at Z>0.5; 7% at Z>1; 1% at Z>1.5; 0% at Z>2; 0% at Z>2.5; 0% at Z>3; 
Avg Mean of Q values: 900.373
Elapsed time: 02:45:58.063
loaded 100000 samples from /home/temizoz/DynaPlexFork/IO_DynaPlex/lost_sales_general_VwxQWjcJ3Bo=fAsJ=HW=RIm5a2=hNX28UezB3E8ND4g__/samples_gen1.json
{"hidden_layers":[256,128,128,128],"type":"mlp"}
EPOCHS: 0 - Training Loss: 2.23066 (10%) - Validation Loss: 2.11249 (12%) - Cost Imp.: 0.20986 Time: 00:00:01.096
EPOCHS: 5 - Training Loss: 1.63081 (19%) - Validation Loss: 1.54726 (21%) - Cost Imp.: -0.94411 Time: 00:00:06.511
EPOCHS: 10 - Training Loss: 1.52856 (21%) - Validation Loss: 1.52744 (21%) - Cost Imp.: -0.970506 Time: 00:00:11.920
EPOCHS: 15 - Training Loss: 1.5012 (22%) - Validation Loss: 1.50504 (22%) - Cost Imp.: -0.994969 Time: 00:00:17.323
EPOCHS: 20 - Training Loss: 1.49588 (22%) - Validation Loss: 1.50974 (22%) - Cost Imp.: -0.927143 Time: 00:00:22.736
EPOCHS: 25 - Training Loss: 1.4691 (23%) - Validation Loss: 1.46781 (23%) - Cost Imp.: -0.993716 Time: 00:00:28.132
EPOCHS: 30 - Training Loss: 1.47326 (22%) - Validation Loss: 1.4616 (23%) - Cost Imp.: -0.986703 Time: 00:00:33.539
EPOCHS: 35 - Training Loss: 1.46352 (23%) - Validation Loss: 1.47648 (22%) - Cost Imp.: -0.965065 Time: 00:00:38.936
EPOCHS: 40 - Training Loss: 1.45134 (23%) - Validation Loss: 1.48384 (22%) - Cost Imp.: -0.983365 Time: 00:00:44.351
EPOCHS: 45 - Training Loss: 1.44647 (23%) - Validation Loss: 1.55441 (21%) - Cost Imp.: -0.978661 Time: 00:00:49.780
EPOCHS: 50 - Training Loss: 1.44185 (23%) - Validation Loss: 1.45902 (23%) - Cost Imp.: -0.994423 Time: 00:00:55.194
EPOCHS: 55 - Training Loss: 1.44407 (23%) - Validation Loss: 1.45715 (23%) - Cost Imp.: -0.992575 Time: 00:01:00.605
EPOCHS: 60 - Training Loss: 1.42932 (23%) - Validation Loss: 1.47065 (22%) - Cost Imp.: -0.944866 Time: 00:01:06.012
EPOCHS: 65 - Training Loss: 1.428 (23%) - Validation Loss: 1.45655 (23%) - Cost Imp.: -0.993877 Time: 00:01:11.422
EPOCHS: 70 - Training Loss: 1.42487 (24%) - Validation Loss: 1.49185 (22%) - Cost Imp.: -0.923643 Time: 00:01:16.834
Actual Epochs/Max Epochs: 74/100 - Best Training Loss: 1.4177 (24%) - Best Validation Loss: 1.44228 (23%) - Best Cost Improvement : -1.02283
Saved policy stats:  - Training Loss: 1.43402 (23%) - Validation Loss: 1.44228 (23%) - Cost Improvement : -1.01125
Training finished, total time elapsed: 02:47:23.470
Generating 100000 samples based on policy type: NN_Policy
Progress (node 0 only):
>>>>>10>>>>>20>>>>>30>>>>>40>>>>>50>>>>>60>>>>>70>>>>>80>>>>>90>>>>>100
Simulator statistics 
100000 samples; 39% at Z>0.5; 6% at Z>1; 0% at Z>1.5; 0% at Z>2; 0% at Z>2.5; 0% at Z>3; 
Avg Mean of Q values: 899.275
Elapsed time: 02:48:58.717
loaded 100000 samples from /home/temizoz/DynaPlexFork/IO_DynaPlex/lost_sales_general_VwxQWjcJ3Bo=fAsJ=HW=RIm5a2=hNX28UezB3E8ND4g__/samples_gen2.json
{"hidden_layers":[256,128,128,128],"type":"mlp"}
EPOCHS: 0 - Training Loss: 2.26098 (10%) - Validation Loss: 2.12095 (11%) - Cost Imp.: 0.967017 Time: 00:00:01.105
EPOCHS: 5 - Training Loss: 1.65395 (19%) - Validation Loss: 1.5805 (20%) - Cost Imp.: -0.0859732 Time: 00:00:06.582
EPOCHS: 10 - Training Loss: 1.5755 (20%) - Validation Loss: 1.52107 (21%) - Cost Imp.: -0.126332 Time: 00:00:12.075
EPOCHS: 15 - Training Loss: 1.53289 (21%) - Validation Loss: 1.53211 (21%) - Cost Imp.: -0.106816 Time: 00:00:17.558
EPOCHS: 20 - Training Loss: 1.51482 (21%) - Validation Loss: 1.51436 (21%) - Cost Imp.: -0.133563 Time: 00:00:23.037
EPOCHS: 25 - Training Loss: 1.50186 (22%) - Validation Loss: 1.48951 (22%) - Cost Imp.: -0.139909 Time: 00:00:28.508
EPOCHS: 30 - Training Loss: 1.49593 (22%) - Validation Loss: 1.5253 (21%) - Cost Imp.: -0.0986035 Time: 00:00:33.968
EPOCHS: 35 - Training Loss: 1.49911 (22%) - Validation Loss: 1.5467 (21%) - Cost Imp.: -0.116961 Time: 00:00:39.426
EPOCHS: 40 - Training Loss: 1.50019 (22%) - Validation Loss: 1.7828 (16%) - Cost Imp.: -0.0435065 Time: 00:00:44.879
EPOCHS: 45 - Training Loss: 1.49399 (22%) - Validation Loss: 1.47981 (22%) - Cost Imp.: -0.134249 Time: 00:00:50.355
EPOCHS: 50 - Training Loss: 1.47394 (22%) - Validation Loss: 1.49503 (22%) - Cost Imp.: -0.126883 Time: 00:00:55.822
Actual Epochs/Max Epochs: 52/100 - Best Training Loss: 1.4707 (22%) - Best Validation Loss: 1.46882 (23%) - Best Cost Improvement : -0.152592
Saved policy stats:  - Training Loss: 1.49544 (22%) - Validation Loss: 1.46882 (23%) - Cost Improvement : -0.152592
Training finished, total time elapsed: 02:50:00.886
Generating 100000 samples based on policy type: NN_Policy
Progress (node 0 only):
>>>>>10>>>>>20>>>>>30>>>>>40>>>>>50>>>>>60>>>>>70>>>>>80>>>>>90>>>>>100
Simulator statistics 
100000 samples; 40% at Z>0.5; 7% at Z>1; 0% at Z>1.5; 0% at Z>2; 0% at Z>2.5; 0% at Z>3; 
Avg Mean of Q values: 896.083
Elapsed time: 02:51:36.937
loaded 100000 samples from /home/temizoz/DynaPlexFork/IO_DynaPlex/lost_sales_general_VwxQWjcJ3Bo=fAsJ=HW=RIm5a2=hNX28UezB3E8ND4g__/samples_gen3.json
{"hidden_layers":[256,128,128,128],"type":"mlp"}
EPOCHS: 0 - Training Loss: 2.2304 (10%) - Validation Loss: 2.08377 (12%) - Cost Imp.: 1.20748 Time: 00:00:01.102
EPOCHS: 5 - Training Loss: 1.60381 (20%) - Validation Loss: 1.51172 (22%) - Cost Imp.: 0.0700506 Time: 00:00:06.566
EPOCHS: 10 - Training Loss: 1.48666 (22%) - Validation Loss: 1.43025 (23%) - Cost Imp.: 0.00448109 Time: 00:00:12.061
EPOCHS: 15 - Training Loss: 1.46719 (23%) - Validation Loss: 1.4176 (24%) - Cost Imp.: 0.0231852 Time: 00:00:17.542
EPOCHS: 20 - Training Loss: 1.44416 (23%) - Validation Loss: 1.55057 (21%) - Cost Imp.: 0.0449073 Time: 00:00:23.030
EPOCHS: 25 - Training Loss: 1.42322 (24%) - Validation Loss: 1.39814 (24%) - Cost Imp.: 0.0180073 Time: 00:00:28.519
EPOCHS: 30 - Training Loss: 1.42187 (24%) - Validation Loss: 1.46393 (23%) - Cost Imp.: 0.0173226 Time: 00:00:34.008
EPOCHS: 35 - Training Loss: 1.43098 (23%) - Validation Loss: 1.38766 (24%) - Cost Imp.: 0.010246 Time: 00:00:39.503
EPOCHS: 40 - Training Loss: 1.4049 (24%) - Validation Loss: 1.39088 (24%) - Cost Imp.: 0.0213966 Time: 00:00:44.992
EPOCHS: 45 - Training Loss: 1.39922 (24%) - Validation Loss: 1.4106 (24%) - Cost Imp.: 0.0290381 Time: 00:00:50.486
EPOCHS: 50 - Training Loss: 1.39068 (24%) - Validation Loss: 1.51422 (21%) - Cost Imp.: 0.0367836 Time: 00:00:55.967
Actual Epochs/Max Epochs: 54/100 - Best Training Loss: 1.39068 (24%) - Best Validation Loss: 1.37372 (25%) - Best Cost Improvement : -0.00995924
Saved policy stats:  - Training Loss: 1.41269 (24%) - Validation Loss: 1.37372 (25%) - Cost Improvement : -0.00870536
Training finished, total time elapsed: 02:52:41.458
Generating 100000 samples based on policy type: NN_Policy
Progress (node 0 only):
>>>>>10>>>>>20>>>>>30>>>>>40>>>>>50>>>>>60>>>>>70>>>>>80>>>>>90>>>>>100
Simulator statistics 
100000 samples; 40% at Z>0.5; 6% at Z>1; 0% at Z>1.5; 0% at Z>2; 0% at Z>2.5; 0% at Z>3; 
Avg Mean of Q values: 896.316
Elapsed time: 02:54:19.544
loaded 100000 samples from /home/temizoz/DynaPlexFork/IO_DynaPlex/lost_sales_general_VwxQWjcJ3Bo=fAsJ=HW=RIm5a2=hNX28UezB3E8ND4g__/samples_gen4.json
{"hidden_layers":[256,128,128,128],"type":"mlp"}
EPOCHS: 0 - Training Loss: 2.22739 (10%) - Validation Loss: 2.1286 (11%) - Cost Imp.: 1.06928 Time: 00:00:01.098
EPOCHS: 5 - Training Loss: 1.6126 (19%) - Validation Loss: 1.51513 (21%) - Cost Imp.: 0.0686671 Time: 00:00:06.544
EPOCHS: 10 - Training Loss: 1.47956 (22%) - Validation Loss: 1.58351 (20%) - Cost Imp.: 0.080617 Time: 00:00:11.974
EPOCHS: 15 - Training Loss: 1.45941 (23%) - Validation Loss: 1.41097 (24%) - Cost Imp.: 0.0185643 Time: 00:00:17.404
EPOCHS: 20 - Training Loss: 1.46079 (23%) - Validation Loss: 1.42725 (23%) - Cost Imp.: 0.0206879 Time: 00:00:22.872
EPOCHS: 25 - Training Loss: 1.43493 (23%) - Validation Loss: 1.41411 (24%) - Cost Imp.: 0.0163484 Time: 00:00:28.320
EPOCHS: 30 - Training Loss: 1.42818 (23%) - Validation Loss: 1.53942 (21%) - Cost Imp.: 0.0413027 Time: 00:00:33.761
EPOCHS: 35 - Training Loss: 1.41628 (24%) - Validation Loss: 1.3912 (24%) - Cost Imp.: 0.0172612 Time: 00:00:39.204
EPOCHS: 40 - Training Loss: 1.41724 (24%) - Validation Loss: 1.39509 (24%) - Cost Imp.: 0.00912649 Time: 00:00:44.639
EPOCHS: 45 - Training Loss: 1.41414 (24%) - Validation Loss: 1.38503 (25%) - Cost Imp.: 0.010791 Time: 00:00:50.074
EPOCHS: 50 - Training Loss: 1.42021 (24%) - Validation Loss: 1.44089 (23%) - Cost Imp.: 0.0250955 Time: 00:00:55.506
EPOCHS: 55 - Training Loss: 1.40822 (24%) - Validation Loss: 1.39474 (24%) - Cost Imp.: 0.00509748 Time: 00:01:00.954
EPOCHS: 60 - Training Loss: 1.40531 (24%) - Validation Loss: 1.39046 (24%) - Cost Imp.: 0.0169446 Time: 00:01:06.395
Actual Epochs/Max Epochs: 62/100 - Best Training Loss: 1.40197 (24%) - Best Validation Loss: 1.38338 (25%) - Best Cost Improvement : 0.00472388
Saved policy stats:  - Training Loss: 1.41474 (24%) - Validation Loss: 1.38338 (25%) - Cost Improvement : 0.0157065
Training finished, total time elapsed: 02:55:32.285
{"mean":52.070067199999976,"mean_stat_1":0.9889409313177971,"policy":{"id":"greedy_capped_base_stock"}}
{"mean":43.62270779999994,"mean_difference":-8.447359400000039,"mean_gap":-16.223062220284675,"mean_stat_1":0.9724895789153928,"policy":{"gen":1,"id":"NN_Policy","nn_architecture":{"hidden_layers":[256,128,128,128],"type":"mlp"},"num_inputs":7,"num_outputs":43}}
{"mean":42.71387939999993,"mean_difference":-9.356187800000043,"mean_gap":-17.96845731745099,"mean_stat_1":0.9584292458211425,"policy":{"gen":2,"id":"NN_Policy","nn_architecture":{"hidden_layers":[256,128,128,128],"type":"mlp"},"num_inputs":7,"num_outputs":43}}
{"mean":42.638706199999994,"mean_difference":-9.431360999999981,"mean_gap":-18.112826633724772,"mean_stat_1":0.9617987736253839,"policy":{"gen":3,"id":"NN_Policy","nn_architecture":{"hidden_layers":[256,128,128,128],"type":"mlp"},"num_inputs":7,"num_outputs":43}}
{"mean":42.63120740000001,"mean_difference":-9.438859799999967,"mean_gap":-18.127227997892756,"mean_stat_1":0.961710716778325,"policy":{"gen":4,"id":"NN_Policy","nn_architecture":{"hidden_layers":[256,128,128,128],"type":"mlp"},"num_inputs":7,"num_outputs":43}}
{"mean":42.63227160000004,"mean_difference":-9.437795599999937,"mean_gap":-18.125184213320818,"mean_stat_1":0.9613085639178395,"policy":{"gen":5,"id":"NN_Policy","nn_architecture":{"hidden_layers":[256,128,128,128],"type":"mlp"},"num_inputs":7,"num_outputs":43}}
Best network:  4
{"demand_cycles":[0,1,2],"leadtime":6,"mean_demand":[3.0,6.0,10.0],"p":39.0,"stdDemand":[1.7320508075688772,6.48074069840786,5.477225575051661]}
Generating 100000 samples based on policy type: greedy_capped_base_stock
Progress (node 0 only):
>>>>>10>>>>>20>>>>>30>>>>>40>>>>>50>>>>>60>>>>>70>>>>>80>>>>>90>>>>>100
Simulator statistics 
100000 samples; 47% at Z>0.5; 12% at Z>1; 2% at Z>1.5; 0% at Z>2; 0% at Z>2.5; 0% at Z>3; 
Avg Mean of Q values: 667.973
Elapsed time: 02:55:50.151
loaded 100000 samples from /home/temizoz/DynaPlexFork/IO_DynaPlex/lost_sales_general_8hoOiYynoCX2ppy1v9s-yKsG-R1znXHzfxDcT9Eo7Dg__/samples_gen0.json
{"hidden_layers":[256,128,128,128],"type":"mlp"}
EPOCHS: 0 - Training Loss: 1.93336 (14%) - Validation Loss: 1.85957 (15%) - Cost Imp.: -4.23259 Time: 00:00:01.042
EPOCHS: 5 - Training Loss: 1.363 (25%) - Validation Loss: 1.33797 (26%) - Cost Imp.: -4.76514 Time: 00:00:06.219
EPOCHS: 10 - Training Loss: 1.28256 (27%) - Validation Loss: 1.26254 (28%) - Cost Imp.: -4.75885 Time: 00:00:11.371
EPOCHS: 15 - Training Loss: 1.26329 (28%) - Validation Loss: 1.31661 (26%) - Cost Imp.: -4.68778 Time: 00:00:16.521
EPOCHS: 20 - Training Loss: 1.24507 (28%) - Validation Loss: 1.27236 (28%) - Cost Imp.: -4.76201 Time: 00:00:21.671
EPOCHS: 25 - Training Loss: 1.24186 (28%) - Validation Loss: 1.25518 (28%) - Cost Imp.: -4.80581 Time: 00:00:26.806
EPOCHS: 30 - Training Loss: 1.22897 (29%) - Validation Loss: 1.2189 (29%) - Cost Imp.: -4.76115 Time: 00:00:31.955
EPOCHS: 35 - Training Loss: 1.23029 (29%) - Validation Loss: 1.30782 (27%) - Cost Imp.: -4.83386 Time: 00:00:37.077
EPOCHS: 40 - Training Loss: 1.22377 (29%) - Validation Loss: 1.21601 (29%) - Cost Imp.: -4.78993 Time: 00:00:42.216
EPOCHS: 45 - Training Loss: 1.21617 (29%) - Validation Loss: 1.26876 (28%) - Cost Imp.: -4.79035 Time: 00:00:47.339
EPOCHS: 50 - Training Loss: 1.2254 (29%) - Validation Loss: 1.25939 (28%) - Cost Imp.: -4.73312 Time: 00:00:52.472
EPOCHS: 55 - Training Loss: 1.21241 (29%) - Validation Loss: 1.23143 (29%) - Cost Imp.: -4.79078 Time: 00:00:57.601
Actual Epochs/Max Epochs: 56/100 - Best Training Loss: 1.20837 (29%) - Best Validation Loss: 1.21601 (29%) - Best Cost Improvement : -4.83386
Saved policy stats:  - Training Loss: 1.22377 (29%) - Validation Loss: 1.21601 (29%) - Cost Improvement : -4.78993
Training finished, total time elapsed: 02:56:51.572
Generating 100000 samples based on policy type: NN_Policy
Progress (node 0 only):
>>>>>10>>>>>20>>>>>30>>>>>40>>>>>50>>>>>60>>>>>70>>>>>80>>>>>90>>>>>100
Simulator statistics 
100000 samples; 49% at Z>0.5; 13% at Z>1; 3% at Z>1.5; 0% at Z>2; 0% at Z>2.5; 0% at Z>3; 
Avg Mean of Q values: 595.125
Elapsed time: 02:57:53.784
loaded 100000 samples from /home/temizoz/DynaPlexFork/IO_DynaPlex/lost_sales_general_8hoOiYynoCX2ppy1v9s-yKsG-R1znXHzfxDcT9Eo7Dg__/samples_gen1.json
{"hidden_layers":[256,128,128,128],"type":"mlp"}
EPOCHS: 0 - Training Loss: 1.92836 (14%) - Validation Loss: 1.76931 (17%) - Cost Imp.: -0.0527997 Time: 00:00:01.053
EPOCHS: 5 - Training Loss: 1.26502 (28%) - Validation Loss: 1.30794 (27%) - Cost Imp.: -0.523599 Time: 00:00:06.296
EPOCHS: 10 - Training Loss: 1.22463 (29%) - Validation Loss: 1.20354 (30%) - Cost Imp.: -0.643159 Time: 00:00:11.491
EPOCHS: 15 - Training Loss: 1.21031 (29%) - Validation Loss: 1.4266 (24%) - Cost Imp.: -0.584701 Time: 00:00:16.694
EPOCHS: 20 - Training Loss: 1.19047 (30%) - Validation Loss: 1.22272 (29%) - Cost Imp.: -0.59906 Time: 00:00:21.915
EPOCHS: 25 - Training Loss: 1.18553 (30%) - Validation Loss: 1.16228 (31%) - Cost Imp.: -0.652472 Time: 00:00:27.138
EPOCHS: 30 - Training Loss: 1.17931 (30%) - Validation Loss: 1.18291 (30%) - Cost Imp.: -0.648422 Time: 00:00:32.357
EPOCHS: 35 - Training Loss: 1.18125 (30%) - Validation Loss: 1.16518 (31%) - Cost Imp.: -0.639292 Time: 00:00:37.560
EPOCHS: 40 - Training Loss: 1.16991 (31%) - Validation Loss: 1.16924 (31%) - Cost Imp.: -0.647796 Time: 00:00:42.779
EPOCHS: 45 - Training Loss: 1.15967 (31%) - Validation Loss: 1.1605 (31%) - Cost Imp.: -0.657132 Time: 00:00:47.996
EPOCHS: 50 - Training Loss: 1.15909 (31%) - Validation Loss: 1.17384 (30%) - Cost Imp.: -0.638583 Time: 00:00:53.201
EPOCHS: 55 - Training Loss: 1.1498 (31%) - Validation Loss: 1.19422 (30%) - Cost Imp.: -0.618914 Time: 00:00:58.422
EPOCHS: 60 - Training Loss: 1.15484 (31%) - Validation Loss: 1.18118 (30%) - Cost Imp.: -0.64189 Time: 00:01:03.626
Actual Epochs/Max Epochs: 61/100 - Best Training Loss: 1.1498 (31%) - Best Validation Loss: 1.1605 (31%) - Best Cost Improvement : -0.658387
Saved policy stats:  - Training Loss: 1.15967 (31%) - Validation Loss: 1.1605 (31%) - Cost Improvement : -0.657132
Training finished, total time elapsed: 02:59:01.587
Generating 100000 samples based on policy type: NN_Policy
Progress (node 0 only):
>>>>>10>>>>>20>>>>>30>>>>>40>>>>>50>>>>>60>>>>>70>>>>>80>>>>>90>>>>>100
Simulator statistics 
100000 samples; 47% at Z>0.5; 11% at Z>1; 1% at Z>1.5; 0% at Z>2; 0% at Z>2.5; 0% at Z>3; 
Avg Mean of Q values: 592.873
Elapsed time: 03:00:03.500
loaded 100000 samples from /home/temizoz/DynaPlexFork/IO_DynaPlex/lost_sales_general_8hoOiYynoCX2ppy1v9s-yKsG-R1znXHzfxDcT9Eo7Dg__/samples_gen2.json
{"hidden_layers":[256,128,128,128],"type":"mlp"}
EPOCHS: 0 - Training Loss: 1.95799 (14%) - Validation Loss: 1.85819 (15%) - Cost Imp.: 0.834173 Time: 00:00:01.044
EPOCHS: 5 - Training Loss: 1.2901 (27%) - Validation Loss: 1.38842 (24%) - Cost Imp.: 0.0555262 Time: 00:00:06.193
EPOCHS: 10 - Training Loss: 1.23099 (29%) - Validation Loss: 1.21276 (29%) - Cost Imp.: -0.00745312 Time: 00:00:11.364
EPOCHS: 15 - Training Loss: 1.22282 (29%) - Validation Loss: 1.26012 (28%) - Cost Imp.: 0.0280636 Time: 00:00:16.506
EPOCHS: 20 - Training Loss: 1.20363 (30%) - Validation Loss: 1.20948 (29%) - Cost Imp.: -0.00569809 Time: 00:00:21.646
EPOCHS: 25 - Training Loss: 1.20516 (29%) - Validation Loss: 1.20085 (30%) - Cost Imp.: -0.00487703 Time: 00:00:26.795
EPOCHS: 30 - Training Loss: 1.19202 (30%) - Validation Loss: 1.18648 (30%) - Cost Imp.: -0.020408 Time: 00:00:31.951
EPOCHS: 35 - Training Loss: 1.19006 (30%) - Validation Loss: 1.19575 (30%) - Cost Imp.: -0.0142186 Time: 00:00:37.106
EPOCHS: 40 - Training Loss: 1.18305 (30%) - Validation Loss: 1.25806 (28%) - Cost Imp.: -0.0052701 Time: 00:00:42.250
EPOCHS: 45 - Training Loss: 1.18423 (30%) - Validation Loss: 1.32205 (26%) - Cost Imp.: 0.0089625 Time: 00:00:47.400
EPOCHS: 50 - Training Loss: 1.17343 (30%) - Validation Loss: 1.20389 (30%) - Cost Imp.: 0.00666934 Time: 00:00:52.540
Actual Epochs/Max Epochs: 55/100 - Best Training Loss: 1.17343 (30%) - Best Validation Loss: 1.17958 (30%) - Best Cost Improvement : -0.0242949
Saved policy stats:  - Training Loss: 1.18777 (30%) - Validation Loss: 1.17958 (30%) - Cost Improvement : -0.0158906
Training finished, total time elapsed: 03:01:04.314
Generating 100000 samples based on policy type: NN_Policy
Progress (node 0 only):
>>>>>10>>>>>20>>>>>30>>>>>40>>>>>50>>>>>60>>>>>70>>>>>80>>>>>90>>>>>100
Simulator statistics 
100000 samples; 49% at Z>0.5; 12% at Z>1; 2% at Z>1.5; 0% at Z>2; 0% at Z>2.5; 0% at Z>3; 
Avg Mean of Q values: 592.42
Elapsed time: 03:02:07.156
loaded 100000 samples from /home/temizoz/DynaPlexFork/IO_DynaPlex/lost_sales_general_8hoOiYynoCX2ppy1v9s-yKsG-R1znXHzfxDcT9Eo7Dg__/samples_gen3.json
{"hidden_layers":[256,128,128,128],"type":"mlp"}
EPOCHS: 0 - Training Loss: 1.9365 (14%) - Validation Loss: 1.83768 (15%) - Cost Imp.: 0.899248 Time: 00:00:01.047
EPOCHS: 5 - Training Loss: 1.23915 (28%) - Validation Loss: 1.19919 (30%) - Cost Imp.: 0.0259826 Time: 00:00:06.261
EPOCHS: 10 - Training Loss: 1.20872 (29%) - Validation Loss: 1.18197 (30%) - Cost Imp.: 0.0202204 Time: 00:00:11.465
EPOCHS: 15 - Training Loss: 1.18187 (30%) - Validation Loss: 1.15862 (31%) - Cost Imp.: 0.00825271 Time: 00:00:16.649
EPOCHS: 20 - Training Loss: 1.16509 (31%) - Validation Loss: 1.18885 (30%) - Cost Imp.: 0.0276628 Time: 00:00:21.835
EPOCHS: 25 - Training Loss: 1.16675 (31%) - Validation Loss: 1.14997 (31%) - Cost Imp.: 0.0121224 Time: 00:00:27.004
EPOCHS: 30 - Training Loss: 1.16641 (31%) - Validation Loss: 1.13758 (32%) - Cost Imp.: -0.00226249 Time: 00:00:32.191
EPOCHS: 35 - Training Loss: 1.15181 (31%) - Validation Loss: 1.17013 (31%) - Cost Imp.: 0.0188944 Time: 00:00:37.354
EPOCHS: 40 - Training Loss: 1.15522 (31%) - Validation Loss: 1.13876 (32%) - Cost Imp.: 0.000736602 Time: 00:00:42.531
EPOCHS: 45 - Training Loss: 1.14229 (31%) - Validation Loss: 1.14033 (31%) - Cost Imp.: 0.0050646 Time: 00:00:47.696
EPOCHS: 50 - Training Loss: 1.14553 (31%) - Validation Loss: 1.14181 (31%) - Cost Imp.: 0.0075154 Time: 00:00:52.855
EPOCHS: 55 - Training Loss: 1.14681 (31%) - Validation Loss: 1.13948 (31%) - Cost Imp.: 0.000366211 Time: 00:00:58.015
EPOCHS: 60 - Training Loss: 1.14933 (31%) - Validation Loss: 1.29633 (27%) - Cost Imp.: 0.0920986 Time: 00:01:03.182
EPOCHS: 65 - Training Loss: 1.13663 (32%) - Validation Loss: 1.14513 (31%) - Cost Imp.: 0.00945077 Time: 00:01:08.344
Actual Epochs/Max Epochs: 67/100 - Best Training Loss: 1.13246 (32%) - Best Validation Loss: 1.12909 (32%) - Best Cost Improvement : -0.00551704
Saved policy stats:  - Training Loss: 1.14019 (31%) - Validation Loss: 1.12909 (32%) - Cost Improvement : -0.00551704
Training finished, total time elapsed: 03:03:20.764
Generating 100000 samples based on policy type: NN_Policy
Progress (node 0 only):
>>>>>10>>>>>20>>>>>30>>>>>40>>>>>50>>>>>60>>>>>70>>>>>80>>>>>90>>>>>100
Simulator statistics 
100000 samples; 48% at Z>0.5; 12% at Z>1; 2% at Z>1.5; 0% at Z>2; 0% at Z>2.5; 0% at Z>3; 
Avg Mean of Q values: 592.101
Elapsed time: 03:04:24.071
loaded 100000 samples from /home/temizoz/DynaPlexFork/IO_DynaPlex/lost_sales_general_8hoOiYynoCX2ppy1v9s-yKsG-R1znXHzfxDcT9Eo7Dg__/samples_gen4.json
{"hidden_layers":[256,128,128,128],"type":"mlp"}
EPOCHS: 0 - Training Loss: 1.92337 (14%) - Validation Loss: 1.79659 (16%) - Cost Imp.: 0.623269 Time: 00:00:01.047
EPOCHS: 5 - Training Loss: 1.24934 (28%) - Validation Loss: 1.2177 (29%) - Cost Imp.: 0.0622755 Time: 00:00:06.283
EPOCHS: 10 - Training Loss: 1.21066 (29%) - Validation Loss: 1.15498 (31%) - Cost Imp.: 0.0239807 Time: 00:00:11.503
EPOCHS: 15 - Training Loss: 1.18728 (30%) - Validation Loss: 1.50214 (22%) - Cost Imp.: 0.0973345 Time: 00:00:16.716
EPOCHS: 20 - Training Loss: 1.16935 (31%) - Validation Loss: 1.12363 (32%) - Cost Imp.: 0.0089854 Time: 00:00:21.929
EPOCHS: 25 - Training Loss: 1.16704 (31%) - Validation Loss: 1.1226 (32%) - Cost Imp.: 0.0153037 Time: 00:00:27.128
EPOCHS: 30 - Training Loss: 1.14736 (31%) - Validation Loss: 1.11695 (32%) - Cost Imp.: 0.00868823 Time: 00:00:32.315
EPOCHS: 35 - Training Loss: 1.14427 (31%) - Validation Loss: 1.13854 (32%) - Cost Imp.: 0.000418826 Time: 00:00:37.504
EPOCHS: 40 - Training Loss: 1.14024 (31%) - Validation Loss: 1.11146 (32%) - Cost Imp.: -0.00134593 Time: 00:00:42.700
Actual Epochs/Max Epochs: 45/100 - Best Training Loss: 1.13872 (32%) - Best Validation Loss: 1.10584 (33%) - Best Cost Improvement : -0.00134593
Saved policy stats:  - Training Loss: 1.15293 (31%) - Validation Loss: 1.10584 (33%) - Cost Improvement : 0.00277942
Training finished, total time elapsed: 03:05:15.082
{"mean":33.43864000000006,"mean_stat_1":0.989222434000943,"policy":{"id":"greedy_capped_base_stock"}}
{"mean":28.799850199999987,"mean_difference":-4.638789800000076,"mean_gap":-13.872543261329012,"mean_stat_1":0.9747693596213631,"policy":{"gen":1,"id":"NN_Policy","nn_architecture":{"hidden_layers":[256,128,128,128],"type":"mlp"},"num_inputs":7,"num_outputs":24}}
{"mean":28.182681000000063,"mean_difference":-5.255959000000001,"mean_gap":-15.718219999377938,"mean_stat_1":0.9621520415266591,"policy":{"gen":2,"id":"NN_Policy","nn_architecture":{"hidden_layers":[256,128,128,128],"type":"mlp"},"num_inputs":7,"num_outputs":24}}
{"mean":28.17108339999999,"mean_difference":-5.2675566000000735,"mean_gap":-15.752903228121909,"mean_stat_1":0.963129284419297,"policy":{"gen":3,"id":"NN_Policy","nn_architecture":{"hidden_layers":[256,128,128,128],"type":"mlp"},"num_inputs":7,"num_outputs":24}}
{"mean":28.170022399999993,"mean_difference":-5.26861760000007,"mean_gap":-15.756076204056324,"mean_stat_1":0.963393544587329,"policy":{"gen":4,"id":"NN_Policy","nn_architecture":{"hidden_layers":[256,128,128,128],"type":"mlp"},"num_inputs":7,"num_outputs":24}}
{"mean":28.172314800000045,"mean_difference":-5.2663252000000185,"mean_gap":-15.749220662084367,"mean_stat_1":0.9635108924885044,"policy":{"gen":5,"id":"NN_Policy","nn_architecture":{"hidden_layers":[256,128,128,128],"type":"mlp"},"num_inputs":7,"num_outputs":24}}
Best network:  4
{"demand_cycles":[0,1,2,3,4],"leadtime":6,"mean_demand":[4.0,2.5,3.0,4.5,3.0],"p":39.0,"stdDemand":[2.0,2.9580398915498085,2.7386127875258306,1.7748239349298849,1.7320508075688772]}
Generating 100000 samples based on policy type: greedy_capped_base_stock
Progress (node 0 only):
>>>>>10>>>>>20>>>>>30>>>>>40>>>>>50>>>>>60>>>>>70>>>>>80>>>>>90>>>>>100
Simulator statistics 
100000 samples; 64% at Z>0.5; 28% at Z>1; 7% at Z>1.5; 1% at Z>2; 0% at Z>2.5; 0% at Z>3; 
Avg Mean of Q values: 299.3
Elapsed time: 03:05:31.333
loaded 100000 samples from /home/temizoz/DynaPlexFork/IO_DynaPlex/lost_sales_general_lL9wQhpON9Xvom5gC3Mr3W=91sSYOOTFgzGyi2KGMDs__/samples_gen0.json
{"hidden_layers":[256,128,128,128],"type":"mlp"}
EPOCHS: 0 - Training Loss: 1.37295 (25%) - Validation Loss: 1.25619 (28%) - Cost Imp.: -1.71104 Time: 00:00:01.054
EPOCHS: 5 - Training Loss: 0.829646 (43%) - Validation Loss: 0.810419 (44%) - Cost Imp.: -1.89002 Time: 00:00:06.325
EPOCHS: 10 - Training Loss: 0.789203 (45%) - Validation Loss: 0.843017 (43%) - Cost Imp.: -1.87996 Time: 00:00:11.575
EPOCHS: 15 - Training Loss: 0.790025 (45%) - Validation Loss: 0.774941 (46%) - Cost Imp.: -1.90218 Time: 00:00:16.818
EPOCHS: 20 - Training Loss: 0.777838 (45%) - Validation Loss: 0.799791 (44%) - Cost Imp.: -1.89147 Time: 00:00:22.060
EPOCHS: 25 - Training Loss: 0.767581 (46%) - Validation Loss: 0.770651 (46%) - Cost Imp.: -1.90042 Time: 00:00:27.293
EPOCHS: 30 - Training Loss: 0.770566 (46%) - Validation Loss: 0.781448 (45%) - Cost Imp.: -1.89787 Time: 00:00:32.530
EPOCHS: 35 - Training Loss: 0.769719 (46%) - Validation Loss: 0.768875 (46%) - Cost Imp.: -1.89921 Time: 00:00:37.750
EPOCHS: 40 - Training Loss: 0.762532 (46%) - Validation Loss: 0.788065 (45%) - Cost Imp.: -1.88822 Time: 00:00:42.965
EPOCHS: 45 - Training Loss: 0.75316 (47%) - Validation Loss: 0.778506 (45%) - Cost Imp.: -1.89872 Time: 00:00:48.190
Actual Epochs/Max Epochs: 48/100 - Best Training Loss: 0.753008 (47%) - Best Validation Loss: 0.761145 (46%) - Best Cost Improvement : -1.9048
Saved policy stats:  - Training Loss: 0.765425 (46%) - Validation Loss: 0.761145 (46%) - Cost Improvement : -1.89981
Training finished, total time elapsed: 03:06:24.570
Generating 100000 samples based on policy type: NN_Policy
Progress (node 0 only):
>>>>>10>>>>>20>>>>>30>>>>>40>>>>>50>>>>>60>>>>>70>>>>>80>>>>>90>>>>>100
Simulator statistics 
100000 samples; 61% at Z>0.5; 25% at Z>1; 6% at Z>1.5; 1% at Z>2; 0% at Z>2.5; 0% at Z>3; 
Avg Mean of Q values: 270.832
Elapsed time: 03:06:57.918
loaded 100000 samples from /home/temizoz/DynaPlexFork/IO_DynaPlex/lost_sales_general_lL9wQhpON9Xvom5gC3Mr3W=91sSYOOTFgzGyi2KGMDs__/samples_gen1.json
{"hidden_layers":[256,128,128,128],"type":"mlp"}
EPOCHS: 0 - Training Loss: 1.44439 (23%) - Validation Loss: 1.32057 (26%) - Cost Imp.: 0.0122476 Time: 00:00:01.059
EPOCHS: 5 - Training Loss: 0.870988 (41%) - Validation Loss: 0.876102 (41%) - Cost Imp.: -0.259121 Time: 00:00:06.315
EPOCHS: 10 - Training Loss: 0.855265 (42%) - Validation Loss: 0.829354 (43%) - Cost Imp.: -0.288154 Time: 00:00:11.567
EPOCHS: 15 - Training Loss: 0.827283 (43%) - Validation Loss: 0.818746 (44%) - Cost Imp.: -0.290753 Time: 00:00:16.827
EPOCHS: 20 - Training Loss: 0.821909 (43%) - Validation Loss: 0.830961 (43%) - Cost Imp.: -0.27589 Time: 00:00:22.075
EPOCHS: 25 - Training Loss: 0.819792 (44%) - Validation Loss: 0.847601 (42%) - Cost Imp.: -0.261554 Time: 00:00:27.313
EPOCHS: 30 - Training Loss: 0.819754 (44%) - Validation Loss: 0.828288 (43%) - Cost Imp.: -0.279614 Time: 00:00:32.560
EPOCHS: 35 - Training Loss: 0.815829 (44%) - Validation Loss: 0.81318 (44%) - Cost Imp.: -0.282822 Time: 00:00:37.798
EPOCHS: 40 - Training Loss: 0.807436 (44%) - Validation Loss: 0.804527 (44%) - Cost Imp.: -0.295122 Time: 00:00:43.021
EPOCHS: 45 - Training Loss: 0.809605 (44%) - Validation Loss: 0.818939 (44%) - Cost Imp.: -0.290416 Time: 00:00:48.259
Actual Epochs/Max Epochs: 50/100 - Best Training Loss: 0.802342 (44%) - Best Validation Loss: 0.803675 (44%) - Best Cost Improvement : -0.29631
Saved policy stats:  - Training Loss: 0.817308 (44%) - Validation Loss: 0.803675 (44%) - Cost Improvement : -0.29631
Training finished, total time elapsed: 03:07:53.448
Generating 100000 samples based on policy type: NN_Policy
Progress (node 0 only):
>>>>>10>>>>>20>>>>>30>>>>>40>>>>>50>>>>>60>>>>>70>>>>>80>>>>>90>>>>>100
Simulator statistics 
100000 samples; 62% at Z>0.5; 26% at Z>1; 6% at Z>1.5; 1% at Z>2; 0% at Z>2.5; 0% at Z>3; 
Avg Mean of Q values: 269.525
Elapsed time: 03:08:26.914
loaded 100000 samples from /home/temizoz/DynaPlexFork/IO_DynaPlex/lost_sales_general_lL9wQhpON9Xvom5gC3Mr3W=91sSYOOTFgzGyi2KGMDs__/samples_gen2.json
{"hidden_layers":[256,128,128,128],"type":"mlp"}
EPOCHS: 0 - Training Loss: 1.42131 (24%) - Validation Loss: 1.36282 (25%) - Cost Imp.: 0.373482 Time: 00:00:01.061
EPOCHS: 5 - Training Loss: 0.843015 (43%) - Validation Loss: 0.821993 (43%) - Cost Imp.: -0.00109388 Time: 00:00:06.330
EPOCHS: 10 - Training Loss: 0.819794 (44%) - Validation Loss: 0.890202 (41%) - Cost Imp.: 0.0313898 Time: 00:00:11.585
EPOCHS: 15 - Training Loss: 0.799038 (44%) - Validation Loss: 0.919191 (39%) - Cost Imp.: 0.0505857 Time: 00:00:16.833
EPOCHS: 20 - Training Loss: 0.795054 (45%) - Validation Loss: 0.793809 (45%) - Cost Imp.: -0.00644834 Time: 00:00:22.101
EPOCHS: 25 - Training Loss: 0.788433 (45%) - Validation Loss: 0.782557 (45%) - Cost Imp.: -0.0115466 Time: 00:00:27.367
EPOCHS: 30 - Training Loss: 0.785444 (45%) - Validation Loss: 0.782278 (45%) - Cost Imp.: -0.00866287 Time: 00:00:32.608
EPOCHS: 35 - Training Loss: 0.776655 (45%) - Validation Loss: 0.810001 (44%) - Cost Imp.: 0.00440552 Time: 00:00:37.858
EPOCHS: 40 - Training Loss: 0.783769 (45%) - Validation Loss: 0.780858 (45%) - Cost Imp.: -0.0106479 Time: 00:00:43.099
EPOCHS: 45 - Training Loss: 0.768778 (46%) - Validation Loss: 0.795818 (45%) - Cost Imp.: -0.00806293 Time: 00:00:48.342
EPOCHS: 50 - Training Loss: 0.781785 (45%) - Validation Loss: 0.771622 (46%) - Cost Imp.: -0.0108579 Time: 00:00:53.587
EPOCHS: 55 - Training Loss: 0.766899 (46%) - Validation Loss: 0.801193 (44%) - Cost Imp.: -0.00761656 Time: 00:00:58.823
EPOCHS: 60 - Training Loss: 0.769199 (46%) - Validation Loss: 0.770861 (46%) - Cost Imp.: -0.0106768 Time: 00:01:04.068
EPOCHS: 65 - Training Loss: 0.765611 (46%) - Validation Loss: 0.775629 (46%) - Cost Imp.: -0.0112736 Time: 00:01:09.305
EPOCHS: 70 - Training Loss: 0.766248 (46%) - Validation Loss: 0.782847 (45%) - Cost Imp.: -0.00663601 Time: 00:01:14.554
EPOCHS: 75 - Training Loss: 0.764905 (46%) - Validation Loss: 0.80093 (44%) - Cost Imp.: -0.000755653 Time: 00:01:19.796
Actual Epochs/Max Epochs: 76/100 - Best Training Loss: 0.761514 (46%) - Best Validation Loss: 0.770861 (46%) - Best Cost Improvement : -0.014395
Saved policy stats:  - Training Loss: 0.769199 (46%) - Validation Loss: 0.770861 (46%) - Cost Improvement : -0.0106768
Training finished, total time elapsed: 03:09:49.731
Generating 100000 samples based on policy type: NN_Policy
Progress (node 0 only):
>>>>>10>>>>>20>>>>>30>>>>>40>>>>>50>>>>>60>>>>>70>>>>>80>>>>>90>>>>>100
Simulator statistics 
100000 samples; 62% at Z>0.5; 26% at Z>1; 6% at Z>1.5; 1% at Z>2; 0% at Z>2.5; 0% at Z>3; 
Avg Mean of Q values: 269.175
Elapsed time: 03:10:23.254
loaded 100000 samples from /home/temizoz/DynaPlexFork/IO_DynaPlex/lost_sales_general_lL9wQhpON9Xvom5gC3Mr3W=91sSYOOTFgzGyi2KGMDs__/samples_gen3.json
{"hidden_layers":[256,128,128,128],"type":"mlp"}
EPOCHS: 0 - Training Loss: 1.41078 (24%) - Validation Loss: 1.23825 (28%) - Cost Imp.: 0.197358 Time: 00:00:01.060
EPOCHS: 5 - Training Loss: 0.877319 (41%) - Validation Loss: 0.835302 (43%) - Cost Imp.: 0.0174458 Time: 00:00:06.353
EPOCHS: 10 - Training Loss: 0.80565 (44%) - Validation Loss: 0.778539 (45%) - Cost Imp.: 0.00642498 Time: 00:00:11.637
EPOCHS: 15 - Training Loss: 0.791086 (45%) - Validation Loss: 0.781668 (45%) - Cost Imp.: 0.00875283 Time: 00:00:16.908
EPOCHS: 20 - Training Loss: 0.786705 (45%) - Validation Loss: 0.784066 (45%) - Cost Imp.: 0.00465004 Time: 00:00:22.180
EPOCHS: 25 - Training Loss: 0.7769 (45%) - Validation Loss: 0.825066 (43%) - Cost Imp.: 0.0108834 Time: 00:00:27.451
EPOCHS: 30 - Training Loss: 0.771541 (46%) - Validation Loss: 0.841433 (43%) - Cost Imp.: 0.0154663 Time: 00:00:32.720
EPOCHS: 35 - Training Loss: 0.761329 (46%) - Validation Loss: 0.764723 (46%) - Cost Imp.: -0.00149257 Time: 00:00:37.984
EPOCHS: 40 - Training Loss: 0.760548 (46%) - Validation Loss: 0.759473 (46%) - Cost Imp.: 0.00178616 Time: 00:00:43.249
EPOCHS: 45 - Training Loss: 0.759801 (46%) - Validation Loss: 0.7678 (46%) - Cost Imp.: 0.00534413 Time: 00:00:48.500
EPOCHS: 50 - Training Loss: 0.754844 (47%) - Validation Loss: 0.815525 (44%) - Cost Imp.: 0.0109417 Time: 00:00:53.744
EPOCHS: 55 - Training Loss: 0.754389 (47%) - Validation Loss: 0.76001 (46%) - Cost Imp.: 0.00302363 Time: 00:00:58.999
Actual Epochs/Max Epochs: 58/100 - Best Training Loss: 0.751957 (47%) - Best Validation Loss: 0.75778 (46%) - Best Cost Improvement : -0.00149257
Saved policy stats:  - Training Loss: 0.773171 (46%) - Validation Loss: 0.75778 (46%) - Cost Improvement : -0.000381684
Training finished, total time elapsed: 03:11:27.386
Generating 100000 samples based on policy type: NN_Policy
Progress (node 0 only):
>>>>>10>>>>>20>>>>>30>>>>>40>>>>>50>>>>>60>>>>>70>>>>>80>>>>>90>>>>>100
Simulator statistics 
100000 samples; 62% at Z>0.5; 26% at Z>1; 6% at Z>1.5; 1% at Z>2; 0% at Z>2.5; 0% at Z>3; 
Avg Mean of Q values: 269.142
Elapsed time: 03:12:01.405
loaded 100000 samples from /home/temizoz/DynaPlexFork/IO_DynaPlex/lost_sales_general_lL9wQhpON9Xvom5gC3Mr3W=91sSYOOTFgzGyi2KGMDs__/samples_gen4.json
{"hidden_layers":[256,128,128,128],"type":"mlp"}
EPOCHS: 0 - Training Loss: 1.42733 (23%) - Validation Loss: 1.33686 (26%) - Cost Imp.: 0.363356 Time: 00:00:01.056
EPOCHS: 5 - Training Loss: 0.83467 (43%) - Validation Loss: 0.806831 (44%) - Cost Imp.: 0.0167281 Time: 00:00:06.300
EPOCHS: 10 - Training Loss: 0.806891 (44%) - Validation Loss: 0.787263 (45%) - Cost Imp.: 0.0180796 Time: 00:00:11.534
EPOCHS: 15 - Training Loss: 0.798555 (44%) - Validation Loss: 0.780054 (45%) - Cost Imp.: 0.00292361 Time: 00:00:16.781
EPOCHS: 20 - Training Loss: 0.79097 (45%) - Validation Loss: 0.979191 (37%) - Cost Imp.: 0.0400273 Time: 00:00:22.025
EPOCHS: 25 - Training Loss: 0.780083 (45%) - Validation Loss: 0.77893 (45%) - Cost Imp.: 0.0100047 Time: 00:00:27.250
EPOCHS: 30 - Training Loss: 0.78088 (45%) - Validation Loss: 0.922235 (39%) - Cost Imp.: 0.0321784 Time: 00:00:32.497
EPOCHS: 35 - Training Loss: 0.782254 (45%) - Validation Loss: 0.770003 (46%) - Cost Imp.: 0.00663176 Time: 00:00:37.739
EPOCHS: 40 - Training Loss: 0.775173 (46%) - Validation Loss: 0.785981 (45%) - Cost Imp.: 0.00408992 Time: 00:00:42.977
EPOCHS: 45 - Training Loss: 0.781454 (45%) - Validation Loss: 0.789915 (45%) - Cost Imp.: 0.0197848 Time: 00:00:48.217
Actual Epochs/Max Epochs: 48/100 - Best Training Loss: 0.769098 (46%) - Best Validation Loss: 0.762694 (46%) - Best Cost Improvement : 0.00166151
Saved policy stats:  - Training Loss: 0.784278 (45%) - Validation Loss: 0.762694 (46%) - Cost Improvement : 0.00296655
Training finished, total time elapsed: 03:12:54.776
{"mean":14.8549436,"mean_stat_1":0.9904595898756321,"policy":{"id":"greedy_capped_base_stock"}}
{"mean":13.074723599999988,"mean_difference":-1.7802200000000123,"mean_gap":-11.984023958192694,"mean_stat_1":0.9794245979121203,"policy":{"gen":1,"id":"NN_Policy","nn_architecture":{"hidden_layers":[256,128,128,128],"type":"mlp"},"num_inputs":7,"num_outputs":11}}
{"mean":12.806840400000011,"mean_difference":-2.0481031999999892,"mean_gap":-13.787350899130907,"mean_stat_1":0.9693578796563651,"policy":{"gen":2,"id":"NN_Policy","nn_architecture":{"hidden_layers":[256,128,128,128],"type":"mlp"},"num_inputs":7,"num_outputs":11}}
{"mean":12.800789600000009,"mean_difference":-2.0541539999999916,"mean_gap":-13.828083467109167,"mean_stat_1":0.970324231202915,"policy":{"gen":3,"id":"NN_Policy","nn_architecture":{"hidden_layers":[256,128,128,128],"type":"mlp"},"num_inputs":7,"num_outputs":11}}
{"mean":12.802649599999993,"mean_difference":-2.052294000000007,"mean_gap":-13.81556238288247,"mean_stat_1":0.9708358397233183,"policy":{"gen":4,"id":"NN_Policy","nn_architecture":{"hidden_layers":[256,128,128,128],"type":"mlp"},"num_inputs":7,"num_outputs":11}}
{"mean":12.802152800000005,"mean_difference":-2.052790799999995,"mean_gap":-13.818906724088775,"mean_stat_1":0.9703302939163061,"policy":{"gen":5,"id":"NN_Policy","nn_architecture":{"hidden_layers":[256,128,128,128],"type":"mlp"},"num_inputs":7,"num_outputs":11}}
Best network:  3
{"demand_cycles":[0,1,2,3,4],"leadtime":6,"mean_demand":[7.5,11.5,10.0,9.5,8.5],"p":39.0,"stdDemand":[2.7386127875258306,11.989578808281799,5.477225575051661,2.5845091410169165,2.9154759474226504]}
Generating 100000 samples based on policy type: greedy_capped_base_stock
Progress (node 0 only):
>>>>>10>>>>>20>>>>>30>>>>>40>>>>>50>>>>>60>>>>>70>>>>>80>>>>>90>>>>>100
Simulator statistics 
100000 samples; 49% at Z>0.5; 15% at Z>1; 4% at Z>1.5; 1% at Z>2; 0% at Z>2.5; 0% at Z>3; 
Avg Mean of Q values: 864.485
Elapsed time: 03:13:13.772
loaded 100000 samples from /home/temizoz/DynaPlexFork/IO_DynaPlex/lost_sales_general_PJTrjStqRevdsl9UeEcr-IMK-CL4oBeawhIu7yiB1PQ__/samples_gen0.json
{"hidden_layers":[256,128,128,128],"type":"mlp"}
EPOCHS: 0 - Training Loss: 1.98229 (13%) - Validation Loss: 1.82093 (16%) - Cost Imp.: -8.17667 Time: 00:00:01.095
EPOCHS: 5 - Training Loss: 1.52832 (21%) - Validation Loss: 1.50858 (22%) - Cost Imp.: -8.58516 Time: 00:00:06.513
EPOCHS: 10 - Training Loss: 1.43027 (23%) - Validation Loss: 1.44147 (23%) - Cost Imp.: -8.63703 Time: 00:00:11.919
EPOCHS: 15 - Training Loss: 1.3702 (25%) - Validation Loss: 1.40116 (24%) - Cost Imp.: -8.65558 Time: 00:00:17.309
EPOCHS: 20 - Training Loss: 1.33888 (26%) - Validation Loss: 1.44655 (23%) - Cost Imp.: -8.66107 Time: 00:00:22.684
EPOCHS: 25 - Training Loss: 1.31066 (26%) - Validation Loss: 1.30805 (27%) - Cost Imp.: -8.7056 Time: 00:00:28.070
EPOCHS: 30 - Training Loss: 1.29487 (27%) - Validation Loss: 1.28593 (27%) - Cost Imp.: -8.72329 Time: 00:00:33.434
EPOCHS: 35 - Training Loss: 1.28544 (27%) - Validation Loss: 1.31778 (26%) - Cost Imp.: -8.70703 Time: 00:00:38.793
EPOCHS: 40 - Training Loss: 1.28823 (27%) - Validation Loss: 1.38683 (24%) - Cost Imp.: -8.69528 Time: 00:00:44.158
EPOCHS: 45 - Training Loss: 1.26123 (28%) - Validation Loss: 1.30658 (27%) - Cost Imp.: -8.72151 Time: 00:00:49.522
EPOCHS: 50 - Training Loss: 1.26197 (28%) - Validation Loss: 1.29265 (27%) - Cost Imp.: -8.73695 Time: 00:00:54.896
EPOCHS: 55 - Training Loss: 1.25627 (28%) - Validation Loss: 1.29794 (27%) - Cost Imp.: -8.71729 Time: 00:01:00.262
EPOCHS: 60 - Training Loss: 1.25022 (28%) - Validation Loss: 1.27246 (28%) - Cost Imp.: -8.74164 Time: 00:01:05.609
EPOCHS: 65 - Training Loss: 1.24035 (28%) - Validation Loss: 1.32423 (26%) - Cost Imp.: -8.74157 Time: 00:01:10.960
EPOCHS: 70 - Training Loss: 1.2335 (29%) - Validation Loss: 1.31754 (26%) - Cost Imp.: -8.70911 Time: 00:01:16.328
EPOCHS: 75 - Training Loss: 1.23569 (29%) - Validation Loss: 1.33911 (26%) - Cost Imp.: -8.67934 Time: 00:01:21.687
Actual Epochs/Max Epochs: 76/100 - Best Training Loss: 1.23293 (29%) - Best Validation Loss: 1.27246 (28%) - Best Cost Improvement : -8.74576
Saved policy stats:  - Training Loss: 1.25022 (28%) - Validation Loss: 1.27246 (28%) - Cost Improvement : -8.74164
Training finished, total time elapsed: 03:14:40.063
Generating 100000 samples based on policy type: NN_Policy
Progress (node 0 only):
>>>>>10>>>>>20>>>>>30>>>>>40>>>>>50>>>>>60>>>>>70>>>>>80>>>>>90>>>>>100
Simulator statistics 
100000 samples; 46% at Z>0.5; 11% at Z>1; 2% at Z>1.5; 0% at Z>2; 0% at Z>2.5; 0% at Z>3; 
Avg Mean of Q values: 738.727
Elapsed time: 03:16:02.904
loaded 100000 samples from /home/temizoz/DynaPlexFork/IO_DynaPlex/lost_sales_general_PJTrjStqRevdsl9UeEcr-IMK-CL4oBeawhIu7yiB1PQ__/samples_gen1.json
{"hidden_layers":[256,128,128,128],"type":"mlp"}
EPOCHS: 0 - Training Loss: 1.9768 (13%) - Validation Loss: 1.85656 (15%) - Cost Imp.: 0.191163 Time: 00:00:01.092
EPOCHS: 5 - Training Loss: 1.47335 (22%) - Validation Loss: 1.44867 (23%) - Cost Imp.: -0.314388 Time: 00:00:06.504
EPOCHS: 10 - Training Loss: 1.37741 (25%) - Validation Loss: 1.37646 (25%) - Cost Imp.: -0.362681 Time: 00:00:11.919
EPOCHS: 15 - Training Loss: 1.31143 (26%) - Validation Loss: 1.28706 (27%) - Cost Imp.: -0.41153 Time: 00:00:17.340
EPOCHS: 20 - Training Loss: 1.30512 (27%) - Validation Loss: 1.30811 (27%) - Cost Imp.: -0.405113 Time: 00:00:22.747
EPOCHS: 25 - Training Loss: 1.28906 (27%) - Validation Loss: 1.27222 (28%) - Cost Imp.: -0.415068 Time: 00:00:28.153
EPOCHS: 30 - Training Loss: 1.27372 (27%) - Validation Loss: 1.31218 (26%) - Cost Imp.: -0.365889 Time: 00:00:33.553
EPOCHS: 35 - Training Loss: 1.26173 (28%) - Validation Loss: 1.27571 (27%) - Cost Imp.: -0.410743 Time: 00:00:38.983
EPOCHS: 40 - Training Loss: 1.26301 (28%) - Validation Loss: 1.27568 (27%) - Cost Imp.: -0.419659 Time: 00:00:44.393
EPOCHS: 45 - Training Loss: 1.26284 (28%) - Validation Loss: 1.25498 (28%) - Cost Imp.: -0.429539 Time: 00:00:49.816
EPOCHS: 50 - Training Loss: 1.24924 (28%) - Validation Loss: 1.24688 (28%) - Cost Imp.: -0.428455 Time: 00:00:55.230
EPOCHS: 55 - Training Loss: 1.24389 (28%) - Validation Loss: 1.26205 (28%) - Cost Imp.: -0.419693 Time: 00:01:00.652
EPOCHS: 60 - Training Loss: 1.23822 (28%) - Validation Loss: 1.28285 (27%) - Cost Imp.: -0.387305 Time: 00:01:06.078
EPOCHS: 65 - Training Loss: 1.23399 (29%) - Validation Loss: 1.28208 (27%) - Cost Imp.: -0.400321 Time: 00:01:11.494
Actual Epochs/Max Epochs: 66/100 - Best Training Loss: 1.23399 (29%) - Best Validation Loss: 1.24688 (28%) - Best Cost Improvement : -0.429539
Saved policy stats:  - Training Loss: 1.24924 (28%) - Validation Loss: 1.24688 (28%) - Cost Improvement : -0.428455
Training finished, total time elapsed: 03:17:19.263
Generating 100000 samples based on policy type: NN_Policy
Progress (node 0 only):
>>>>>10>>>>>20>>>>>30>>>>>40>>>>>50>>>>>60>>>>>70>>>>>80>>>>>90>>>>>100
Simulator statistics 
100000 samples; 45% at Z>0.5; 10% at Z>1; 1% at Z>1.5; 0% at Z>2; 0% at Z>2.5; 0% at Z>3; 
Avg Mean of Q values: 739.898
Elapsed time: 03:18:45.640
loaded 100000 samples from /home/temizoz/DynaPlexFork/IO_DynaPlex/lost_sales_general_PJTrjStqRevdsl9UeEcr-IMK-CL4oBeawhIu7yiB1PQ__/samples_gen2.json
{"hidden_layers":[256,128,128,128],"type":"mlp"}
EPOCHS: 0 - Training Loss: 1.98887 (13%) - Validation Loss: 1.85399 (15%) - Cost Imp.: 0.533368 Time: 00:00:01.098
EPOCHS: 5 - Training Loss: 1.53217 (21%) - Validation Loss: 1.52341 (21%) - Cost Imp.: 0.0877226 Time: 00:00:06.529
EPOCHS: 10 - Training Loss: 1.4124 (24%) - Validation Loss: 1.44023 (23%) - Cost Imp.: 0.051345 Time: 00:00:11.942
EPOCHS: 15 - Training Loss: 1.35652 (25%) - Validation Loss: 1.34531 (26%) - Cost Imp.: -0.00118709 Time: 00:00:17.394
EPOCHS: 20 - Training Loss: 1.32266 (26%) - Validation Loss: 1.32469 (26%) - Cost Imp.: -0.011983 Time: 00:00:22.818
EPOCHS: 25 - Training Loss: 1.31116 (26%) - Validation Loss: 1.28887 (27%) - Cost Imp.: -0.0383215 Time: 00:00:28.262
EPOCHS: 30 - Training Loss: 1.30067 (27%) - Validation Loss: 1.2988 (27%) - Cost Imp.: -0.0187952 Time: 00:00:33.710
EPOCHS: 35 - Training Loss: 1.30299 (27%) - Validation Loss: 1.32535 (26%) - Cost Imp.: -0.0299597 Time: 00:00:39.148
EPOCHS: 40 - Training Loss: 1.29062 (27%) - Validation Loss: 1.28355 (27%) - Cost Imp.: -0.039811 Time: 00:00:44.591
EPOCHS: 45 - Training Loss: 1.28547 (27%) - Validation Loss: 1.2773 (27%) - Cost Imp.: -0.0403485 Time: 00:00:50.037
EPOCHS: 50 - Training Loss: 1.28369 (27%) - Validation Loss: 1.35217 (25%) - Cost Imp.: -0.0321626 Time: 00:00:55.470
Actual Epochs/Max Epochs: 55/100 - Best Training Loss: 1.276 (27%) - Best Validation Loss: 1.26303 (28%) - Best Cost Improvement : -0.0521464
Saved policy stats:  - Training Loss: 1.29952 (27%) - Validation Loss: 1.26303 (28%) - Cost Improvement : -0.0453795
Training finished, total time elapsed: 03:19:50.199
Generating 100000 samples based on policy type: NN_Policy
Progress (node 0 only):
>>>>>10>>>>>20>>>>>30>>>>>40>>>>>50>>>>>60>>>>>70>>>>>80>>>>>90>>>>>100
Simulator statistics 
100000 samples; 45% at Z>0.5; 10% at Z>1; 1% at Z>1.5; 0% at Z>2; 0% at Z>2.5; 0% at Z>3; 
Avg Mean of Q values: 737.992
Elapsed time: 03:21:16.820
loaded 100000 samples from /home/temizoz/DynaPlexFork/IO_DynaPlex/lost_sales_general_PJTrjStqRevdsl9UeEcr-IMK-CL4oBeawhIu7yiB1PQ__/samples_gen3.json
{"hidden_layers":[256,128,128,128],"type":"mlp"}
EPOCHS: 0 - Training Loss: 1.96564 (14%) - Validation Loss: 1.84373 (15%) - Cost Imp.: 0.779036 Time: 00:00:01.106
EPOCHS: 5 - Training Loss: 1.50893 (22%) - Validation Loss: 1.52566 (21%) - Cost Imp.: 0.170378 Time: 00:00:06.576
EPOCHS: 10 - Training Loss: 1.38752 (24%) - Validation Loss: 1.33826 (26%) - Cost Imp.: 0.0532974 Time: 00:00:12.076
EPOCHS: 15 - Training Loss: 1.31316 (26%) - Validation Loss: 1.26604 (28%) - Cost Imp.: 0.0142603 Time: 00:00:17.570
EPOCHS: 20 - Training Loss: 1.29531 (27%) - Validation Loss: 1.30093 (27%) - Cost Imp.: 0.0539546 Time: 00:00:23.061
EPOCHS: 25 - Training Loss: 1.29359 (27%) - Validation Loss: 1.30838 (27%) - Cost Imp.: 0.0538544 Time: 00:00:28.559
EPOCHS: 30 - Training Loss: 1.26985 (28%) - Validation Loss: 1.35421 (25%) - Cost Imp.: 0.0951478 Time: 00:00:34.045
EPOCHS: 35 - Training Loss: 1.27891 (27%) - Validation Loss: 1.2972 (27%) - Cost Imp.: 0.0349655 Time: 00:00:39.528
Actual Epochs/Max Epochs: 38/100 - Best Training Loss: 1.26446 (28%) - Best Validation Loss: 1.24863 (28%) - Best Cost Improvement : 0.00196198
Saved policy stats:  - Training Loss: 1.28021 (27%) - Validation Loss: 1.24863 (28%) - Cost Improvement : 0.00836062
Training finished, total time elapsed: 03:22:03.327
Generating 100000 samples based on policy type: NN_Policy
Progress (node 0 only):
>>>>>10>>>>>20>>>>>30>>>>>40>>>>>50>>>>>60>>>>>70>>>>>80>>>>>90>>>>>100
Simulator statistics 
100000 samples; 45% at Z>0.5; 10% at Z>1; 1% at Z>1.5; 0% at Z>2; 0% at Z>2.5; 0% at Z>3; 
Avg Mean of Q values: 738.038
Elapsed time: 03:23:24.844
loaded 100000 samples from /home/temizoz/DynaPlexFork/IO_DynaPlex/lost_sales_general_PJTrjStqRevdsl9UeEcr-IMK-CL4oBeawhIu7yiB1PQ__/samples_gen4.json
{"hidden_layers":[256,128,128,128],"type":"mlp"}
EPOCHS: 0 - Training Loss: 1.97022 (13%) - Validation Loss: 1.82452 (16%) - Cost Imp.: 0.692564 Time: 00:00:01.100
EPOCHS: 5 - Training Loss: 1.50182 (22%) - Validation Loss: 1.44908 (23%) - Cost Imp.: 0.102688 Time: 00:00:06.532
EPOCHS: 10 - Training Loss: 1.38172 (25%) - Validation Loss: 1.34767 (25%) - Cost Imp.: 0.0584626 Time: 00:00:11.983
EPOCHS: 15 - Training Loss: 1.31446 (26%) - Validation Loss: 1.31982 (26%) - Cost Imp.: 0.0210838 Time: 00:00:17.438
EPOCHS: 20 - Training Loss: 1.30013 (27%) - Validation Loss: 1.27801 (27%) - Cost Imp.: 0.0140619 Time: 00:00:22.888
EPOCHS: 25 - Training Loss: 1.30211 (27%) - Validation Loss: 1.28285 (27%) - Cost Imp.: 0.0208639 Time: 00:00:28.331
EPOCHS: 30 - Training Loss: 1.28364 (27%) - Validation Loss: 1.24555 (28%) - Cost Imp.: -0.00477461 Time: 00:00:34.967
EPOCHS: 35 - Training Loss: 1.27477 (27%) - Validation Loss: 1.26752 (28%) - Cost Imp.: 0.00207645 Time: 00:00:40.395
EPOCHS: 40 - Training Loss: 1.27264 (28%) - Validation Loss: 1.32984 (26%) - Cost Imp.: 0.0580625 Time: 00:00:45.837
EPOCHS: 45 - Training Loss: 1.27012 (28%) - Validation Loss: 1.27009 (28%) - Cost Imp.: 0.0181465 Time: 00:00:51.274
EPOCHS: 50 - Training Loss: 1.26226 (28%) - Validation Loss: 1.28157 (27%) - Cost Imp.: 0.0162277 Time: 00:00:56.715
EPOCHS: 55 - Training Loss: 1.25132 (28%) - Validation Loss: 1.26419 (28%) - Cost Imp.: 0.00304414 Time: 00:01:02.149
EPOCHS: 60 - Training Loss: 1.25034 (28%) - Validation Loss: 1.2973 (27%) - Cost Imp.: 0.0351891 Time: 00:01:07.588
EPOCHS: 65 - Training Loss: 1.24991 (28%) - Validation Loss: 1.32831 (26%) - Cost Imp.: 0.0618224 Time: 00:01:13.024
Actual Epochs/Max Epochs: 68/100 - Best Training Loss: 1.24462 (28%) - Best Validation Loss: 1.24329 (28%) - Best Cost Improvement : -0.00576953
Saved policy stats:  - Training Loss: 1.26732 (28%) - Validation Loss: 1.24329 (28%) - Cost Improvement : 0.0028646
Training finished, total time elapsed: 03:24:44.936
{"mean":44.27125939999997,"mean_stat_1":0.9905091043284514,"policy":{"id":"greedy_capped_base_stock"}}
{"mean":35.49466159999993,"mean_difference":-8.77659780000004,"mean_gap":-19.824594825057194,"mean_stat_1":0.9711427336690976,"policy":{"gen":1,"id":"NN_Policy","nn_architecture":{"hidden_layers":[256,128,128,128],"type":"mlp"},"num_inputs":7,"num_outputs":45}}
{"mean":35.086743600000005,"mean_difference":-9.184515799999964,"mean_gap":-20.746000733830424,"mean_stat_1":0.9635936988308136,"policy":{"gen":2,"id":"NN_Policy","nn_architecture":{"hidden_layers":[256,128,128,128],"type":"mlp"},"num_inputs":7,"num_outputs":45}}
{"mean":35.061532999999955,"mean_difference":-9.209726400000015,"mean_gap":-20.802946482249883,"mean_stat_1":0.9652086825232632,"policy":{"gen":3,"id":"NN_Policy","nn_architecture":{"hidden_layers":[256,128,128,128],"type":"mlp"},"num_inputs":7,"num_outputs":45}}
{"mean":35.065331000000064,"mean_difference":-9.205928399999905,"mean_gap":-20.794367553049355,"mean_stat_1":0.9653823465932467,"policy":{"gen":4,"id":"NN_Policy","nn_architecture":{"hidden_layers":[256,128,128,128],"type":"mlp"},"num_inputs":7,"num_outputs":45}}
{"mean":35.06099460000004,"mean_difference":-9.210264799999926,"mean_gap":-20.804162621133685,"mean_stat_1":0.965126668633284,"policy":{"gen":5,"id":"NN_Policy","nn_architecture":{"hidden_layers":[256,128,128,128],"type":"mlp"},"num_inputs":7,"num_outputs":45}}
Best network:  5
{"demand_cycles":[0,1,2,3,4],"leadtime":6,"mean_demand":[11.0,3.0,5.0,8.0,6.0],"p":39.0,"stdDemand":[3.3166247903554,3.4641016151377544,3.6514837167011076,2.372684056006958,2.449489742783178]}
Generating 100000 samples based on policy type: greedy_capped_base_stock
Progress (node 0 only):
>>>>>10>>>>>20>>>>>30>>>>>40>>>>>50>>>>>60>>>>>70>>>>>80>>>>>90>>>>>100
Simulator statistics 
100000 samples; 60% at Z>0.5; 21% at Z>1; 4% at Z>1.5; 0% at Z>2; 0% at Z>2.5; 0% at Z>3; 
Avg Mean of Q values: 394.134
Elapsed time: 03:25:01.746
loaded 100000 samples from /home/temizoz/DynaPlexFork/IO_DynaPlex/lost_sales_general_vxa9UrPPeKgTD54o0vKvj05xkjGR48LF8xU=4p-bw68__/samples_gen0.json
{"hidden_layers":[256,128,128,128],"type":"mlp"}
EPOCHS: 0 - Training Loss: 1.5876 (20%) - Validation Loss: 1.53781 (21%) - Cost Imp.: -2.00008 Time: 00:00:01.039
EPOCHS: 5 - Training Loss: 1.07089 (34%) - Validation Loss: 1.07191 (34%) - Cost Imp.: -2.28856 Time: 00:00:06.201
EPOCHS: 10 - Training Loss: 0.994519 (36%) - Validation Loss: 1.00453 (36%) - Cost Imp.: -2.28244 Time: 00:00:11.341
EPOCHS: 15 - Training Loss: 0.948483 (38%) - Validation Loss: 0.969048 (37%) - Cost Imp.: -2.30344 Time: 00:00:16.476
EPOCHS: 20 - Training Loss: 0.941344 (39%) - Validation Loss: 0.995758 (36%) - Cost Imp.: -2.29291 Time: 00:00:21.599
EPOCHS: 25 - Training Loss: 0.925457 (39%) - Validation Loss: 1.03582 (35%) - Cost Imp.: -2.28283 Time: 00:00:26.732
EPOCHS: 30 - Training Loss: 0.927609 (39%) - Validation Loss: 0.977305 (37%) - Cost Imp.: -2.29509 Time: 00:00:31.851
EPOCHS: 35 - Training Loss: 0.896655 (40%) - Validation Loss: 0.947523 (38%) - Cost Imp.: -2.31148 Time: 00:00:36.966
EPOCHS: 40 - Training Loss: 0.9043 (40%) - Validation Loss: 0.998223 (36%) - Cost Imp.: -2.26537 Time: 00:00:42.080
EPOCHS: 45 - Training Loss: 0.899344 (40%) - Validation Loss: 0.923847 (39%) - Cost Imp.: -2.32514 Time: 00:00:47.194
EPOCHS: 50 - Training Loss: 0.893704 (40%) - Validation Loss: 0.930003 (39%) - Cost Imp.: -2.31862 Time: 00:00:52.320
Actual Epochs/Max Epochs: 54/100 - Best Training Loss: 0.887178 (41%) - Best Validation Loss: 0.910836 (40%) - Best Cost Improvement : -2.32514
Saved policy stats:  - Training Loss: 0.907764 (40%) - Validation Loss: 0.910836 (40%) - Cost Improvement : -2.30635
Training finished, total time elapsed: 03:26:00.541
Generating 100000 samples based on policy type: NN_Policy
Progress (node 0 only):
>>>>>10>>>>>20>>>>>30>>>>>40>>>>>50>>>>>60>>>>>70>>>>>80>>>>>90>>>>>100
Simulator statistics 
100000 samples; 56% at Z>0.5; 20% at Z>1; 3% at Z>1.5; 0% at Z>2; 0% at Z>2.5; 0% at Z>3; 
Avg Mean of Q values: 359.555
Elapsed time: 03:26:52.779
loaded 100000 samples from /home/temizoz/DynaPlexFork/IO_DynaPlex/lost_sales_general_vxa9UrPPeKgTD54o0vKvj05xkjGR48LF8xU=4p-bw68__/samples_gen1.json
{"hidden_layers":[256,128,128,128],"type":"mlp"}
EPOCHS: 0 - Training Loss: 1.66227 (18%) - Validation Loss: 1.4904 (22%) - Cost Imp.: -0.0589499 Time: 00:00:01.040
EPOCHS: 5 - Training Loss: 1.12175 (32%) - Validation Loss: 1.09986 (33%) - Cost Imp.: -0.295841 Time: 00:00:06.209
EPOCHS: 10 - Training Loss: 1.03877 (35%) - Validation Loss: 0.995911 (36%) - Cost Imp.: -0.336342 Time: 00:00:11.374
EPOCHS: 15 - Training Loss: 1.00053 (36%) - Validation Loss: 0.973952 (37%) - Cost Imp.: -0.3589 Time: 00:00:16.528
EPOCHS: 20 - Training Loss: 0.993852 (37%) - Validation Loss: 1.09966 (33%) - Cost Imp.: -0.264603 Time: 00:00:21.674
EPOCHS: 25 - Training Loss: 0.969866 (37%) - Validation Loss: 1.04086 (35%) - Cost Imp.: -0.313995 Time: 00:00:26.835
EPOCHS: 30 - Training Loss: 0.966735 (38%) - Validation Loss: 1.01834 (36%) - Cost Imp.: -0.342965 Time: 00:00:31.990
EPOCHS: 35 - Training Loss: 0.96519 (38%) - Validation Loss: 0.954726 (38%) - Cost Imp.: -0.362696 Time: 00:00:37.165
EPOCHS: 40 - Training Loss: 0.95537 (38%) - Validation Loss: 0.947814 (38%) - Cost Imp.: -0.367408 Time: 00:00:42.325
EPOCHS: 45 - Training Loss: 0.953722 (38%) - Validation Loss: 1.00896 (36%) - Cost Imp.: -0.349163 Time: 00:00:47.493
EPOCHS: 50 - Training Loss: 0.937586 (39%) - Validation Loss: 0.966853 (38%) - Cost Imp.: -0.366111 Time: 00:00:52.659
EPOCHS: 55 - Training Loss: 0.943577 (38%) - Validation Loss: 1.01259 (36%) - Cost Imp.: -0.351061 Time: 00:00:57.835
EPOCHS: 60 - Training Loss: 0.938033 (39%) - Validation Loss: 0.943369 (38%) - Cost Imp.: -0.36686 Time: 00:01:03.000
EPOCHS: 65 - Training Loss: 0.942879 (38%) - Validation Loss: 0.961194 (38%) - Cost Imp.: -0.358546 Time: 00:01:08.161
EPOCHS: 70 - Training Loss: 0.936721 (39%) - Validation Loss: 0.963803 (38%) - Cost Imp.: -0.350074 Time: 00:01:13.324
EPOCHS: 75 - Training Loss: 0.940921 (39%) - Validation Loss: 1.09869 (33%) - Cost Imp.: -0.333976 Time: 00:01:18.467
EPOCHS: 80 - Training Loss: 0.923225 (39%) - Validation Loss: 0.942822 (38%) - Cost Imp.: -0.369197 Time: 00:01:23.632
EPOCHS: 85 - Training Loss: 0.927985 (39%) - Validation Loss: 0.941607 (39%) - Cost Imp.: -0.368786 Time: 00:01:28.786
Actual Epochs/Max Epochs: 90/100 - Best Training Loss: 0.919628 (39%) - Best Validation Loss: 0.93472 (39%) - Best Cost Improvement : -0.375438
Saved policy stats:  - Training Loss: 0.924914 (39%) - Validation Loss: 0.93472 (39%) - Cost Improvement : -0.369959
Training finished, total time elapsed: 03:28:29.414
Generating 100000 samples based on policy type: NN_Policy
Progress (node 0 only):
>>>>>10>>>>>20>>>>>30>>>>>40>>>>>50>>>>>60>>>>>70>>>>>80>>>>>90>>>>>100
Simulator statistics 
100000 samples; 56% at Z>0.5; 20% at Z>1; 3% at Z>1.5; 0% at Z>2; 0% at Z>2.5; 0% at Z>3; 
Avg Mean of Q values: 358.182
Elapsed time: 03:29:19.022
loaded 100000 samples from /home/temizoz/DynaPlexFork/IO_DynaPlex/lost_sales_general_vxa9UrPPeKgTD54o0vKvj05xkjGR48LF8xU=4p-bw68__/samples_gen2.json
{"hidden_layers":[256,128,128,128],"type":"mlp"}
EPOCHS: 0 - Training Loss: 1.67655 (18%) - Validation Loss: 1.48035 (22%) - Cost Imp.: 0.276212 Time: 00:00:01.054
EPOCHS: 5 - Training Loss: 1.10399 (33%) - Validation Loss: 1.05838 (34%) - Cost Imp.: 0.0575688 Time: 00:00:06.224
EPOCHS: 10 - Training Loss: 1.02413 (35%) - Validation Loss: 0.99141 (37%) - Cost Imp.: -0.000146962 Time: 00:00:11.382
EPOCHS: 15 - Training Loss: 0.994739 (36%) - Validation Loss: 0.935852 (39%) - Cost Imp.: -0.0204865 Time: 00:00:16.541
EPOCHS: 20 - Training Loss: 0.980528 (37%) - Validation Loss: 0.938967 (39%) - Cost Imp.: -0.0107148 Time: 00:00:21.695
EPOCHS: 25 - Training Loss: 0.967704 (37%) - Validation Loss: 1.05599 (34%) - Cost Imp.: 0.0399566 Time: 00:00:26.855
EPOCHS: 30 - Training Loss: 0.945855 (38%) - Validation Loss: 0.923107 (39%) - Cost Imp.: -0.0172435 Time: 00:00:32.020
EPOCHS: 35 - Training Loss: 0.945856 (38%) - Validation Loss: 0.962677 (38%) - Cost Imp.: -0.00432769 Time: 00:00:37.167
EPOCHS: 40 - Training Loss: 0.949311 (38%) - Validation Loss: 1.00387 (36%) - Cost Imp.: -0.00517874 Time: 00:00:42.329
EPOCHS: 45 - Training Loss: 0.937381 (39%) - Validation Loss: 0.906877 (40%) - Cost Imp.: -0.0240053 Time: 00:00:47.485
EPOCHS: 50 - Training Loss: 0.939794 (39%) - Validation Loss: 1.0155 (36%) - Cost Imp.: 0.0215828 Time: 00:00:52.614
EPOCHS: 55 - Training Loss: 0.934814 (39%) - Validation Loss: 0.93194 (39%) - Cost Imp.: -0.0229149 Time: 00:00:57.757
EPOCHS: 60 - Training Loss: 0.926925 (39%) - Validation Loss: 0.944124 (38%) - Cost Imp.: -0.00547721 Time: 00:01:02.901
Actual Epochs/Max Epochs: 61/100 - Best Training Loss: 0.926925 (39%) - Best Validation Loss: 0.906877 (40%) - Best Cost Improvement : -0.0244402
Saved policy stats:  - Training Loss: 0.937381 (39%) - Validation Loss: 0.906877 (40%) - Cost Improvement : -0.0240053
Training finished, total time elapsed: 03:30:25.540
Generating 100000 samples based on policy type: NN_Policy
Progress (node 0 only):
>>>>>10>>>>>20>>>>>30>>>>>40>>>>>50>>>>>60>>>>>70>>>>>80>>>>>90>>>>>100
Simulator statistics 
100000 samples; 57% at Z>0.5; 20% at Z>1; 4% at Z>1.5; 0% at Z>2; 0% at Z>2.5; 0% at Z>3; 
Avg Mean of Q values: 357.554
Elapsed time: 03:31:14.678
loaded 100000 samples from /home/temizoz/DynaPlexFork/IO_DynaPlex/lost_sales_general_vxa9UrPPeKgTD54o0vKvj05xkjGR48LF8xU=4p-bw68__/samples_gen3.json
{"hidden_layers":[256,128,128,128],"type":"mlp"}
EPOCHS: 0 - Training Loss: 1.67769 (18%) - Validation Loss: 1.57126 (20%) - Cost Imp.: 0.406059 Time: 00:00:01.039
EPOCHS: 5 - Training Loss: 1.0902 (33%) - Validation Loss: 1.03607 (35%) - Cost Imp.: 0.0637294 Time: 00:00:06.206
EPOCHS: 10 - Training Loss: 1.01503 (36%) - Validation Loss: 1.08533 (33%) - Cost Imp.: 0.0592067 Time: 00:00:11.387
EPOCHS: 15 - Training Loss: 0.97568 (37%) - Validation Loss: 0.935795 (39%) - Cost Imp.: 0.0113185 Time: 00:00:16.539
EPOCHS: 20 - Training Loss: 0.965749 (38%) - Validation Loss: 0.935687 (39%) - Cost Imp.: 0.00952787 Time: 00:00:21.718
EPOCHS: 25 - Training Loss: 0.951738 (38%) - Validation Loss: 0.928296 (39%) - Cost Imp.: 0.0152889 Time: 00:00:26.883
EPOCHS: 30 - Training Loss: 0.948791 (38%) - Validation Loss: 0.968414 (37%) - Cost Imp.: 0.0179075 Time: 00:00:32.050
EPOCHS: 35 - Training Loss: 0.928238 (39%) - Validation Loss: 0.911645 (40%) - Cost Imp.: 0.00769739 Time: 00:00:37.202
EPOCHS: 40 - Training Loss: 0.93265 (39%) - Validation Loss: 0.919806 (39%) - Cost Imp.: 0.0169916 Time: 00:00:42.351
EPOCHS: 45 - Training Loss: 0.921669 (39%) - Validation Loss: 0.947381 (38%) - Cost Imp.: 0.0324973 Time: 00:00:47.515
EPOCHS: 50 - Training Loss: 0.916063 (40%) - Validation Loss: 0.996425 (36%) - Cost Imp.: 0.0226553 Time: 00:00:52.672
EPOCHS: 55 - Training Loss: 0.921768 (39%) - Validation Loss: 0.926092 (39%) - Cost Imp.: 0.0202046 Time: 00:00:57.823
EPOCHS: 60 - Training Loss: 0.920648 (39%) - Validation Loss: 0.904368 (40%) - Cost Imp.: 0.00295255 Time: 00:01:02.978
EPOCHS: 65 - Training Loss: 0.916579 (39%) - Validation Loss: 0.908334 (40%) - Cost Imp.: 0.00646195 Time: 00:01:08.130
EPOCHS: 70 - Training Loss: 0.902154 (40%) - Validation Loss: 0.895851 (40%) - Cost Imp.: -0.00151671 Time: 00:01:13.291
EPOCHS: 75 - Training Loss: 0.900935 (40%) - Validation Loss: 0.91818 (39%) - Cost Imp.: 0.00812901 Time: 00:01:18.428
EPOCHS: 80 - Training Loss: 0.897716 (40%) - Validation Loss: 0.906461 (40%) - Cost Imp.: 0.00634248 Time: 00:01:23.581
EPOCHS: 85 - Training Loss: 0.897952 (40%) - Validation Loss: 0.976583 (37%) - Cost Imp.: 0.0459063 Time: 00:01:28.735
Actual Epochs/Max Epochs: 86/100 - Best Training Loss: 0.89518 (40%) - Best Validation Loss: 0.895851 (40%) - Best Cost Improvement : -0.00151671
Saved policy stats:  - Training Loss: 0.902154 (40%) - Validation Loss: 0.895851 (40%) - Cost Improvement : -0.00151671
Training finished, total time elapsed: 03:32:47.084
Generating 100000 samples based on policy type: NN_Policy
Progress (node 0 only):
>>>>>10>>>>>20>>>>>30>>>>>40>>>>>50>>>>>60>>>>>70>>>>>80>>>>>90>>>>>100
Simulator statistics 
100000 samples; 57% at Z>0.5; 20% at Z>1; 3% at Z>1.5; 0% at Z>2; 0% at Z>2.5; 0% at Z>3; 
Avg Mean of Q values: 357.423
Elapsed time: 03:33:37.538
loaded 100000 samples from /home/temizoz/DynaPlexFork/IO_DynaPlex/lost_sales_general_vxa9UrPPeKgTD54o0vKvj05xkjGR48LF8xU=4p-bw68__/samples_gen4.json
{"hidden_layers":[256,128,128,128],"type":"mlp"}
EPOCHS: 0 - Training Loss: 1.6755 (18%) - Validation Loss: 1.53575 (21%) - Cost Imp.: 0.374156 Time: 00:00:01.041
EPOCHS: 5 - Training Loss: 1.09308 (33%) - Validation Loss: 1.06014 (34%) - Cost Imp.: 0.0507446 Time: 00:00:06.229
EPOCHS: 10 - Training Loss: 1.01434 (36%) - Validation Loss: 0.96966 (37%) - Cost Imp.: 0.0135564 Time: 00:00:11.396
EPOCHS: 15 - Training Loss: 0.981273 (37%) - Validation Loss: 0.96393 (38%) - Cost Imp.: 0.0109882 Time: 00:00:16.582
EPOCHS: 20 - Training Loss: 0.966306 (38%) - Validation Loss: 0.949976 (38%) - Cost Imp.: 0.00976225 Time: 00:00:21.750
EPOCHS: 25 - Training Loss: 0.961138 (38%) - Validation Loss: 0.951252 (38%) - Cost Imp.: 0.0177414 Time: 00:00:26.909
EPOCHS: 30 - Training Loss: 0.947134 (38%) - Validation Loss: 0.969439 (37%) - Cost Imp.: 0.0235982 Time: 00:00:32.073
EPOCHS: 35 - Training Loss: 0.931808 (39%) - Validation Loss: 0.992694 (37%) - Cost Imp.: 0.033009 Time: 00:00:37.225
EPOCHS: 40 - Training Loss: 0.931695 (39%) - Validation Loss: 1.00914 (36%) - Cost Imp.: 0.0184311 Time: 00:00:42.374
EPOCHS: 45 - Training Loss: 0.932708 (39%) - Validation Loss: 0.945322 (38%) - Cost Imp.: 0.0153526 Time: 00:00:47.524
EPOCHS: 50 - Training Loss: 0.915489 (40%) - Validation Loss: 0.929006 (39%) - Cost Imp.: 0.00175852 Time: 00:00:52.671
EPOCHS: 55 - Training Loss: 0.908925 (40%) - Validation Loss: 0.935082 (39%) - Cost Imp.: 0.00789571 Time: 00:00:57.825
Actual Epochs/Max Epochs: 58/100 - Best Training Loss: 0.908925 (40%) - Best Validation Loss: 0.91227 (40%) - Best Cost Improvement : -0.000955224
Saved policy stats:  - Training Loss: 0.921152 (39%) - Validation Loss: 0.91227 (40%) - Cost Improvement : 0.000651629
Training finished, total time elapsed: 03:34:41.020
{"mean":19.50435380000001,"mean_stat_1":0.9935980630243745,"policy":{"id":"greedy_capped_base_stock"}}
{"mean":17.3462684,"mean_difference":-2.1580854000000116,"mean_gap":-11.064634194648429,"mean_stat_1":0.9868298158384856,"policy":{"gen":1,"id":"NN_Policy","nn_architecture":{"hidden_layers":[256,128,128,128],"type":"mlp"},"num_inputs":7,"num_outputs":19}}
{"mean":17.025904599999997,"mean_difference":-2.4784492000000142,"mean_gap":-12.707158747294734,"mean_stat_1":0.9795999002417622,"policy":{"gen":2,"id":"NN_Policy","nn_architecture":{"hidden_layers":[256,128,128,128],"type":"mlp"},"num_inputs":7,"num_outputs":19}}
{"mean":17.009374000000022,"mean_difference":-2.4949797999999888,"mean_gap":-12.791912131946598,"mean_stat_1":0.9805517994100026,"policy":{"gen":3,"id":"NN_Policy","nn_architecture":{"hidden_layers":[256,128,128,128],"type":"mlp"},"num_inputs":7,"num_outputs":19}}
{"mean":17.010027799999992,"mean_difference":-2.4943260000000187,"mean_gap":-12.788560059857081,"mean_stat_1":0.9809799866982368,"policy":{"gen":4,"id":"NN_Policy","nn_architecture":{"hidden_layers":[256,128,128,128],"type":"mlp"},"num_inputs":7,"num_outputs":19}}
{"mean":17.014410200000007,"mean_difference":-2.4899436000000037,"mean_gap":-12.76609123035905,"mean_stat_1":0.9813732466106541,"policy":{"gen":5,"id":"NN_Policy","nn_architecture":{"hidden_layers":[256,128,128,128],"type":"mlp"},"num_inputs":7,"num_outputs":19}}
Best network:  3
{"demand_cycles":[0,1,2,3,4,5,6],"leadtime":6,"mean_demand":[3.0,4.0,2.0,3.5,4.5,2.5,4.0],"p":39.0,"stdDemand":[1.7320508075688772,4.472135954999579,2.0,1.5745369689742652,2.1213203435596424,2.9580398915498085,3.4641016151377544]}
Generating 100000 samples based on policy type: greedy_capped_base_stock
Progress (node 0 only):
>>>>>10>>>>>20>>>>>30>>>>>40>>>>>50>>>>>60>>>>>70>>>>>80>>>>>90>>>>>100
Simulator statistics 
100000 samples; 60% at Z>0.5; 24% at Z>1; 7% at Z>1.5; 2% at Z>2; 1% at Z>2.5; 0% at Z>3; 
Avg Mean of Q values: 370.586
Elapsed time: 03:34:56.674
loaded 100000 samples from /home/temizoz/DynaPlexFork/IO_DynaPlex/lost_sales_general_AvvPxzv33VFZso7-jSjuSZMV7yelB=ZHYXDCmtZkBlM__/samples_gen0.json
{"hidden_layers":[256,128,128,128],"type":"mlp"}
EPOCHS: 0 - Training Loss: 1.43218 (23%) - Validation Loss: 1.24772 (28%) - Cost Imp.: -2.13331 Time: 00:00:01.020
EPOCHS: 5 - Training Loss: 0.917028 (39%) - Validation Loss: 0.941528 (39%) - Cost Imp.: -2.31916 Time: 00:00:06.119
EPOCHS: 10 - Training Loss: 0.883896 (41%) - Validation Loss: 0.950019 (38%) - Cost Imp.: -2.31526 Time: 00:00:11.177
EPOCHS: 15 - Training Loss: 0.879578 (41%) - Validation Loss: 0.897046 (40%) - Cost Imp.: -2.3417 Time: 00:00:16.229
EPOCHS: 20 - Training Loss: 0.865429 (42%) - Validation Loss: 0.88867 (41%) - Cost Imp.: -2.34 Time: 00:00:21.277
EPOCHS: 25 - Training Loss: 0.860345 (42%) - Validation Loss: 0.874936 (41%) - Cost Imp.: -2.3487 Time: 00:00:26.334
EPOCHS: 30 - Training Loss: 0.858194 (42%) - Validation Loss: 0.886913 (41%) - Cost Imp.: -2.33474 Time: 00:00:31.377
EPOCHS: 35 - Training Loss: 0.857018 (42%) - Validation Loss: 0.881634 (41%) - Cost Imp.: -2.33821 Time: 00:00:36.426
EPOCHS: 40 - Training Loss: 0.845052 (42%) - Validation Loss: 0.940422 (39%) - Cost Imp.: -2.33391 Time: 00:00:41.467
Actual Epochs/Max Epochs: 41/100 - Best Training Loss: 0.845052 (42%) - Best Validation Loss: 0.874936 (41%) - Best Cost Improvement : -2.35048
Saved policy stats:  - Training Loss: 0.860345 (42%) - Validation Loss: 0.874936 (41%) - Cost Improvement : -2.3487
Training finished, total time elapsed: 03:35:41.170
Generating 100000 samples based on policy type: NN_Policy
Progress (node 0 only):
>>>>>10>>>>>20>>>>>30>>>>>40>>>>>50>>>>>60>>>>>70>>>>>80>>>>>90>>>>>100
Simulator statistics 
100000 samples; 62% at Z>0.5; 26% at Z>1; 7% at Z>1.5; 2% at Z>2; 0% at Z>2.5; 0% at Z>3; 
Avg Mean of Q values: 333.026
Elapsed time: 03:36:18.256
loaded 100000 samples from /home/temizoz/DynaPlexFork/IO_DynaPlex/lost_sales_general_AvvPxzv33VFZso7-jSjuSZMV7yelB=ZHYXDCmtZkBlM__/samples_gen1.json
{"hidden_layers":[256,128,128,128],"type":"mlp"}
EPOCHS: 0 - Training Loss: 1.49842 (22%) - Validation Loss: 1.25944 (28%) - Cost Imp.: -0.160454 Time: 00:00:01.028
EPOCHS: 5 - Training Loss: 0.871916 (41%) - Validation Loss: 0.965048 (38%) - Cost Imp.: -0.348798 Time: 00:00:06.128
EPOCHS: 10 - Training Loss: 0.847985 (42%) - Validation Loss: 0.832396 (43%) - Cost Imp.: -0.43423 Time: 00:00:11.221
EPOCHS: 15 - Training Loss: 0.837213 (43%) - Validation Loss: 0.813434 (44%) - Cost Imp.: -0.432249 Time: 00:00:16.318
EPOCHS: 20 - Training Loss: 0.840524 (43%) - Validation Loss: 0.858265 (42%) - Cost Imp.: -0.40965 Time: 00:00:21.403
EPOCHS: 25 - Training Loss: 0.823578 (43%) - Validation Loss: 0.830451 (43%) - Cost Imp.: -0.442417 Time: 00:00:26.482
EPOCHS: 30 - Training Loss: 0.813373 (44%) - Validation Loss: 0.824419 (43%) - Cost Imp.: -0.433293 Time: 00:00:31.558
EPOCHS: 35 - Training Loss: 0.814336 (44%) - Validation Loss: 0.814912 (44%) - Cost Imp.: -0.42923 Time: 00:00:36.631
Actual Epochs/Max Epochs: 39/100 - Best Training Loss: 0.807443 (44%) - Best Validation Loss: 0.810888 (44%) - Best Cost Improvement : -0.444883
Saved policy stats:  - Training Loss: 0.827547 (43%) - Validation Loss: 0.810888 (44%) - Cost Improvement : -0.43891
Training finished, total time elapsed: 03:37:01.106
Generating 100000 samples based on policy type: NN_Policy
Progress (node 0 only):
>>>>>10>>>>>20>>>>>30>>>>>40>>>>>50>>>>>60>>>>>70>>>>>80>>>>>90>>>>>100
Simulator statistics 
100000 samples; 59% at Z>0.5; 23% at Z>1; 5% at Z>1.5; 1% at Z>2; 0% at Z>2.5; 0% at Z>3; 
Avg Mean of Q values: 330.766
Elapsed time: 03:37:37.250
loaded 100000 samples from /home/temizoz/DynaPlexFork/IO_DynaPlex/lost_sales_general_AvvPxzv33VFZso7-jSjuSZMV7yelB=ZHYXDCmtZkBlM__/samples_gen2.json
{"hidden_layers":[256,128,128,128],"type":"mlp"}
EPOCHS: 0 - Training Loss: 1.51816 (21%) - Validation Loss: 1.30559 (27%) - Cost Imp.: 0.259611 Time: 00:00:01.024
EPOCHS: 5 - Training Loss: 0.898643 (40%) - Validation Loss: 0.875338 (41%) - Cost Imp.: -0.019371 Time: 00:00:06.092
EPOCHS: 10 - Training Loss: 0.866268 (42%) - Validation Loss: 0.998534 (36%) - Cost Imp.: 4.48783e-05 Time: 00:00:11.148
EPOCHS: 15 - Training Loss: 0.850001 (42%) - Validation Loss: 0.843382 (43%) - Cost Imp.: -0.0305153 Time: 00:00:16.222
EPOCHS: 20 - Training Loss: 0.858899 (42%) - Validation Loss: 0.83167 (43%) - Cost Imp.: -0.0293163 Time: 00:00:21.282
EPOCHS: 25 - Training Loss: 0.850464 (42%) - Validation Loss: 0.847788 (42%) - Cost Imp.: -0.0199527 Time: 00:00:26.329
EPOCHS: 30 - Training Loss: 0.843918 (43%) - Validation Loss: 0.856207 (42%) - Cost Imp.: -0.0296853 Time: 00:00:31.376
EPOCHS: 35 - Training Loss: 0.843206 (43%) - Validation Loss: 0.837051 (43%) - Cost Imp.: -0.0356351 Time: 00:00:36.421
Actual Epochs/Max Epochs: 38/100 - Best Training Loss: 0.837248 (43%) - Best Validation Loss: 0.82382 (43%) - Best Cost Improvement : -0.0382244
Saved policy stats:  - Training Loss: 0.849507 (42%) - Validation Loss: 0.82382 (43%) - Cost Improvement : -0.0382244
Training finished, total time elapsed: 03:38:18.786
Generating 100000 samples based on policy type: NN_Policy
Progress (node 0 only):
>>>>>10>>>>>20>>>>>30>>>>>40>>>>>50>>>>>60>>>>>70>>>>>80>>>>>90>>>>>100
Simulator statistics 
100000 samples; 59% at Z>0.5; 23% at Z>1; 5% at Z>1.5; 1% at Z>2; 0% at Z>2.5; 0% at Z>3; 
Avg Mean of Q values: 330.205
Elapsed time: 03:38:54.762
loaded 100000 samples from /home/temizoz/DynaPlexFork/IO_DynaPlex/lost_sales_general_AvvPxzv33VFZso7-jSjuSZMV7yelB=ZHYXDCmtZkBlM__/samples_gen3.json
{"hidden_layers":[256,128,128,128],"type":"mlp"}
EPOCHS: 0 - Training Loss: 1.51252 (22%) - Validation Loss: 1.31168 (26%) - Cost Imp.: 0.364899 Time: 00:00:01.027
EPOCHS: 5 - Training Loss: 0.906824 (40%) - Validation Loss: 0.925456 (39%) - Cost Imp.: 0.0271655 Time: 00:00:06.133
EPOCHS: 10 - Training Loss: 0.86945 (41%) - Validation Loss: 0.847296 (42%) - Cost Imp.: 0.0109317 Time: 00:00:11.212
EPOCHS: 15 - Training Loss: 0.855411 (42%) - Validation Loss: 0.845561 (42%) - Cost Imp.: 0.00675034 Time: 00:00:16.284
EPOCHS: 20 - Training Loss: 0.8413 (43%) - Validation Loss: 0.83008 (43%) - Cost Imp.: -0.00183636 Time: 00:00:21.364
EPOCHS: 25 - Training Loss: 0.831558 (43%) - Validation Loss: 0.829227 (43%) - Cost Imp.: 0.00279081 Time: 00:00:26.447
EPOCHS: 30 - Training Loss: 0.831117 (43%) - Validation Loss: 0.835334 (43%) - Cost Imp.: -0.00360019 Time: 00:00:31.524
EPOCHS: 35 - Training Loss: 0.82711 (43%) - Validation Loss: 0.873053 (41%) - Cost Imp.: 0.00770721 Time: 00:00:36.604
EPOCHS: 40 - Training Loss: 0.824565 (43%) - Validation Loss: 0.846993 (42%) - Cost Imp.: 0.00963156 Time: 00:00:41.679
Actual Epochs/Max Epochs: 43/100 - Best Training Loss: 0.821472 (43%) - Best Validation Loss: 0.823883 (43%) - Best Cost Improvement : -0.00360019
Saved policy stats:  - Training Loss: 0.836396 (43%) - Validation Loss: 0.823883 (43%) - Cost Improvement : -0.00173244
Training finished, total time elapsed: 03:39:41.589
Generating 100000 samples based on policy type: NN_Policy
Progress (node 0 only):
>>>>>10>>>>>20>>>>>30>>>>>40>>>>>50>>>>>60>>>>>70>>>>>80>>>>>90>>>>>100
Simulator statistics 
100000 samples; 59% at Z>0.5; 23% at Z>1; 5% at Z>1.5; 1% at Z>2; 0% at Z>2.5; 0% at Z>3; 
Avg Mean of Q values: 330.213
Elapsed time: 03:40:17.778
loaded 100000 samples from /home/temizoz/DynaPlexFork/IO_DynaPlex/lost_sales_general_AvvPxzv33VFZso7-jSjuSZMV7yelB=ZHYXDCmtZkBlM__/samples_gen4.json
{"hidden_layers":[256,128,128,128],"type":"mlp"}
EPOCHS: 0 - Training Loss: 1.47658 (22%) - Validation Loss: 1.20972 (29%) - Cost Imp.: 0.179084 Time: 00:00:01.026
EPOCHS: 5 - Training Loss: 0.908983 (40%) - Validation Loss: 0.888951 (41%) - Cost Imp.: 0.015322 Time: 00:00:06.139
EPOCHS: 10 - Training Loss: 0.855936 (42%) - Validation Loss: 0.896044 (40%) - Cost Imp.: 0.0166786 Time: 00:00:11.244
EPOCHS: 15 - Training Loss: 0.847286 (42%) - Validation Loss: 0.833106 (43%) - Cost Imp.: 0.00893608 Time: 00:00:16.345
EPOCHS: 20 - Training Loss: 0.845742 (42%) - Validation Loss: 0.823048 (43%) - Cost Imp.: -0.000627721 Time: 00:00:21.441
EPOCHS: 25 - Training Loss: 0.836568 (43%) - Validation Loss: 0.847528 (42%) - Cost Imp.: 0.0155681 Time: 00:00:26.536
EPOCHS: 30 - Training Loss: 0.831784 (43%) - Validation Loss: 0.857151 (42%) - Cost Imp.: 0.0252869 Time: 00:00:31.637
EPOCHS: 35 - Training Loss: 0.831539 (43%) - Validation Loss: 0.819716 (44%) - Cost Imp.: -0.000535431 Time: 00:00:36.741
EPOCHS: 40 - Training Loss: 0.833921 (43%) - Validation Loss: 0.869028 (41%) - Cost Imp.: 0.0294318 Time: 00:00:41.836
EPOCHS: 45 - Training Loss: 0.825795 (43%) - Validation Loss: 0.820116 (44%) - Cost Imp.: 0.00656332 Time: 00:00:46.932
EPOCHS: 50 - Training Loss: 0.824699 (43%) - Validation Loss: 0.828832 (43%) - Cost Imp.: 0.00409951 Time: 00:00:52.011
EPOCHS: 55 - Training Loss: 0.819321 (44%) - Validation Loss: 0.854096 (42%) - Cost Imp.: 0.0239219 Time: 00:00:57.075
EPOCHS: 60 - Training Loss: 0.815112 (44%) - Validation Loss: 0.823746 (43%) - Cost Imp.: 0.00859937 Time: 00:01:02.148
Actual Epochs/Max Epochs: 65/100 - Best Training Loss: 0.815112 (44%) - Best Validation Loss: 0.812781 (44%) - Best Cost Improvement : -0.00177696
Saved policy stats:  - Training Loss: 0.823573 (43%) - Validation Loss: 0.812781 (44%) - Cost Improvement : 0.00373108
Training finished, total time elapsed: 03:41:27.133
{"mean":18.434280799999975,"mean_stat_1":0.9872747141019746,"policy":{"id":"greedy_capped_base_stock"}}
{"mean":16.151613399999995,"mean_difference":-2.28266739999998,"mean_gap":-12.382730982377046,"mean_stat_1":0.9734102948639903,"policy":{"gen":1,"id":"NN_Policy","nn_architecture":{"hidden_layers":[256,128,128,128],"type":"mlp"},"num_inputs":7,"num_outputs":17}}
{"mean":15.732639000000008,"mean_difference":-2.701641799999967,"mean_gap":-14.655531340284082,"mean_stat_1":0.9586692739364439,"policy":{"gen":2,"id":"NN_Policy","nn_architecture":{"hidden_layers":[256,128,128,128],"type":"mlp"},"num_inputs":7,"num_outputs":17}}
{"mean":15.721553199999995,"mean_difference":-2.7127275999999796,"mean_gap":-14.71566821310427,"mean_stat_1":0.9614069283908735,"policy":{"gen":3,"id":"NN_Policy","nn_architecture":{"hidden_layers":[256,128,128,128],"type":"mlp"},"num_inputs":7,"num_outputs":17}}
{"mean":15.721225600000013,"mean_difference":-2.713055199999962,"mean_gap":-14.717445336950524,"mean_stat_1":0.9613220344085427,"policy":{"gen":4,"id":"NN_Policy","nn_architecture":{"hidden_layers":[256,128,128,128],"type":"mlp"},"num_inputs":7,"num_outputs":17}}
{"mean":15.722050600000006,"mean_difference":-2.7122301999999685,"mean_gap":-14.712969979278888,"mean_stat_1":0.9607768703673608,"policy":{"gen":5,"id":"NN_Policy","nn_architecture":{"hidden_layers":[256,128,128,128],"type":"mlp"},"num_inputs":7,"num_outputs":17}}
Best network:  4
{"demand_cycles":[0,1,2,3,4,5,6],"leadtime":6,"mean_demand":[11.0,10.0,9.0,10.0,11.0,8.5,9.5],"p":39.0,"stdDemand":[3.3166247903554,10.488088481701515,5.408326913195984,2.6400183654090306,3.3166247903554,8.986100377805714,5.2488093888042835]}
Generating 100000 samples based on policy type: greedy_capped_base_stock
Progress (node 0 only):
>>>>>10>>>>>20>>>>>30>>>>>40>>>>>50>>>>>60>>>>>70>>>>>80>>>>>90>>>>>100
Simulator statistics 
100000 samples; 45% at Z>0.5; 11% at Z>1; 1% at Z>1.5; 0% at Z>2; 0% at Z>2.5; 0% at Z>3; 
Avg Mean of Q values: 850.546
Elapsed time: 03:41:46.868
loaded 100000 samples from /home/temizoz/DynaPlexFork/IO_DynaPlex/lost_sales_general_NA=gpzJk8V-8LxcwZ1mU6hgF6ocitQvgWOOCkDgYnl4__/samples_gen0.json
{"hidden_layers":[256,128,128,128],"type":"mlp"}
EPOCHS: 0 - Training Loss: 2.17928 (11%) - Validation Loss: 1.99179 (13%) - Cost Imp.: -6.33406 Time: 00:00:01.094
EPOCHS: 5 - Training Loss: 1.64948 (19%) - Validation Loss: 1.66845 (18%) - Cost Imp.: -6.92399 Time: 00:00:06.508
EPOCHS: 10 - Training Loss: 1.51179 (22%) - Validation Loss: 1.51595 (21%) - Cost Imp.: -7.01127 Time: 00:00:11.892
EPOCHS: 15 - Training Loss: 1.46456 (23%) - Validation Loss: 1.46254 (23%) - Cost Imp.: -7.03595 Time: 00:00:17.273
EPOCHS: 20 - Training Loss: 1.42288 (24%) - Validation Loss: 1.44287 (23%) - Cost Imp.: -7.0448 Time: 00:00:22.646
EPOCHS: 25 - Training Loss: 1.41296 (24%) - Validation Loss: 1.43319 (23%) - Cost Imp.: -7.03826 Time: 00:00:28.024
EPOCHS: 30 - Training Loss: 1.40282 (24%) - Validation Loss: 1.44653 (23%) - Cost Imp.: -7.05124 Time: 00:00:33.386
EPOCHS: 35 - Training Loss: 1.39139 (24%) - Validation Loss: 1.42471 (24%) - Cost Imp.: -7.0339 Time: 00:00:38.748
EPOCHS: 40 - Training Loss: 1.3853 (25%) - Validation Loss: 1.43386 (23%) - Cost Imp.: -7.00716 Time: 00:00:44.099
EPOCHS: 45 - Training Loss: 1.37801 (25%) - Validation Loss: 1.40477 (24%) - Cost Imp.: -7.03959 Time: 00:00:49.457
EPOCHS: 50 - Training Loss: 1.36869 (25%) - Validation Loss: 1.41874 (24%) - Cost Imp.: -7.0261 Time: 00:00:54.824
EPOCHS: 55 - Training Loss: 1.36857 (25%) - Validation Loss: 1.45522 (23%) - Cost Imp.: -6.98319 Time: 00:01:00.200
EPOCHS: 60 - Training Loss: 1.3589 (25%) - Validation Loss: 1.41045 (24%) - Cost Imp.: -7.03028 Time: 00:01:05.564
Actual Epochs/Max Epochs: 61/100 - Best Training Loss: 1.35756 (25%) - Best Validation Loss: 1.40477 (24%) - Best Cost Improvement : -7.07027
Saved policy stats:  - Training Loss: 1.37801 (25%) - Validation Loss: 1.40477 (24%) - Cost Improvement : -7.03959
Training finished, total time elapsed: 03:42:56.927
Generating 100000 samples based on policy type: NN_Policy
Progress (node 0 only):
>>>>>10>>>>>20>>>>>30>>>>>40>>>>>50>>>>>60>>>>>70>>>>>80>>>>>90>>>>>100
Simulator statistics 
100000 samples; 44% at Z>0.5; 9% at Z>1; 1% at Z>1.5; 0% at Z>2; 0% at Z>2.5; 0% at Z>3; 
Avg Mean of Q values: 745.557
Elapsed time: 03:44:21.574
loaded 100000 samples from /home/temizoz/DynaPlexFork/IO_DynaPlex/lost_sales_general_NA=gpzJk8V-8LxcwZ1mU6hgF6ocitQvgWOOCkDgYnl4__/samples_gen1.json
{"hidden_layers":[256,128,128,128],"type":"mlp"}
EPOCHS: 0 - Training Loss: 2.2554 (10%) - Validation Loss: 2.09419 (12%) - Cost Imp.: 0.229625 Time: 00:00:01.088
EPOCHS: 5 - Training Loss: 1.55448 (21%) - Validation Loss: 1.58848 (20%) - Cost Imp.: -0.588199 Time: 00:00:06.477
EPOCHS: 10 - Training Loss: 1.44026 (23%) - Validation Loss: 1.41157 (24%) - Cost Imp.: -0.726631 Time: 00:00:11.855
EPOCHS: 15 - Training Loss: 1.39395 (24%) - Validation Loss: 1.45371 (23%) - Cost Imp.: -0.698919 Time: 00:00:17.226
EPOCHS: 20 - Training Loss: 1.39232 (24%) - Validation Loss: 1.38258 (25%) - Cost Imp.: -0.735337 Time: 00:00:22.607
EPOCHS: 25 - Training Loss: 1.3802 (25%) - Validation Loss: 1.37845 (25%) - Cost Imp.: -0.732419 Time: 00:00:27.979
EPOCHS: 30 - Training Loss: 1.36317 (25%) - Validation Loss: 1.39683 (24%) - Cost Imp.: -0.715593 Time: 00:00:33.362
EPOCHS: 35 - Training Loss: 1.35945 (25%) - Validation Loss: 1.38683 (24%) - Cost Imp.: -0.729205 Time: 00:00:38.738
EPOCHS: 40 - Training Loss: 1.36739 (25%) - Validation Loss: 1.36994 (25%) - Cost Imp.: -0.728367 Time: 00:00:44.104
EPOCHS: 45 - Training Loss: 1.34934 (25%) - Validation Loss: 1.38362 (25%) - Cost Imp.: -0.721423 Time: 00:00:49.473
EPOCHS: 50 - Training Loss: 1.33742 (26%) - Validation Loss: 1.40204 (24%) - Cost Imp.: -0.734251 Time: 00:00:54.844
EPOCHS: 55 - Training Loss: 1.33833 (26%) - Validation Loss: 1.35681 (25%) - Cost Imp.: -0.741877 Time: 00:01:00.223
EPOCHS: 60 - Training Loss: 1.33432 (26%) - Validation Loss: 1.37429 (25%) - Cost Imp.: -0.735247 Time: 00:01:05.602
EPOCHS: 65 - Training Loss: 1.32903 (26%) - Validation Loss: 1.38075 (25%) - Cost Imp.: -0.733939 Time: 00:01:10.989
EPOCHS: 70 - Training Loss: 1.31703 (26%) - Validation Loss: 1.37775 (25%) - Cost Imp.: -0.7298 Time: 00:01:16.378
Actual Epochs/Max Epochs: 71/100 - Best Training Loss: 1.31703 (26%) - Best Validation Loss: 1.35681 (25%) - Best Cost Improvement : -0.752659
Saved policy stats:  - Training Loss: 1.33833 (26%) - Validation Loss: 1.35681 (25%) - Cost Improvement : -0.741877
Training finished, total time elapsed: 03:45:42.779
Generating 100000 samples based on policy type: NN_Policy
Progress (node 0 only):
>>>>>10>>>>>20>>>>>30>>>>>40>>>>>50>>>>>60>>>>>70>>>>>80>>>>>90>>>>>100
Simulator statistics 
100000 samples; 43% at Z>0.5; 8% at Z>1; 0% at Z>1.5; 0% at Z>2; 0% at Z>2.5; 0% at Z>3; 
Avg Mean of Q values: 741.462
Elapsed time: 03:47:07.360
loaded 100000 samples from /home/temizoz/DynaPlexFork/IO_DynaPlex/lost_sales_general_NA=gpzJk8V-8LxcwZ1mU6hgF6ocitQvgWOOCkDgYnl4__/samples_gen2.json
{"hidden_layers":[256,128,128,128],"type":"mlp"}
EPOCHS: 0 - Training Loss: 2.25768 (10%) - Validation Loss: 2.10222 (12%) - Cost Imp.: 1.23255 Time: 00:00:01.113
EPOCHS: 5 - Training Loss: 1.5723 (20%) - Validation Loss: 1.58096 (20%) - Cost Imp.: 0.086938 Time: 00:00:06.569
EPOCHS: 10 - Training Loss: 1.42736 (23%) - Validation Loss: 1.38638 (24%) - Cost Imp.: -0.00866487 Time: 00:00:12.008
EPOCHS: 15 - Training Loss: 1.3798 (25%) - Validation Loss: 1.39671 (24%) - Cost Imp.: 0.00567995 Time: 00:00:17.433
EPOCHS: 20 - Training Loss: 1.35742 (25%) - Validation Loss: 1.43491 (23%) - Cost Imp.: 0.0382656 Time: 00:00:22.860
EPOCHS: 25 - Training Loss: 1.34984 (25%) - Validation Loss: 1.35609 (25%) - Cost Imp.: -0.0388476 Time: 00:00:28.281
EPOCHS: 30 - Training Loss: 1.34165 (26%) - Validation Loss: 1.36756 (25%) - Cost Imp.: -0.0359339 Time: 00:00:33.697
EPOCHS: 35 - Training Loss: 1.33968 (26%) - Validation Loss: 1.3242 (26%) - Cost Imp.: -0.0483072 Time: 00:00:39.107
EPOCHS: 40 - Training Loss: 1.33223 (26%) - Validation Loss: 1.31499 (26%) - Cost Imp.: -0.0468836 Time: 00:00:44.531
EPOCHS: 45 - Training Loss: 1.32259 (26%) - Validation Loss: 1.38489 (25%) - Cost Imp.: -0.0323273 Time: 00:00:49.941
EPOCHS: 50 - Training Loss: 1.31963 (26%) - Validation Loss: 1.36264 (25%) - Cost Imp.: -0.0339606 Time: 00:00:55.361
EPOCHS: 55 - Training Loss: 1.31709 (26%) - Validation Loss: 1.34369 (26%) - Cost Imp.: -0.0284627 Time: 00:01:00.777
Actual Epochs/Max Epochs: 56/100 - Best Training Loss: 1.31709 (26%) - Best Validation Loss: 1.31499 (26%) - Best Cost Improvement : -0.0495219
Saved policy stats:  - Training Loss: 1.33223 (26%) - Validation Loss: 1.31499 (26%) - Cost Improvement : -0.0468836
Training finished, total time elapsed: 03:48:12.934
Generating 100000 samples based on policy type: NN_Policy
Progress (node 0 only):
>>>>>10>>>>>20>>>>>30>>>>>40>>>>>50>>>>>60>>>>>70>>>>>80>>>>>90>>>>>100
Simulator statistics 
100000 samples; 44% at Z>0.5; 8% at Z>1; 0% at Z>1.5; 0% at Z>2; 0% at Z>2.5; 0% at Z>3; 
Avg Mean of Q values: 740.556
Elapsed time: 03:49:36.292
loaded 100000 samples from /home/temizoz/DynaPlexFork/IO_DynaPlex/lost_sales_general_NA=gpzJk8V-8LxcwZ1mU6hgF6ocitQvgWOOCkDgYnl4__/samples_gen3.json
{"hidden_layers":[256,128,128,128],"type":"mlp"}
EPOCHS: 0 - Training Loss: 2.24101 (10%) - Validation Loss: 2.08658 (12%) - Cost Imp.: 1.32555 Time: 00:00:01.092
EPOCHS: 5 - Training Loss: 1.5436 (21%) - Validation Loss: 1.52641 (21%) - Cost Imp.: 0.1108 Time: 00:00:06.522
EPOCHS: 10 - Training Loss: 1.3736 (25%) - Validation Loss: 1.38912 (24%) - Cost Imp.: 0.0657802 Time: 00:00:11.936
EPOCHS: 15 - Training Loss: 1.3465 (26%) - Validation Loss: 1.3503 (25%) - Cost Imp.: 0.0463582 Time: 00:00:17.349
EPOCHS: 20 - Training Loss: 1.31625 (26%) - Validation Loss: 1.41165 (24%) - Cost Imp.: 0.0443245 Time: 00:00:22.767
EPOCHS: 25 - Training Loss: 1.32474 (26%) - Validation Loss: 1.29419 (27%) - Cost Imp.: 0.00341161 Time: 00:00:28.171
EPOCHS: 30 - Training Loss: 1.30115 (27%) - Validation Loss: 1.28909 (27%) - Cost Imp.: 0.0165669 Time: 00:00:33.590
EPOCHS: 35 - Training Loss: 1.29991 (27%) - Validation Loss: 1.30155 (27%) - Cost Imp.: 0.0173318 Time: 00:00:39.000
EPOCHS: 40 - Training Loss: 1.288 (27%) - Validation Loss: 1.27878 (27%) - Cost Imp.: -2.19303e-05 Time: 00:00:44.408
EPOCHS: 45 - Training Loss: 1.29029 (27%) - Validation Loss: 1.30809 (27%) - Cost Imp.: 0.0379537 Time: 00:00:49.805
Actual Epochs/Max Epochs: 47/100 - Best Training Loss: 1.28118 (27%) - Best Validation Loss: 1.27498 (27%) - Best Cost Improvement : -0.00092237
Saved policy stats:  - Training Loss: 1.29573 (27%) - Validation Loss: 1.27498 (27%) - Cost Improvement : 0.00369946
Training finished, total time elapsed: 03:50:31.959
Generating 100000 samples based on policy type: NN_Policy
Progress (node 0 only):
>>>>>10>>>>>20>>>>>30>>>>>40>>>>>50>>>>>60>>>>>70>>>>>80>>>>>90>>>>>100
Simulator statistics 
100000 samples; 44% at Z>0.5; 8% at Z>1; 0% at Z>1.5; 0% at Z>2; 0% at Z>2.5; 0% at Z>3; 
Avg Mean of Q values: 740.571
Elapsed time: 03:51:57.243
loaded 100000 samples from /home/temizoz/DynaPlexFork/IO_DynaPlex/lost_sales_general_NA=gpzJk8V-8LxcwZ1mU6hgF6ocitQvgWOOCkDgYnl4__/samples_gen4.json
{"hidden_layers":[256,128,128,128],"type":"mlp"}
EPOCHS: 0 - Training Loss: 2.23605 (10%) - Validation Loss: 2.08748 (12%) - Cost Imp.: 1.05793 Time: 00:00:01.093
EPOCHS: 5 - Training Loss: 1.54431 (21%) - Validation Loss: 1.55157 (21%) - Cost Imp.: 0.179951 Time: 00:00:06.512
EPOCHS: 10 - Training Loss: 1.39593 (24%) - Validation Loss: 1.3535 (25%) - Cost Imp.: 0.0157087 Time: 00:00:11.909
EPOCHS: 15 - Training Loss: 1.34594 (26%) - Validation Loss: 1.32545 (26%) - Cost Imp.: 0.0121016 Time: 00:00:17.308
EPOCHS: 20 - Training Loss: 1.33363 (26%) - Validation Loss: 1.33254 (26%) - Cost Imp.: 0.0162347 Time: 00:00:22.703
EPOCHS: 25 - Training Loss: 1.30674 (27%) - Validation Loss: 1.37728 (25%) - Cost Imp.: 0.0615816 Time: 00:00:28.098
EPOCHS: 30 - Training Loss: 1.29979 (27%) - Validation Loss: 1.34676 (26%) - Cost Imp.: 0.00331015 Time: 00:00:33.505
EPOCHS: 35 - Training Loss: 1.30094 (27%) - Validation Loss: 1.30402 (27%) - Cost Imp.: 0.0262469 Time: 00:00:38.917
EPOCHS: 40 - Training Loss: 1.29897 (27%) - Validation Loss: 1.29884 (27%) - Cost Imp.: 0.00204306 Time: 00:00:44.314
EPOCHS: 45 - Training Loss: 1.29421 (27%) - Validation Loss: 1.29564 (27%) - Cost Imp.: 0.00235202 Time: 00:00:49.738
EPOCHS: 50 - Training Loss: 1.28741 (27%) - Validation Loss: 1.30336 (27%) - Cost Imp.: 0.00804423 Time: 00:00:55.148
EPOCHS: 55 - Training Loss: 1.27646 (27%) - Validation Loss: 1.31155 (26%) - Cost Imp.: 0.0244927 Time: 00:01:00.559
EPOCHS: 60 - Training Loss: 1.27607 (27%) - Validation Loss: 1.33318 (26%) - Cost Imp.: -0.00468614 Time: 00:01:05.971
EPOCHS: 65 - Training Loss: 1.26429 (28%) - Validation Loss: 1.32839 (26%) - Cost Imp.: 0.00527122 Time: 00:01:11.371
EPOCHS: 70 - Training Loss: 1.26774 (28%) - Validation Loss: 1.30523 (27%) - Cost Imp.: -0.00195422 Time: 00:01:16.781
EPOCHS: 75 - Training Loss: 1.27005 (28%) - Validation Loss: 1.32276 (26%) - Cost Imp.: 0.000539502 Time: 00:01:22.187
EPOCHS: 80 - Training Loss: 1.27011 (28%) - Validation Loss: 1.30221 (27%) - Cost Imp.: 0.000295222 Time: 00:01:27.591
EPOCHS: 85 - Training Loss: 1.26234 (28%) - Validation Loss: 1.31695 (26%) - Cost Imp.: 0.0233401 Time: 00:01:33.004
Actual Epochs/Max Epochs: 87/100 - Best Training Loss: 1.25343 (28%) - Best Validation Loss: 1.27866 (27%) - Best Cost Improvement : -0.00780999
Saved policy stats:  - Training Loss: 1.27307 (27%) - Validation Loss: 1.27866 (27%) - Cost Improvement : -0.000587121
Training finished, total time elapsed: 03:53:36.147
{"mean":42.89972060000003,"mean_stat_1":0.9912549635717957,"policy":{"id":"greedy_capped_base_stock"}}
{"mean":36.02786579999995,"mean_difference":-6.871854800000079,"mean_gap":-16.018413882164246,"mean_stat_1":0.9764446242857803,"policy":{"gen":1,"id":"NN_Policy","nn_architecture":{"hidden_layers":[256,128,128,128],"type":"mlp"},"num_inputs":7,"num_outputs":39}}
{"mean":35.29614279999998,"mean_difference":-7.603577800000053,"mean_gap":-17.724073009463954,"mean_stat_1":0.9676503475602465,"policy":{"gen":2,"id":"NN_Policy","nn_architecture":{"hidden_layers":[256,128,128,128],"type":"mlp"},"num_inputs":7,"num_outputs":39}}
{"mean":35.26782779999999,"mean_difference":-7.631892800000038,"mean_gap":-17.790075770330386,"mean_stat_1":0.9691500664182309,"policy":{"gen":3,"id":"NN_Policy","nn_architecture":{"hidden_layers":[256,128,128,128],"type":"mlp"},"num_inputs":7,"num_outputs":39}}
{"mean":35.273314600000006,"mean_difference":-7.626406000000024,"mean_gap":-17.77728594344276,"mean_stat_1":0.9694019880837517,"policy":{"gen":4,"id":"NN_Policy","nn_architecture":{"hidden_layers":[256,128,128,128],"type":"mlp"},"num_inputs":7,"num_outputs":39}}
{"mean":35.266739199999996,"mean_difference":-7.632981400000034,"mean_gap":-17.792613315994483,"mean_stat_1":0.9688003308119436,"policy":{"gen":5,"id":"NN_Policy","nn_architecture":{"hidden_layers":[256,128,128,128],"type":"mlp"},"num_inputs":7,"num_outputs":39}}
Best network:  5
{"demand_cycles":[0,1,2,3,4,5,6],"leadtime":6,"mean_demand":[3.0,5.0,5.0,7.0,7.0,10.0,10.0],"p":39.0,"stdDemand":[1.7320508075688772,5.477225575051661,3.6514837167011076,2.206709137469482,2.6457513110645907,10.488088481701515,5.477225575051661]}
Generating 100000 samples based on policy type: greedy_capped_base_stock
Progress (node 0 only):
>>>>>10>>>>>20>>>>>30>>>>>40>>>>>50>>>>>60>>>>>70>>>>>80>>>>>90>>>>>100
Simulator statistics 
100000 samples; 52% at Z>0.5; 18% at Z>1; 4% at Z>1.5; 1% at Z>2; 0% at Z>2.5; 0% at Z>3; 
Avg Mean of Q values: 720.734
Elapsed time: 03:53:54.510
loaded 100000 samples from /home/temizoz/DynaPlexFork/IO_DynaPlex/lost_sales_general_Hp2=pJ6lmqZnhRsDh4PdIWrDRlJz1oIAKg=mCDaKUpc__/samples_gen0.json
{"hidden_layers":[256,128,128,128],"type":"mlp"}
EPOCHS: 0 - Training Loss: 1.83962 (15%) - Validation Loss: 1.66974 (18%) - Cost Imp.: -5.546 Time: 00:00:01.081
EPOCHS: 5 - Training Loss: 1.39635 (24%) - Validation Loss: 1.4232 (24%) - Cost Imp.: -5.68706 Time: 00:00:06.472
EPOCHS: 10 - Training Loss: 1.29813 (27%) - Validation Loss: 1.2973 (27%) - Cost Imp.: -5.8923 Time: 00:00:11.832
EPOCHS: 15 - Training Loss: 1.22456 (29%) - Validation Loss: 1.29716 (27%) - Cost Imp.: -5.90449 Time: 00:00:17.178
EPOCHS: 20 - Training Loss: 1.201 (30%) - Validation Loss: 1.25251 (28%) - Cost Imp.: -5.91747 Time: 00:00:22.523
EPOCHS: 25 - Training Loss: 1.18869 (30%) - Validation Loss: 1.2069 (29%) - Cost Imp.: -5.9291 Time: 00:00:27.844
EPOCHS: 30 - Training Loss: 1.17687 (30%) - Validation Loss: 1.22135 (29%) - Cost Imp.: -5.94121 Time: 00:00:33.170
EPOCHS: 35 - Training Loss: 1.16902 (31%) - Validation Loss: 1.19534 (30%) - Cost Imp.: -5.93661 Time: 00:00:38.493
EPOCHS: 40 - Training Loss: 1.16455 (31%) - Validation Loss: 1.24502 (28%) - Cost Imp.: -5.91475 Time: 00:00:43.816
EPOCHS: 45 - Training Loss: 1.14888 (31%) - Validation Loss: 1.20999 (29%) - Cost Imp.: -5.94307 Time: 00:00:49.143
EPOCHS: 50 - Training Loss: 1.15071 (31%) - Validation Loss: 1.22321 (29%) - Cost Imp.: -5.9294 Time: 00:00:54.469
EPOCHS: 55 - Training Loss: 1.14638 (31%) - Validation Loss: 1.20722 (29%) - Cost Imp.: -5.93506 Time: 00:00:59.775
EPOCHS: 60 - Training Loss: 1.1396 (31%) - Validation Loss: 1.19756 (30%) - Cost Imp.: -5.93194 Time: 00:01:05.105
Actual Epochs/Max Epochs: 65/100 - Best Training Loss: 1.12973 (32%) - Best Validation Loss: 1.18825 (30%) - Best Cost Improvement : -5.94374
Saved policy stats:  - Training Loss: 1.14806 (31%) - Validation Loss: 1.18825 (30%) - Cost Improvement : -5.94222
Training finished, total time elapsed: 03:55:07.743
Generating 100000 samples based on policy type: NN_Policy
Progress (node 0 only):
>>>>>10>>>>>20>>>>>30>>>>>40>>>>>50>>>>>60>>>>>70>>>>>80>>>>>90>>>>>100
Simulator statistics 
100000 samples; 47% at Z>0.5; 11% at Z>1; 1% at Z>1.5; 0% at Z>2; 0% at Z>2.5; 0% at Z>3; 
Avg Mean of Q values: 627.266
Elapsed time: 03:56:20.071
loaded 100000 samples from /home/temizoz/DynaPlexFork/IO_DynaPlex/lost_sales_general_Hp2=pJ6lmqZnhRsDh4PdIWrDRlJz1oIAKg=mCDaKUpc__/samples_gen1.json
{"hidden_layers":[256,128,128,128],"type":"mlp"}
EPOCHS: 0 - Training Loss: 2.051 (12%) - Validation Loss: 1.82306 (16%) - Cost Imp.: -0.2487 Time: 00:00:01.076
EPOCHS: 5 - Training Loss: 1.53377 (21%) - Validation Loss: 1.45613 (23%) - Cost Imp.: -0.832085 Time: 00:00:06.399
EPOCHS: 10 - Training Loss: 1.38667 (24%) - Validation Loss: 1.36491 (25%) - Cost Imp.: -0.913673 Time: 00:00:11.722
EPOCHS: 15 - Training Loss: 1.34352 (26%) - Validation Loss: 1.33193 (26%) - Cost Imp.: -0.92388 Time: 00:00:17.046
EPOCHS: 20 - Training Loss: 1.32074 (26%) - Validation Loss: 1.30933 (27%) - Cost Imp.: -0.931421 Time: 00:00:22.372
EPOCHS: 25 - Training Loss: 1.30847 (27%) - Validation Loss: 1.3158 (26%) - Cost Imp.: -0.941846 Time: 00:00:27.730
EPOCHS: 30 - Training Loss: 1.29942 (27%) - Validation Loss: 1.30322 (27%) - Cost Imp.: -0.929445 Time: 00:00:33.067
EPOCHS: 35 - Training Loss: 1.2955 (27%) - Validation Loss: 1.33193 (26%) - Cost Imp.: -0.910229 Time: 00:00:38.409
EPOCHS: 40 - Training Loss: 1.28885 (27%) - Validation Loss: 1.3738 (25%) - Cost Imp.: -0.879047 Time: 00:00:43.761
Actual Epochs/Max Epochs: 45/100 - Best Training Loss: 1.2789 (27%) - Best Validation Loss: 1.28575 (27%) - Best Cost Improvement : -0.966964
Saved policy stats:  - Training Loss: 1.30332 (27%) - Validation Loss: 1.28575 (27%) - Cost Improvement : -0.94512
Training finished, total time elapsed: 03:57:12.175
Generating 100000 samples based on policy type: NN_Policy
Progress (node 0 only):
>>>>>10>>>>>20>>>>>30>>>>>40>>>>>50>>>>>60>>>>>70>>>>>80>>>>>90>>>>>100
Simulator statistics 
100000 samples; 49% at Z>0.5; 13% at Z>1; 1% at Z>1.5; 0% at Z>2; 0% at Z>2.5; 0% at Z>3; 
Avg Mean of Q values: 620.333
Elapsed time: 03:58:20.192
loaded 100000 samples from /home/temizoz/DynaPlexFork/IO_DynaPlex/lost_sales_general_Hp2=pJ6lmqZnhRsDh4PdIWrDRlJz1oIAKg=mCDaKUpc__/samples_gen2.json
{"hidden_layers":[256,128,128,128],"type":"mlp"}
EPOCHS: 0 - Training Loss: 1.90064 (14%) - Validation Loss: 1.66733 (18%) - Cost Imp.: 0.421002 Time: 00:00:01.081
EPOCHS: 5 - Training Loss: 1.4284 (23%) - Validation Loss: 1.43893 (23%) - Cost Imp.: 0.226119 Time: 00:00:06.431
EPOCHS: 10 - Training Loss: 1.25638 (28%) - Validation Loss: 1.23341 (29%) - Cost Imp.: -0.0219506 Time: 00:00:11.773
EPOCHS: 15 - Training Loss: 1.21016 (29%) - Validation Loss: 1.1809 (30%) - Cost Imp.: -0.0515021 Time: 00:00:17.106
EPOCHS: 20 - Training Loss: 1.19025 (30%) - Validation Loss: 1.22778 (29%) - Cost Imp.: -0.0109261 Time: 00:00:22.425
EPOCHS: 25 - Training Loss: 1.17995 (30%) - Validation Loss: 1.2215 (29%) - Cost Imp.: -0.0122261 Time: 00:00:27.746
EPOCHS: 30 - Training Loss: 1.17464 (30%) - Validation Loss: 1.16099 (31%) - Cost Imp.: -0.052599 Time: 00:00:33.074
EPOCHS: 35 - Training Loss: 1.16447 (31%) - Validation Loss: 1.18554 (30%) - Cost Imp.: -0.0382471 Time: 00:00:38.409
EPOCHS: 40 - Training Loss: 1.15269 (31%) - Validation Loss: 1.17272 (30%) - Cost Imp.: -0.0578638 Time: 00:00:43.746
Actual Epochs/Max Epochs: 42/100 - Best Training Loss: 1.15269 (31%) - Best Validation Loss: 1.15672 (31%) - Best Cost Improvement : -0.0578638
Saved policy stats:  - Training Loss: 1.16964 (31%) - Validation Loss: 1.15672 (31%) - Cost Improvement : -0.0472113
Training finished, total time elapsed: 03:59:09.104
Generating 100000 samples based on policy type: NN_Policy
Progress (node 0 only):
>>>>>10>>>>>20>>>>>30>>>>>40>>>>>50>>>>>60>>>>>70>>>>>80>>>>>90>>>>>100
Simulator statistics 
100000 samples; 49% at Z>0.5; 12% at Z>1; 1% at Z>1.5; 0% at Z>2; 0% at Z>2.5; 0% at Z>3; 
Avg Mean of Q values: 619.792
Elapsed time: 04:00:14.661
loaded 100000 samples from /home/temizoz/DynaPlexFork/IO_DynaPlex/lost_sales_general_Hp2=pJ6lmqZnhRsDh4PdIWrDRlJz1oIAKg=mCDaKUpc__/samples_gen3.json
{"hidden_layers":[256,128,128,128],"type":"mlp"}
EPOCHS: 0 - Training Loss: 1.90305 (14%) - Validation Loss: 1.69119 (18%) - Cost Imp.: 0.507981 Time: 00:00:01.091
EPOCHS: 5 - Training Loss: 1.41105 (24%) - Validation Loss: 1.41373 (24%) - Cost Imp.: 0.153439 Time: 00:00:06.482
EPOCHS: 10 - Training Loss: 1.23831 (28%) - Validation Loss: 1.29731 (27%) - Cost Imp.: 0.0726702 Time: 00:00:11.848
EPOCHS: 15 - Training Loss: 1.19032 (30%) - Validation Loss: 1.22452 (29%) - Cost Imp.: 0.026638 Time: 00:00:17.208
EPOCHS: 20 - Training Loss: 1.1799 (30%) - Validation Loss: 1.25672 (28%) - Cost Imp.: 0.00862334 Time: 00:00:22.560
EPOCHS: 25 - Training Loss: 1.16721 (31%) - Validation Loss: 1.17387 (30%) - Cost Imp.: -0.00867248 Time: 00:00:27.895
EPOCHS: 30 - Training Loss: 1.15832 (31%) - Validation Loss: 1.17429 (30%) - Cost Imp.: -0.0111095 Time: 00:00:33.242
EPOCHS: 35 - Training Loss: 1.15287 (31%) - Validation Loss: 1.34116 (26%) - Cost Imp.: 0.0181141 Time: 00:00:38.583
EPOCHS: 40 - Training Loss: 1.15075 (31%) - Validation Loss: 1.23871 (28%) - Cost Imp.: -0.00239207 Time: 00:00:43.909
EPOCHS: 45 - Training Loss: 1.13954 (31%) - Validation Loss: 1.17258 (30%) - Cost Imp.: 0.00553411 Time: 00:00:49.250
EPOCHS: 50 - Training Loss: 1.14261 (31%) - Validation Loss: 1.17231 (30%) - Cost Imp.: -0.0149868 Time: 00:00:54.589
Actual Epochs/Max Epochs: 54/100 - Best Training Loss: 1.13289 (32%) - Best Validation Loss: 1.14912 (31%) - Best Cost Improvement : -0.0168377
Saved policy stats:  - Training Loss: 1.14704 (31%) - Validation Loss: 1.14912 (31%) - Cost Improvement : -0.0102323
Training finished, total time elapsed: 04:01:16.529
Generating 100000 samples based on policy type: NN_Policy
Progress (node 0 only):
>>>>>10>>>>>20>>>>>30>>>>>40>>>>>50>>>>>60>>>>>70>>>>>80>>>>>90>>>>>100
Simulator statistics 
100000 samples; 49% at Z>0.5; 12% at Z>1; 1% at Z>1.5; 0% at Z>2; 0% at Z>2.5; 0% at Z>3; 
Avg Mean of Q values: 619.616
Elapsed time: 04:02:22.586
loaded 100000 samples from /home/temizoz/DynaPlexFork/IO_DynaPlex/lost_sales_general_Hp2=pJ6lmqZnhRsDh4PdIWrDRlJz1oIAKg=mCDaKUpc__/samples_gen4.json
{"hidden_layers":[256,128,128,128],"type":"mlp"}
EPOCHS: 0 - Training Loss: 1.88243 (15%) - Validation Loss: 1.67455 (18%) - Cost Imp.: 0.427946 Time: 00:00:01.080
EPOCHS: 5 - Training Loss: 1.35686 (25%) - Validation Loss: 1.29159 (27%) - Cost Imp.: 0.0782999 Time: 00:00:06.428
EPOCHS: 10 - Training Loss: 1.21996 (29%) - Validation Loss: 1.23829 (28%) - Cost Imp.: 0.0262699 Time: 00:00:11.791
EPOCHS: 15 - Training Loss: 1.18881 (30%) - Validation Loss: 1.17383 (30%) - Cost Imp.: 0.0156706 Time: 00:00:17.151
EPOCHS: 20 - Training Loss: 1.16536 (31%) - Validation Loss: 1.21368 (29%) - Cost Imp.: 0.0419021 Time: 00:00:22.537
EPOCHS: 25 - Training Loss: 1.17264 (30%) - Validation Loss: 1.19118 (30%) - Cost Imp.: 0.0326198 Time: 00:00:27.896
EPOCHS: 30 - Training Loss: 1.14947 (31%) - Validation Loss: 1.15742 (31%) - Cost Imp.: 0.00659331 Time: 00:00:33.264
EPOCHS: 35 - Training Loss: 1.15032 (31%) - Validation Loss: 1.16582 (31%) - Cost Imp.: -0.00600923 Time: 00:00:38.621
EPOCHS: 40 - Training Loss: 1.13692 (32%) - Validation Loss: 1.17308 (30%) - Cost Imp.: -0.00156763 Time: 00:00:43.972
EPOCHS: 45 - Training Loss: 1.13328 (32%) - Validation Loss: 1.21046 (29%) - Cost Imp.: 0.000540596 Time: 00:00:49.330
EPOCHS: 50 - Training Loss: 1.13066 (32%) - Validation Loss: 1.17774 (30%) - Cost Imp.: -0.00136481 Time: 00:00:54.701
Actual Epochs/Max Epochs: 53/100 - Best Training Loss: 1.12347 (32%) - Best Validation Loss: 1.14024 (31%) - Best Cost Improvement : -0.00717743
Saved policy stats:  - Training Loss: 1.14211 (31%) - Validation Loss: 1.14024 (31%) - Cost Improvement : -0.00538617
Training finished, total time elapsed: 04:03:23.551
{"mean":36.37832399999999,"mean_stat_1":0.9889412494561941,"policy":{"id":"greedy_capped_base_stock"}}
{"mean":30.42086579999999,"mean_difference":-5.957458200000001,"mean_gap":-16.376395460109713,"mean_stat_1":0.9711598955770764,"policy":{"gen":1,"id":"NN_Policy","nn_architecture":{"hidden_layers":[256,128,128,128],"type":"mlp"},"num_inputs":7,"num_outputs":39}}
{"mean":29.522283599999987,"mean_difference":-6.856040400000005,"mean_gap":-18.846498810665402,"mean_stat_1":0.9598109131045635,"policy":{"gen":2,"id":"NN_Policy","nn_architecture":{"hidden_layers":[256,128,128,128],"type":"mlp"},"num_inputs":7,"num_outputs":39}}
{"mean":29.486251399999986,"mean_difference":-6.892072600000006,"mean_gap":-18.94554735396828,"mean_stat_1":0.9607612817051805,"policy":{"gen":3,"id":"NN_Policy","nn_architecture":{"hidden_layers":[256,128,128,128],"type":"mlp"},"num_inputs":7,"num_outputs":39}}
{"mean":29.48062480000003,"mean_difference":-6.897699199999963,"mean_gap":-18.961014256731463,"mean_stat_1":0.9608792246637659,"policy":{"gen":4,"id":"NN_Policy","nn_architecture":{"hidden_layers":[256,128,128,128],"type":"mlp"},"num_inputs":7,"num_outputs":39}}
{"mean":29.48296380000001,"mean_difference":-6.895360199999981,"mean_gap":-18.95458460373266,"mean_stat_1":0.9611878518550063,"policy":{"gen":5,"id":"NN_Policy","nn_architecture":{"hidden_layers":[256,128,128,128],"type":"mlp"},"num_inputs":7,"num_outputs":39}}
Best network:  4
{"demand_cycles":[0,1,2],"leadtime":6,"leadtime_distribution":[0.0,0.1,0.1,0.1,0.1,0.1,0.1,0.1,0.1,0.1,0.1],"mean_demand":[8.0,10.0,6.0],"order_crossover":false,"p":69.0,"stdDemand":[2.8284271247461903,10.488088481701515,4.242640687119285]}
Generating 100000 samples based on policy type: greedy_capped_base_stock
Progress (node 0 only):
>>>>>10>>>>>20>>>>>30>>>>>40>>>>>50>>>>>60>>>>>70>>>>>80>>>>>90>>>>>100
Simulator statistics 
100000 samples; 25% at Z>0.5; 5% at Z>1; 1% at Z>1.5; 1% at Z>2; 0% at Z>2.5; 0% at Z>3; 
Avg Mean of Q values: 1304.55
Elapsed time: 04:03:44.033
loaded 100000 samples from /home/temizoz/DynaPlexFork/IO_DynaPlex/lost_sales_general_gjEXWOJcOsFVK4rIHVXJepxXH1HTb-2pNxRYxoBo5cE__/samples_gen0.json
{"hidden_layers":[256,128,128,128],"type":"mlp"}
EPOCHS: 0 - Training Loss: 2.74813 (6%) - Validation Loss: 2.73438 (6%) - Cost Imp.: -1.21156 Time: 00:00:01.081
EPOCHS: 5 - Training Loss: 2.39853 (9%) - Validation Loss: 2.39152 (9%) - Cost Imp.: -3.90473 Time: 00:00:06.427
EPOCHS: 10 - Training Loss: 2.35933 (9%) - Validation Loss: 2.35846 (9%) - Cost Imp.: -4.29285 Time: 00:00:11.740
EPOCHS: 15 - Training Loss: 2.35114 (9%) - Validation Loss: 2.35707 (9%) - Cost Imp.: -4.25599 Time: 00:00:17.069
EPOCHS: 20 - Training Loss: 2.34107 (9%) - Validation Loss: 2.34382 (9%) - Cost Imp.: -4.13572 Time: 00:00:22.386
EPOCHS: 25 - Training Loss: 2.33556 (9%) - Validation Loss: 2.34894 (9%) - Cost Imp.: -4.26747 Time: 00:00:27.681
EPOCHS: 30 - Training Loss: 2.33359 (9%) - Validation Loss: 2.34923 (9%) - Cost Imp.: -4.17545 Time: 00:00:32.975
EPOCHS: 35 - Training Loss: 2.32762 (9%) - Validation Loss: 2.34745 (9%) - Cost Imp.: -4.1296 Time: 00:00:38.271
Actual Epochs/Max Epochs: 36/100 - Best Training Loss: 2.32592 (9%) - Best Validation Loss: 2.34382 (9%) - Best Cost Improvement : -4.3972
Saved policy stats:  - Training Loss: 2.34107 (9%) - Validation Loss: 2.34382 (9%) - Cost Improvement : -4.13572
Training finished, total time elapsed: 04:04:26.829
Generating 100000 samples based on policy type: NN_Policy
Progress (node 0 only):
>>>>>10>>>>>20>>>>>30>>>>>40>>>>>50>>>>>60>>>>>70>>>>>80>>>>>90>>>>>100
Simulator statistics 
100000 samples; 25% at Z>0.5; 3% at Z>1; 0% at Z>1.5; 0% at Z>2; 0% at Z>2.5; 0% at Z>3; 
Avg Mean of Q values: 1230.14
Elapsed time: 04:05:50.637
loaded 100000 samples from /home/temizoz/DynaPlexFork/IO_DynaPlex/lost_sales_general_gjEXWOJcOsFVK4rIHVXJepxXH1HTb-2pNxRYxoBo5cE__/samples_gen1.json
{"hidden_layers":[256,128,128,128],"type":"mlp"}
EPOCHS: 0 - Training Loss: 2.82421 (5%) - Validation Loss: 2.76259 (6%) - Cost Imp.: 1.89729 Time: 00:00:01.078
EPOCHS: 5 - Training Loss: 2.37516 (9%) - Validation Loss: 2.36801 (9%) - Cost Imp.: 0.0446624 Time: 00:00:06.421
EPOCHS: 10 - Training Loss: 2.34164 (9%) - Validation Loss: 2.32941 (9%) - Cost Imp.: -0.067696 Time: 00:00:11.745
EPOCHS: 15 - Training Loss: 2.34211 (9%) - Validation Loss: 2.33003 (9%) - Cost Imp.: -0.0458924 Time: 00:00:17.068
EPOCHS: 20 - Training Loss: 2.32714 (9%) - Validation Loss: 2.34391 (9%) - Cost Imp.: 0.0599545 Time: 00:00:22.403
EPOCHS: 25 - Training Loss: 2.32174 (9%) - Validation Loss: 2.33266 (9%) - Cost Imp.: -0.108548 Time: 00:00:27.732
EPOCHS: 30 - Training Loss: 2.31494 (9%) - Validation Loss: 2.32854 (9%) - Cost Imp.: -0.0853072 Time: 00:00:33.074
EPOCHS: 35 - Training Loss: 2.31524 (9%) - Validation Loss: 2.34216 (9%) - Cost Imp.: 0.0443149 Time: 00:00:38.416
Actual Epochs/Max Epochs: 38/100 - Best Training Loss: 2.31117 (9%) - Best Validation Loss: 2.31698 (9%) - Best Cost Improvement : -0.117706
Saved policy stats:  - Training Loss: 2.32052 (9%) - Validation Loss: 2.31698 (9%) - Cost Improvement : -0.078421
Training finished, total time elapsed: 04:06:35.949
Generating 100000 samples based on policy type: NN_Policy
Progress (node 0 only):
>>>>>10>>>>>20>>>>>30>>>>>40>>>>>50>>>>>60>>>>>70>>>>>80>>>>>90>>>>>100
Simulator statistics 
100000 samples; 25% at Z>0.5; 3% at Z>1; 0% at Z>1.5; 0% at Z>2; 0% at Z>2.5; 0% at Z>3; 
Avg Mean of Q values: 1225.1
Elapsed time: 04:08:00.181
loaded 100000 samples from /home/temizoz/DynaPlexFork/IO_DynaPlex/lost_sales_general_gjEXWOJcOsFVK4rIHVXJepxXH1HTb-2pNxRYxoBo5cE__/samples_gen2.json
{"hidden_layers":[256,128,128,128],"type":"mlp"}
EPOCHS: 0 - Training Loss: 2.82293 (5%) - Validation Loss: 2.79439 (6%) - Cost Imp.: 3.82962 Time: 00:00:01.077
EPOCHS: 5 - Training Loss: 2.3557 (9%) - Validation Loss: 2.32139 (9%) - Cost Imp.: 0.0494756 Time: 00:00:06.401
EPOCHS: 10 - Training Loss: 2.31569 (9%) - Validation Loss: 2.31326 (9%) - Cost Imp.: 0.028522 Time: 00:00:11.725
EPOCHS: 15 - Training Loss: 2.31033 (9%) - Validation Loss: 2.33703 (9%) - Cost Imp.: 0.031917 Time: 00:00:17.048
EPOCHS: 20 - Training Loss: 2.3123 (9%) - Validation Loss: 2.45442 (8%) - Cost Imp.: 0.0516629 Time: 00:00:22.381
EPOCHS: 25 - Training Loss: 2.29844 (10%) - Validation Loss: 2.29321 (10%) - Cost Imp.: -0.00660754 Time: 00:00:27.707
EPOCHS: 30 - Training Loss: 2.29694 (10%) - Validation Loss: 2.31629 (9%) - Cost Imp.: 0.165383 Time: 00:00:33.034
EPOCHS: 35 - Training Loss: 2.28722 (10%) - Validation Loss: 2.27997 (10%) - Cost Imp.: 0.0186064 Time: 00:00:38.393
EPOCHS: 40 - Training Loss: 2.28433 (10%) - Validation Loss: 2.27908 (10%) - Cost Imp.: -0.0229393 Time: 00:00:43.735
EPOCHS: 45 - Training Loss: 2.28108 (10%) - Validation Loss: 2.29308 (10%) - Cost Imp.: -0.0346473 Time: 00:00:49.088
Actual Epochs/Max Epochs: 47/100 - Best Training Loss: 2.28086 (10%) - Best Validation Loss: 2.26957 (10%) - Best Cost Improvement : -0.0465806
Saved policy stats:  - Training Loss: 2.29525 (10%) - Validation Loss: 2.26957 (10%) - Cost Improvement : -0.00388673
Training finished, total time elapsed: 04:08:55.109
Generating 100000 samples based on policy type: NN_Policy
Progress (node 0 only):
>>>>>10>>>>>20>>>>>30>>>>>40>>>>>50>>>>>60>>>>>70>>>>>80>>>>>90>>>>>100
Simulator statistics 
100000 samples; 25% at Z>0.5; 3% at Z>1; 0% at Z>1.5; 0% at Z>2; 0% at Z>2.5; 0% at Z>3; 
Avg Mean of Q values: 1223.72
Elapsed time: 04:10:24.513
loaded 100000 samples from /home/temizoz/DynaPlexFork/IO_DynaPlex/lost_sales_general_gjEXWOJcOsFVK4rIHVXJepxXH1HTb-2pNxRYxoBo5cE__/samples_gen3.json
{"hidden_layers":[256,128,128,128],"type":"mlp"}
EPOCHS: 0 - Training Loss: 2.82381 (5%) - Validation Loss: 2.77463 (6%) - Cost Imp.: 3.31076 Time: 00:00:01.081
EPOCHS: 5 - Training Loss: 2.36752 (9%) - Validation Loss: 2.31509 (9%) - Cost Imp.: 0.0133824 Time: 00:00:06.432
EPOCHS: 10 - Training Loss: 2.31506 (9%) - Validation Loss: 2.29207 (10%) - Cost Imp.: -0.0763623 Time: 00:00:11.768
EPOCHS: 15 - Training Loss: 2.3014 (10%) - Validation Loss: 2.29484 (10%) - Cost Imp.: -0.0774356 Time: 00:00:17.095
EPOCHS: 20 - Training Loss: 2.29845 (10%) - Validation Loss: 2.29189 (10%) - Cost Imp.: -0.0421606 Time: 00:00:22.437
EPOCHS: 25 - Training Loss: 2.29934 (10%) - Validation Loss: 2.33411 (9%) - Cost Imp.: 0.172122 Time: 00:00:27.764
EPOCHS: 30 - Training Loss: 2.28836 (10%) - Validation Loss: 2.28765 (10%) - Cost Imp.: 0.0219653 Time: 00:00:33.087
EPOCHS: 35 - Training Loss: 2.28989 (10%) - Validation Loss: 2.37192 (9%) - Cost Imp.: 0.267443 Time: 00:00:38.428
EPOCHS: 40 - Training Loss: 2.28228 (10%) - Validation Loss: 2.28946 (10%) - Cost Imp.: -0.0398733 Time: 00:00:43.768
Actual Epochs/Max Epochs: 43/100 - Best Training Loss: 2.27717 (10%) - Best Validation Loss: 2.28179 (10%) - Best Cost Improvement : -0.089815
Saved policy stats:  - Training Loss: 2.28807 (10%) - Validation Loss: 2.28179 (10%) - Cost Improvement : -0.0392966
Training finished, total time elapsed: 04:11:15.135
Generating 100000 samples based on policy type: NN_Policy
Progress (node 0 only):
>>>>>10>>>>>20>>>>>30>>>>>40>>>>>50>>>>>60>>>>>70>>>>>80>>>>>90>>>>>100
Simulator statistics 
100000 samples; 26% at Z>0.5; 3% at Z>1; 0% at Z>1.5; 0% at Z>2; 0% at Z>2.5; 0% at Z>3; 
Avg Mean of Q values: 1225.13
Elapsed time: 04:12:39.955
loaded 100000 samples from /home/temizoz/DynaPlexFork/IO_DynaPlex/lost_sales_general_gjEXWOJcOsFVK4rIHVXJepxXH1HTb-2pNxRYxoBo5cE__/samples_gen4.json
{"hidden_layers":[256,128,128,128],"type":"mlp"}
EPOCHS: 0 - Training Loss: 2.82018 (5%) - Validation Loss: 2.75178 (6%) - Cost Imp.: 1.89296 Time: 00:00:01.085
EPOCHS: 5 - Training Loss: 2.36584 (9%) - Validation Loss: 2.32458 (9%) - Cost Imp.: 0.0271071 Time: 00:00:06.444
EPOCHS: 10 - Training Loss: 2.31715 (9%) - Validation Loss: 2.392 (9%) - Cost Imp.: 0.309326 Time: 00:00:11.802
EPOCHS: 15 - Training Loss: 2.313 (9%) - Validation Loss: 2.30765 (9%) - Cost Imp.: 0.041101 Time: 00:00:17.158
EPOCHS: 20 - Training Loss: 2.30568 (9%) - Validation Loss: 2.35197 (9%) - Cost Imp.: 0.197331 Time: 00:00:22.543
EPOCHS: 25 - Training Loss: 2.29988 (10%) - Validation Loss: 2.33502 (9%) - Cost Imp.: -0.0193338 Time: 00:00:27.905
EPOCHS: 30 - Training Loss: 2.29661 (10%) - Validation Loss: 2.31263 (9%) - Cost Imp.: -0.000484506 Time: 00:00:33.260
EPOCHS: 35 - Training Loss: 2.29519 (10%) - Validation Loss: 2.2901 (10%) - Cost Imp.: 0.00882527 Time: 00:00:38.614
EPOCHS: 40 - Training Loss: 2.28488 (10%) - Validation Loss: 2.29953 (10%) - Cost Imp.: 0.0364455 Time: 00:00:43.960
EPOCHS: 45 - Training Loss: 2.28752 (10%) - Validation Loss: 2.29475 (10%) - Cost Imp.: 0.0258163 Time: 00:00:49.312
EPOCHS: 50 - Training Loss: 2.28149 (10%) - Validation Loss: 2.30641 (9%) - Cost Imp.: -0.0156192 Time: 00:00:54.673
Actual Epochs/Max Epochs: 51/100 - Best Training Loss: 2.27751 (10%) - Best Validation Loss: 2.2901 (10%) - Best Cost Improvement : -0.0423014
Saved policy stats:  - Training Loss: 2.29519 (10%) - Validation Loss: 2.2901 (10%) - Cost Improvement : 0.00882527
Training finished, total time elapsed: 04:13:39.393
{"mean":62.30554480000005,"mean_stat_1":0.9888497290902434,"policy":{"id":"greedy_capped_base_stock"}}
{"mean":58.43012180000009,"mean_difference":-3.8754229999999623,"mean_gap":-6.22002907195502,"mean_stat_1":0.976376315952513,"policy":{"gen":1,"id":"NN_Policy","nn_architecture":{"hidden_layers":[256,128,128,128],"type":"mlp"},"num_inputs":11,"num_outputs":34}}
{"mean":58.321210000000086,"mean_difference":-3.9843347999999636,"mean_gap":-6.394831812785882,"mean_stat_1":0.9736321124092806,"policy":{"gen":2,"id":"NN_Policy","nn_architecture":{"hidden_layers":[256,128,128,128],"type":"mlp"},"num_inputs":11,"num_outputs":34}}
{"mean":58.3238898,"mean_difference":-3.981655000000046,"mean_gap":-6.390530750964627,"mean_stat_1":0.9735554463564484,"policy":{"gen":3,"id":"NN_Policy","nn_architecture":{"hidden_layers":[256,128,128,128],"type":"mlp"},"num_inputs":11,"num_outputs":34}}
{"mean":58.32755020000006,"mean_difference":-3.977994599999988,"mean_gap":-6.384655832429195,"mean_stat_1":0.9741057463851912,"policy":{"gen":4,"id":"NN_Policy","nn_architecture":{"hidden_layers":[256,128,128,128],"type":"mlp"},"num_inputs":11,"num_outputs":34}}
{"mean":58.32306960000002,"mean_difference":-3.9824752000000316,"mean_gap":-6.391847166706787,"mean_stat_1":0.9738232842844439,"policy":{"gen":5,"id":"NN_Policy","nn_architecture":{"hidden_layers":[256,128,128,128],"type":"mlp"},"num_inputs":11,"num_outputs":34}}
Best network:  2
{"demand_cycles":[0,1,2],"leadtime":6,"leadtime_distribution":[0.0,0.0,0.2,0.2,0.2,0.2,0.2,0.0,0.0,0.0,0.0],"mean_demand":[8.0,10.0,6.0],"order_crossover":false,"p":69.0,"stdDemand":[2.8284271247461903,10.488088481701515,4.242640687119285]}
Generating 100000 samples based on policy type: greedy_capped_base_stock
Progress (node 0 only):
>>>>>10>>>>>20>>>>>30>>>>>40>>>>>50>>>>>60>>>>>70>>>>>80>>>>>90>>>>>100
Simulator statistics 
100000 samples; 25% at Z>0.5; 5% at Z>1; 1% at Z>1.5; 0% at Z>2; 0% at Z>2.5; 0% at Z>3; 
Avg Mean of Q values: 1127.45
Elapsed time: 04:13:59.857
loaded 100000 samples from /home/temizoz/DynaPlexFork/IO_DynaPlex/lost_sales_general_Hp8ZsuPc1NSVD03NzhSfAnctHnSSqCwbTxo4xFWr=-Q__/samples_gen0.json
{"hidden_layers":[256,128,128,128],"type":"mlp"}
EPOCHS: 0 - Training Loss: 2.63431 (7%) - Validation Loss: 2.60655 (7%) - Cost Imp.: -2.88916 Time: 00:00:01.066
EPOCHS: 5 - Training Loss: 2.29884 (10%) - Validation Loss: 2.27127 (10%) - Cost Imp.: -3.78677 Time: 00:00:06.392
EPOCHS: 10 - Training Loss: 2.21667 (10%) - Validation Loss: 2.21035 (10%) - Cost Imp.: -3.96421 Time: 00:00:11.686
EPOCHS: 15 - Training Loss: 2.19805 (11%) - Validation Loss: 2.21253 (10%) - Cost Imp.: -4.0046 Time: 00:00:16.974
EPOCHS: 20 - Training Loss: 2.18624 (11%) - Validation Loss: 2.21945 (10%) - Cost Imp.: -4.1425 Time: 00:00:22.257
EPOCHS: 25 - Training Loss: 2.18419 (11%) - Validation Loss: 2.21026 (10%) - Cost Imp.: -4.0775 Time: 00:00:27.538
EPOCHS: 30 - Training Loss: 2.17586 (11%) - Validation Loss: 2.28751 (10%) - Cost Imp.: -4.14069 Time: 00:00:32.825
EPOCHS: 35 - Training Loss: 2.17611 (11%) - Validation Loss: 2.20488 (11%) - Cost Imp.: -4.05788 Time: 00:00:38.103
EPOCHS: 40 - Training Loss: 2.1674 (11%) - Validation Loss: 2.20738 (10%) - Cost Imp.: -4.08089 Time: 00:00:43.372
EPOCHS: 45 - Training Loss: 2.16983 (11%) - Validation Loss: 2.24913 (10%) - Cost Imp.: -3.65292 Time: 00:00:48.639
Actual Epochs/Max Epochs: 47/100 - Best Training Loss: 2.16447 (11%) - Best Validation Loss: 2.1959 (11%) - Best Cost Improvement : -4.1425
Saved policy stats:  - Training Loss: 2.17713 (11%) - Validation Loss: 2.1959 (11%) - Cost Improvement : -3.89387
Training finished, total time elapsed: 04:14:53.721
Generating 100000 samples based on policy type: NN_Policy
Progress (node 0 only):
>>>>>10>>>>>20>>>>>30>>>>>40>>>>>50>>>>>60>>>>>70>>>>>80>>>>>90>>>>>100
Simulator statistics 
100000 samples; 27% at Z>0.5; 3% at Z>1; 0% at Z>1.5; 0% at Z>2; 0% at Z>2.5; 0% at Z>3; 
Avg Mean of Q values: 1065.16
Elapsed time: 04:16:11.635
loaded 100000 samples from /home/temizoz/DynaPlexFork/IO_DynaPlex/lost_sales_general_Hp8ZsuPc1NSVD03NzhSfAnctHnSSqCwbTxo4xFWr=-Q__/samples_gen1.json
{"hidden_layers":[256,128,128,128],"type":"mlp"}
EPOCHS: 0 - Training Loss: 2.70008 (6%) - Validation Loss: 2.61801 (7%) - Cost Imp.: 1.28356 Time: 00:00:01.064
EPOCHS: 5 - Training Loss: 2.18553 (11%) - Validation Loss: 2.24364 (10%) - Cost Imp.: 0.0674003 Time: 00:00:06.340
EPOCHS: 10 - Training Loss: 2.15473 (11%) - Validation Loss: 2.15677 (11%) - Cost Imp.: -0.0376112 Time: 00:00:11.620
EPOCHS: 15 - Training Loss: 2.14568 (11%) - Validation Loss: 2.1434 (11%) - Cost Imp.: -0.0541997 Time: 00:00:16.903
EPOCHS: 20 - Training Loss: 2.13413 (11%) - Validation Loss: 2.13589 (11%) - Cost Imp.: -0.058567 Time: 00:00:22.176
EPOCHS: 25 - Training Loss: 2.13159 (11%) - Validation Loss: 2.13732 (11%) - Cost Imp.: -0.0858876 Time: 00:00:27.446
EPOCHS: 30 - Training Loss: 2.12836 (11%) - Validation Loss: 2.15192 (11%) - Cost Imp.: -0.0615824 Time: 00:00:32.720
EPOCHS: 35 - Training Loss: 2.12599 (11%) - Validation Loss: 2.1246 (11%) - Cost Imp.: -0.0432701 Time: 00:00:37.985
EPOCHS: 40 - Training Loss: 2.12539 (11%) - Validation Loss: 2.1423 (11%) - Cost Imp.: 0.0313821 Time: 00:00:43.247
EPOCHS: 45 - Training Loss: 2.11436 (12%) - Validation Loss: 2.15112 (11%) - Cost Imp.: -0.0687546 Time: 00:00:48.517
EPOCHS: 50 - Training Loss: 2.11538 (12%) - Validation Loss: 2.12523 (11%) - Cost Imp.: -0.0535675 Time: 00:00:53.756
EPOCHS: 55 - Training Loss: 2.11151 (12%) - Validation Loss: 2.14752 (11%) - Cost Imp.: 0.0305413 Time: 00:00:59.022
EPOCHS: 60 - Training Loss: 2.11193 (12%) - Validation Loss: 2.12341 (11%) - Cost Imp.: -0.0785569 Time: 00:01:04.273
EPOCHS: 65 - Training Loss: 2.10696 (12%) - Validation Loss: 2.13767 (11%) - Cost Imp.: -0.00503488 Time: 00:01:09.517
EPOCHS: 70 - Training Loss: 2.10872 (12%) - Validation Loss: 2.13629 (11%) - Cost Imp.: -0.0452345 Time: 00:01:14.759
EPOCHS: 75 - Training Loss: 2.10745 (12%) - Validation Loss: 2.14546 (11%) - Cost Imp.: -0.0627975 Time: 00:01:19.994
Actual Epochs/Max Epochs: 79/100 - Best Training Loss: 2.1049 (12%) - Best Validation Loss: 2.12134 (11%) - Best Cost Improvement : -0.0858876
Saved policy stats:  - Training Loss: 2.10937 (12%) - Validation Loss: 2.12134 (11%) - Cost Improvement : -0.0515978
Training finished, total time elapsed: 04:17:39.177
Generating 100000 samples based on policy type: NN_Policy
Progress (node 0 only):
>>>>>10>>>>>20>>>>>30>>>>>40>>>>>50>>>>>60>>>>>70>>>>>80>>>>>90>>>>>100
Simulator statistics 
100000 samples; 27% at Z>0.5; 3% at Z>1; 0% at Z>1.5; 0% at Z>2; 0% at Z>2.5; 0% at Z>3; 
Avg Mean of Q values: 1061.67
Elapsed time: 04:18:57.649
loaded 100000 samples from /home/temizoz/DynaPlexFork/IO_DynaPlex/lost_sales_general_Hp8ZsuPc1NSVD03NzhSfAnctHnSSqCwbTxo4xFWr=-Q__/samples_gen2.json
{"hidden_layers":[256,128,128,128],"type":"mlp"}
EPOCHS: 0 - Training Loss: 2.70459 (6%) - Validation Loss: 2.64092 (7%) - Cost Imp.: 1.20444 Time: 00:00:01.062
EPOCHS: 5 - Training Loss: 2.21744 (10%) - Validation Loss: 2.16821 (11%) - Cost Imp.: -0.0108863 Time: 00:00:06.336
EPOCHS: 10 - Training Loss: 2.15287 (11%) - Validation Loss: 2.1236 (11%) - Cost Imp.: -0.0601686 Time: 00:00:11.605
EPOCHS: 15 - Training Loss: 2.14341 (11%) - Validation Loss: 2.13204 (11%) - Cost Imp.: -0.0168983 Time: 00:00:16.862
EPOCHS: 20 - Training Loss: 2.13244 (11%) - Validation Loss: 2.15338 (11%) - Cost Imp.: 0.0796906 Time: 00:00:22.120
EPOCHS: 25 - Training Loss: 2.13804 (11%) - Validation Loss: 2.12594 (11%) - Cost Imp.: -0.0689627 Time: 00:00:27.380
EPOCHS: 30 - Training Loss: 2.12217 (11%) - Validation Loss: 2.14029 (11%) - Cost Imp.: -0.0055071 Time: 00:00:32.631
EPOCHS: 35 - Training Loss: 2.12607 (11%) - Validation Loss: 2.12472 (11%) - Cost Imp.: -0.0495922 Time: 00:00:37.892
EPOCHS: 40 - Training Loss: 2.11706 (12%) - Validation Loss: 2.09944 (12%) - Cost Imp.: -0.0762682 Time: 00:00:43.150
EPOCHS: 45 - Training Loss: 2.11561 (12%) - Validation Loss: 2.10872 (12%) - Cost Imp.: -0.111562 Time: 00:00:48.386
EPOCHS: 50 - Training Loss: 2.11149 (12%) - Validation Loss: 2.15082 (11%) - Cost Imp.: 0.0611519 Time: 00:00:53.631
EPOCHS: 55 - Training Loss: 2.10838 (12%) - Validation Loss: 2.09897 (12%) - Cost Imp.: -0.0818342 Time: 00:00:58.868
EPOCHS: 60 - Training Loss: 2.10528 (12%) - Validation Loss: 2.14035 (11%) - Cost Imp.: -0.0840072 Time: 00:01:04.086
EPOCHS: 65 - Training Loss: 2.10504 (12%) - Validation Loss: 2.1066 (12%) - Cost Imp.: -0.0557671 Time: 00:01:09.318
EPOCHS: 70 - Training Loss: 2.10442 (12%) - Validation Loss: 2.12805 (11%) - Cost Imp.: -0.110262 Time: 00:01:14.547
Actual Epochs/Max Epochs: 71/100 - Best Training Loss: 2.1015 (12%) - Best Validation Loss: 2.09897 (12%) - Best Cost Improvement : -0.122085
Saved policy stats:  - Training Loss: 2.10838 (12%) - Validation Loss: 2.09897 (12%) - Cost Improvement : -0.0818342
Training finished, total time elapsed: 04:20:16.590
Generating 100000 samples based on policy type: NN_Policy
Progress (node 0 only):
>>>>>10>>>>>20>>>>>30>>>>>40>>>>>50>>>>>60>>>>>70>>>>>80>>>>>90>>>>>100
Simulator statistics 
100000 samples; 27% at Z>0.5; 3% at Z>1; 0% at Z>1.5; 0% at Z>2; 0% at Z>2.5; 0% at Z>3; 
Avg Mean of Q values: 1061.25
Elapsed time: 04:21:39.764
loaded 100000 samples from /home/temizoz/DynaPlexFork/IO_DynaPlex/lost_sales_general_Hp8ZsuPc1NSVD03NzhSfAnctHnSSqCwbTxo4xFWr=-Q__/samples_gen3.json
{"hidden_layers":[256,128,128,128],"type":"mlp"}
EPOCHS: 0 - Training Loss: 2.70596 (6%) - Validation Loss: 2.64376 (7%) - Cost Imp.: 2.48415 Time: 00:00:01.077
EPOCHS: 5 - Training Loss: 2.22491 (10%) - Validation Loss: 2.19024 (11%) - Cost Imp.: 0.0404255 Time: 00:00:06.352
EPOCHS: 10 - Training Loss: 2.14897 (11%) - Validation Loss: 2.21382 (10%) - Cost Imp.: 0.0243779 Time: 00:00:11.608
EPOCHS: 15 - Training Loss: 2.14446 (11%) - Validation Loss: 2.21236 (10%) - Cost Imp.: 0.209889 Time: 00:00:16.847
EPOCHS: 20 - Training Loss: 2.13535 (11%) - Validation Loss: 2.14735 (11%) - Cost Imp.: -0.0111014 Time: 00:00:22.079
EPOCHS: 25 - Training Loss: 2.13127 (11%) - Validation Loss: 2.13883 (11%) - Cost Imp.: 0.0420167 Time: 00:00:27.314
EPOCHS: 30 - Training Loss: 2.12735 (11%) - Validation Loss: 2.13604 (11%) - Cost Imp.: -0.0235481 Time: 00:00:32.543
EPOCHS: 35 - Training Loss: 2.11825 (12%) - Validation Loss: 2.12197 (11%) - Cost Imp.: -0.002544 Time: 00:00:37.786
EPOCHS: 40 - Training Loss: 2.11616 (12%) - Validation Loss: 2.14227 (11%) - Cost Imp.: 0.0338673 Time: 00:00:43.023
EPOCHS: 45 - Training Loss: 2.11248 (12%) - Validation Loss: 2.13151 (11%) - Cost Imp.: 0.00305516 Time: 00:00:48.263
EPOCHS: 50 - Training Loss: 2.11585 (12%) - Validation Loss: 2.1661 (11%) - Cost Imp.: 0.109426 Time: 00:00:53.494
EPOCHS: 55 - Training Loss: 2.10862 (12%) - Validation Loss: 2.1305 (11%) - Cost Imp.: -0.0217707 Time: 00:00:58.738
EPOCHS: 60 - Training Loss: 2.10573 (12%) - Validation Loss: 2.1231 (11%) - Cost Imp.: -0.00563284 Time: 00:01:03.981
Actual Epochs/Max Epochs: 65/100 - Best Training Loss: 2.10166 (12%) - Best Validation Loss: 2.1175 (12%) - Best Cost Improvement : -0.0469405
Saved policy stats:  - Training Loss: 2.10963 (12%) - Validation Loss: 2.1175 (12%) - Cost Improvement : -0.00301501
Training finished, total time elapsed: 04:22:52.375
Generating 100000 samples based on policy type: NN_Policy
Progress (node 0 only):
>>>>>10>>>>>20>>>>>30>>>>>40>>>>>50>>>>>60>>>>>70>>>>>80>>>>>90>>>>>100
Simulator statistics 
100000 samples; 27% at Z>0.5; 3% at Z>1; 0% at Z>1.5; 0% at Z>2; 0% at Z>2.5; 0% at Z>3; 
Avg Mean of Q values: 1062.16
Elapsed time: 04:24:14.163
loaded 100000 samples from /home/temizoz/DynaPlexFork/IO_DynaPlex/lost_sales_general_Hp8ZsuPc1NSVD03NzhSfAnctHnSSqCwbTxo4xFWr=-Q__/samples_gen4.json
{"hidden_layers":[256,128,128,128],"type":"mlp"}
EPOCHS: 0 - Training Loss: 2.70249 (6%) - Validation Loss: 2.61759 (7%) - Cost Imp.: 1.15529 Time: 00:00:01.055
EPOCHS: 5 - Training Loss: 2.23144 (10%) - Validation Loss: 2.19472 (11%) - Cost Imp.: 0.014533 Time: 00:00:06.291
EPOCHS: 10 - Training Loss: 2.16217 (11%) - Validation Loss: 2.13558 (11%) - Cost Imp.: 0.0576131 Time: 00:00:11.509
EPOCHS: 15 - Training Loss: 2.14768 (11%) - Validation Loss: 2.18899 (11%) - Cost Imp.: 0.198443 Time: 00:00:16.739
EPOCHS: 20 - Training Loss: 2.14605 (11%) - Validation Loss: 2.11557 (12%) - Cost Imp.: -0.0171758 Time: 00:00:21.969
EPOCHS: 25 - Training Loss: 2.14021 (11%) - Validation Loss: 2.15183 (11%) - Cost Imp.: -0.0334439 Time: 00:00:27.195
EPOCHS: 30 - Training Loss: 2.12708 (11%) - Validation Loss: 2.10652 (12%) - Cost Imp.: -0.00784705 Time: 00:00:32.450
EPOCHS: 35 - Training Loss: 2.12622 (11%) - Validation Loss: 2.17728 (11%) - Cost Imp.: -0.0190291 Time: 00:00:37.696
EPOCHS: 40 - Training Loss: 2.12584 (11%) - Validation Loss: 2.11159 (12%) - Cost Imp.: -0.022847 Time: 00:00:42.945
Actual Epochs/Max Epochs: 45/100 - Best Training Loss: 2.11833 (12%) - Best Validation Loss: 2.10441 (12%) - Best Cost Improvement : -0.040433
Saved policy stats:  - Training Loss: 2.13072 (11%) - Validation Loss: 2.10441 (12%) - Cost Improvement : -0.00383503
Training finished, total time elapsed: 04:25:05.703
{"mean":54.16080300000006,"mean_stat_1":0.9899872055294748,"policy":{"id":"greedy_capped_base_stock"}}
{"mean":50.64103180000004,"mean_difference":-3.519771200000015,"mean_gap":-6.498742642349692,"mean_stat_1":0.9796043533070863,"policy":{"gen":1,"id":"NN_Policy","nn_architecture":{"hidden_layers":[256,128,128,128],"type":"mlp"},"num_inputs":7,"num_outputs":34}}
{"mean":50.53055620000007,"mean_difference":-3.6302467999999877,"mean_gap":-6.702719677180531,"mean_stat_1":0.9767709885625395,"policy":{"gen":2,"id":"NN_Policy","nn_architecture":{"hidden_layers":[256,128,128,128],"type":"mlp"},"num_inputs":7,"num_outputs":34}}
{"mean":50.52952479999999,"mean_difference":-3.631278200000068,"mean_gap":-6.704624006405637,"mean_stat_1":0.9766638424513857,"policy":{"gen":3,"id":"NN_Policy","nn_architecture":{"hidden_layers":[256,128,128,128],"type":"mlp"},"num_inputs":7,"num_outputs":34}}
{"mean":50.53289139999993,"mean_difference":-3.6279116000001252,"mean_gap":-6.698408071978035,"mean_stat_1":0.9770715888096634,"policy":{"gen":4,"id":"NN_Policy","nn_architecture":{"hidden_layers":[256,128,128,128],"type":"mlp"},"num_inputs":7,"num_outputs":34}}
{"mean":50.53077299999999,"mean_difference":-3.630030000000069,"mean_gap":-6.702319387694574,"mean_stat_1":0.9765333941018897,"policy":{"gen":5,"id":"NN_Policy","nn_architecture":{"hidden_layers":[256,128,128,128],"type":"mlp"},"num_inputs":7,"num_outputs":34}}
Best network:  3
{"demand_cycles":[0,1,2],"leadtime":6,"leadtime_distribution":[0.0,0.0,0.0,0.0,0.1,0.2,0.3,0.3,0.1,0.0,0.0],"mean_demand":[8.0,10.0,6.0],"order_crossover":false,"p":69.0,"stdDemand":[2.8284271247461903,10.488088481701515,4.242640687119285]}
Generating 100000 samples based on policy type: greedy_capped_base_stock
Progress (node 0 only):
>>>>>10>>>>>20>>>>>30>>>>>40>>>>>50>>>>>60>>>>>70>>>>>80>>>>>90>>>>>100
Simulator statistics 
100000 samples; 26% at Z>0.5; 5% at Z>1; 1% at Z>1.5; 1% at Z>2; 0% at Z>2.5; 0% at Z>3; 
Avg Mean of Q values: 1199.56
Elapsed time: 04:25:26.486
loaded 100000 samples from /home/temizoz/DynaPlexFork/IO_DynaPlex/lost_sales_general_tfj7thXSjVQJC1raq7OsAOtuG5vnwOyItmt4bTo1o7c__/samples_gen0.json
{"hidden_layers":[256,128,128,128],"type":"mlp"}
EPOCHS: 0 - Training Loss: 2.67446 (6%) - Validation Loss: 2.64515 (7%) - Cost Imp.: -4.17679 Time: 00:00:01.081
EPOCHS: 5 - Training Loss: 2.28138 (10%) - Validation Loss: 2.32241 (9%) - Cost Imp.: -5.25023 Time: 00:00:06.419
EPOCHS: 10 - Training Loss: 2.20977 (10%) - Validation Loss: 2.2046 (11%) - Cost Imp.: -5.54956 Time: 00:00:11.737
EPOCHS: 15 - Training Loss: 2.20949 (10%) - Validation Loss: 2.21754 (10%) - Cost Imp.: -5.68639 Time: 00:00:17.042
EPOCHS: 20 - Training Loss: 2.18392 (11%) - Validation Loss: 2.18228 (11%) - Cost Imp.: -5.63141 Time: 00:00:22.336
EPOCHS: 25 - Training Loss: 2.18211 (11%) - Validation Loss: 2.18132 (11%) - Cost Imp.: -5.58086 Time: 00:00:27.619
EPOCHS: 30 - Training Loss: 2.18069 (11%) - Validation Loss: 2.23615 (10%) - Cost Imp.: -5.72031 Time: 00:00:32.936
EPOCHS: 35 - Training Loss: 2.17212 (11%) - Validation Loss: 2.18281 (11%) - Cost Imp.: -5.58732 Time: 00:00:38.250
EPOCHS: 40 - Training Loss: 2.16219 (11%) - Validation Loss: 2.20335 (11%) - Cost Imp.: -5.60529 Time: 00:00:43.569
Actual Epochs/Max Epochs: 41/100 - Best Training Loss: 2.15726 (11%) - Best Validation Loss: 2.18132 (11%) - Best Cost Improvement : -5.72031
Saved policy stats:  - Training Loss: 2.18211 (11%) - Validation Loss: 2.18132 (11%) - Cost Improvement : -5.58086
Training finished, total time elapsed: 04:26:14.587
Generating 100000 samples based on policy type: NN_Policy
Progress (node 0 only):
>>>>>10>>>>>20>>>>>30>>>>>40>>>>>50>>>>>60>>>>>70>>>>>80>>>>>90>>>>>100
Simulator statistics 
100000 samples; 28% at Z>0.5; 3% at Z>1; 0% at Z>1.5; 0% at Z>2; 0% at Z>2.5; 0% at Z>3; 
Avg Mean of Q values: 1113.27
Elapsed time: 04:27:53.639
loaded 100000 samples from /home/temizoz/DynaPlexFork/IO_DynaPlex/lost_sales_general_tfj7thXSjVQJC1raq7OsAOtuG5vnwOyItmt4bTo1o7c__/samples_gen1.json
{"hidden_layers":[256,128,128,128],"type":"mlp"}
EPOCHS: 0 - Training Loss: 2.73351 (6%) - Validation Loss: 2.66462 (6%) - Cost Imp.: 2.19171 Time: 00:00:01.080
EPOCHS: 5 - Training Loss: 2.23586 (10%) - Validation Loss: 2.20734 (10%) - Cost Imp.: -0.184291 Time: 00:00:07.192
EPOCHS: 10 - Training Loss: 2.17613 (11%) - Validation Loss: 2.28333 (10%) - Cost Imp.: -0.265212 Time: 00:00:12.527
EPOCHS: 15 - Training Loss: 2.15324 (11%) - Validation Loss: 2.1584 (11%) - Cost Imp.: -0.249496 Time: 00:00:18.553
EPOCHS: 20 - Training Loss: 2.13444 (11%) - Validation Loss: 2.11806 (12%) - Cost Imp.: -0.301624 Time: 00:00:23.869
EPOCHS: 25 - Training Loss: 2.1322 (11%) - Validation Loss: 2.14978 (11%) - Cost Imp.: -0.196925 Time: 00:00:29.215
EPOCHS: 30 - Training Loss: 2.11961 (12%) - Validation Loss: 2.13677 (11%) - Cost Imp.: -0.263197 Time: 00:00:34.567
EPOCHS: 35 - Training Loss: 2.1133 (12%) - Validation Loss: 2.13206 (11%) - Cost Imp.: -0.248697 Time: 00:00:39.923
EPOCHS: 40 - Training Loss: 2.11995 (12%) - Validation Loss: 2.14351 (11%) - Cost Imp.: -0.352856 Time: 00:00:45.286
EPOCHS: 45 - Training Loss: 2.10711 (12%) - Validation Loss: 2.12832 (11%) - Cost Imp.: -0.341833 Time: 00:00:50.644
EPOCHS: 50 - Training Loss: 2.10277 (12%) - Validation Loss: 2.13465 (11%) - Cost Imp.: -0.266114 Time: 00:00:56.007
Actual Epochs/Max Epochs: 53/100 - Best Training Loss: 2.09809 (12%) - Best Validation Loss: 2.1147 (12%) - Best Cost Improvement : -0.372438
Saved policy stats:  - Training Loss: 2.11338 (12%) - Validation Loss: 2.1147 (12%) - Cost Improvement : -0.297959
Training finished, total time elapsed: 04:28:56.822
Generating 100000 samples based on policy type: NN_Policy
Progress (node 0 only):
>>>>>10>>>>>20>>>>>30>>>>>40>>>>>50>>>>>60>>>>>70>>>>>80>>>>>90>>>>>100
Simulator statistics 
100000 samples; 28% at Z>0.5; 3% at Z>1; 0% at Z>1.5; 0% at Z>2; 0% at Z>2.5; 0% at Z>3; 
Avg Mean of Q values: 1105.47
Elapsed time: 04:30:33.641
loaded 100000 samples from /home/temizoz/DynaPlexFork/IO_DynaPlex/lost_sales_general_tfj7thXSjVQJC1raq7OsAOtuG5vnwOyItmt4bTo1o7c__/samples_gen2.json
{"hidden_layers":[256,128,128,128],"type":"mlp"}
EPOCHS: 0 - Training Loss: 2.71293 (6%) - Validation Loss: 2.64176 (7%) - Cost Imp.: 2.61152 Time: 00:00:01.091
EPOCHS: 5 - Training Loss: 2.24248 (10%) - Validation Loss: 2.1536 (11%) - Cost Imp.: 0.037597 Time: 00:00:06.508
EPOCHS: 10 - Training Loss: 2.14243 (11%) - Validation Loss: 2.09836 (12%) - Cost Imp.: -0.0605094 Time: 00:00:11.884
EPOCHS: 15 - Training Loss: 2.12168 (11%) - Validation Loss: 2.21804 (10%) - Cost Imp.: 0.251794 Time: 00:00:17.260
EPOCHS: 20 - Training Loss: 2.10168 (12%) - Validation Loss: 2.08115 (12%) - Cost Imp.: -0.0524272 Time: 00:00:22.652
EPOCHS: 25 - Training Loss: 2.09555 (12%) - Validation Loss: 2.07255 (12%) - Cost Imp.: -0.00517696 Time: 00:00:28.035
EPOCHS: 30 - Training Loss: 2.08643 (12%) - Validation Loss: 2.0589 (12%) - Cost Imp.: -0.0314668 Time: 00:00:33.424
EPOCHS: 35 - Training Loss: 2.08733 (12%) - Validation Loss: 2.09671 (12%) - Cost Imp.: -0.0637086 Time: 00:00:38.783
EPOCHS: 40 - Training Loss: 2.07911 (12%) - Validation Loss: 2.16869 (11%) - Cost Imp.: -0.0214328 Time: 00:00:44.165
EPOCHS: 45 - Training Loss: 2.06882 (12%) - Validation Loss: 2.07312 (12%) - Cost Imp.: -0.0521826 Time: 00:00:49.540
EPOCHS: 50 - Training Loss: 2.06807 (12%) - Validation Loss: 2.07694 (12%) - Cost Imp.: -0.0402506 Time: 00:00:54.922
Actual Epochs/Max Epochs: 52/100 - Best Training Loss: 2.06417 (12%) - Best Validation Loss: 2.05816 (12%) - Best Cost Improvement : -0.0828141
Saved policy stats:  - Training Loss: 2.08129 (12%) - Validation Loss: 2.05816 (12%) - Cost Improvement : -0.0584257
Training finished, total time elapsed: 04:31:34.676
Generating 100000 samples based on policy type: NN_Policy
Progress (node 0 only):
>>>>>10>>>>>20>>>>>30>>>>>40>>>>>50>>>>>60>>>>>70>>>>>80>>>>>90>>>>>100
Simulator statistics 
100000 samples; 27% at Z>0.5; 3% at Z>1; 0% at Z>1.5; 0% at Z>2; 0% at Z>2.5; 0% at Z>3; 
Avg Mean of Q values: 1105.33
Elapsed time: 04:33:11.180
loaded 100000 samples from /home/temizoz/DynaPlexFork/IO_DynaPlex/lost_sales_general_tfj7thXSjVQJC1raq7OsAOtuG5vnwOyItmt4bTo1o7c__/samples_gen3.json
{"hidden_layers":[256,128,128,128],"type":"mlp"}
EPOCHS: 0 - Training Loss: 2.70917 (6%) - Validation Loss: 2.63755 (7%) - Cost Imp.: 2.83864 Time: 00:00:01.087
EPOCHS: 5 - Training Loss: 2.21681 (10%) - Validation Loss: 2.31062 (9%) - Cost Imp.: 0.536919 Time: 00:00:06.465
EPOCHS: 10 - Training Loss: 2.11469 (12%) - Validation Loss: 2.06975 (12%) - Cost Imp.: 0.0187122 Time: 00:00:11.849
EPOCHS: 15 - Training Loss: 2.10316 (12%) - Validation Loss: 2.07871 (12%) - Cost Imp.: 0.0674883 Time: 00:00:17.234
EPOCHS: 20 - Training Loss: 2.0775 (12%) - Validation Loss: 2.06598 (12%) - Cost Imp.: -0.0200944 Time: 00:00:22.624
EPOCHS: 25 - Training Loss: 2.06903 (12%) - Validation Loss: 2.06356 (12%) - Cost Imp.: 0.0527241 Time: 00:00:27.997
EPOCHS: 30 - Training Loss: 2.05575 (12%) - Validation Loss: 2.04811 (12%) - Cost Imp.: 0.0107868 Time: 00:00:33.368
EPOCHS: 35 - Training Loss: 2.04654 (12%) - Validation Loss: 2.0433 (12%) - Cost Imp.: 0.00893099 Time: 00:00:38.746
Actual Epochs/Max Epochs: 40/100 - Best Training Loss: 2.0453 (12%) - Best Validation Loss: 2.0405 (12%) - Best Cost Improvement : -0.0372469
Saved policy stats:  - Training Loss: 2.06529 (12%) - Validation Loss: 2.0405 (12%) - Cost Improvement : -0.000560298
Training finished, total time elapsed: 04:33:59.218
Generating 100000 samples based on policy type: NN_Policy
Progress (node 0 only):
>>>>>10>>>>>20>>>>>30>>>>>40>>>>>50>>>>>60>>>>>70>>>>>80>>>>>90>>>>>100
Simulator statistics 
100000 samples; 28% at Z>0.5; 3% at Z>1; 0% at Z>1.5; 0% at Z>2; 0% at Z>2.5; 0% at Z>3; 
Avg Mean of Q values: 1106.18
Elapsed time: 04:35:39.413
loaded 100000 samples from /home/temizoz/DynaPlexFork/IO_DynaPlex/lost_sales_general_tfj7thXSjVQJC1raq7OsAOtuG5vnwOyItmt4bTo1o7c__/samples_gen4.json
{"hidden_layers":[256,128,128,128],"type":"mlp"}
EPOCHS: 0 - Training Loss: 2.69549 (6%) - Validation Loss: 2.61485 (7%) - Cost Imp.: 2.48449 Time: 00:00:01.083
EPOCHS: 5 - Training Loss: 2.18543 (11%) - Validation Loss: 2.11239 (12%) - Cost Imp.: 0.0139096 Time: 00:00:06.444
EPOCHS: 10 - Training Loss: 2.11453 (12%) - Validation Loss: 2.0826 (12%) - Cost Imp.: -0.0113393 Time: 00:00:11.794
EPOCHS: 15 - Training Loss: 2.10362 (12%) - Validation Loss: 2.14155 (11%) - Cost Imp.: 0.229635 Time: 00:00:17.162
EPOCHS: 20 - Training Loss: 2.07571 (12%) - Validation Loss: 2.07236 (12%) - Cost Imp.: -0.000531189 Time: 00:00:22.532
EPOCHS: 25 - Training Loss: 2.07469 (12%) - Validation Loss: 2.07258 (12%) - Cost Imp.: 0.0767156 Time: 00:00:27.903
EPOCHS: 30 - Training Loss: 2.06323 (12%) - Validation Loss: 2.21132 (10%) - Cost Imp.: -0.0245233 Time: 00:00:33.260
EPOCHS: 35 - Training Loss: 2.05248 (12%) - Validation Loss: 2.0822 (12%) - Cost Imp.: 0.0185438 Time: 00:00:38.623
EPOCHS: 40 - Training Loss: 2.04944 (12%) - Validation Loss: 2.052 (12%) - Cost Imp.: 0.0658063 Time: 00:00:43.971
EPOCHS: 45 - Training Loss: 2.05108 (12%) - Validation Loss: 2.05017 (12%) - Cost Imp.: 0.0322274 Time: 00:00:49.317
EPOCHS: 50 - Training Loss: 2.04627 (12%) - Validation Loss: 2.08816 (12%) - Cost Imp.: -0.0247198 Time: 00:00:54.692
Actual Epochs/Max Epochs: 53/100 - Best Training Loss: 2.03877 (13%) - Best Validation Loss: 2.04268 (12%) - Best Cost Improvement : -0.0566664
Saved policy stats:  - Training Loss: 2.06105 (12%) - Validation Loss: 2.04268 (12%) - Cost Improvement : -0.0181003
Training finished, total time elapsed: 04:36:41.253
{"mean":58.57645239999993,"mean_stat_1":0.9911336155546165,"policy":{"id":"greedy_capped_base_stock"}}
{"mean":53.0593668,"mean_difference":-5.51708559999993,"mean_gap":-9.418606579868495,"mean_stat_1":0.9803066361108784,"policy":{"gen":1,"id":"NN_Policy","nn_architecture":{"hidden_layers":[256,128,128,128],"type":"mlp"},"num_inputs":9,"num_outputs":35}}
{"mean":52.561923999999955,"mean_difference":-6.014528399999975,"mean_gap":-10.267826325378458,"mean_stat_1":0.9738670516513236,"policy":{"gen":2,"id":"NN_Policy","nn_architecture":{"hidden_layers":[256,128,128,128],"type":"mlp"},"num_inputs":9,"num_outputs":35}}
{"mean":52.54199119999999,"mean_difference":-6.034461199999939,"mean_gap":-10.301855016402369,"mean_stat_1":0.9745126067543525,"policy":{"gen":3,"id":"NN_Policy","nn_architecture":{"hidden_layers":[256,128,128,128],"type":"mlp"},"num_inputs":9,"num_outputs":35}}
{"mean":52.547652599999935,"mean_difference":-6.0287997999999945,"mean_gap":-10.292190040515328,"mean_stat_1":0.9743146266847321,"policy":{"gen":4,"id":"NN_Policy","nn_architecture":{"hidden_layers":[256,128,128,128],"type":"mlp"},"num_inputs":9,"num_outputs":35}}
{"mean":52.53899420000005,"mean_difference":-6.037458199999882,"mean_gap":-10.306971406824033,"mean_stat_1":0.974662578648188,"policy":{"gen":5,"id":"NN_Policy","nn_architecture":{"hidden_layers":[256,128,128,128],"type":"mlp"},"num_inputs":9,"num_outputs":35}}
Best network:  5
{"demand_cycles":[0,1,2],"leadtime":6,"leadtime_distribution":[0.0,0.0,0.0,0.0,0.0,0.0,0.0,0.1,0.2,0.3,0.4],"mean_demand":[8.0,10.0,6.0],"order_crossover":false,"p":69.0,"stdDemand":[2.8284271247461903,10.488088481701515,4.242640687119285]}
Generating 100000 samples based on policy type: greedy_capped_base_stock
Progress (node 0 only):
>>>>>10>>>>>20>>>>>30>>>>>40>>>>>50>>>>>60>>>>>70>>>>>80>>>>>90>>>>>100
Simulator statistics 
100000 samples; 25% at Z>0.5; 4% at Z>1; 1% at Z>1.5; 0% at Z>2; 0% at Z>2.5; 0% at Z>3; 
Avg Mean of Q values: 1296.91
Elapsed time: 04:37:02.915
loaded 100000 samples from /home/temizoz/DynaPlexFork/IO_DynaPlex/lost_sales_general_VZ3Zlp04ikIvJ-iZhHJp6Y5hYPuHCgV47gE-jmrfEE0__/samples_gen0.json
{"hidden_layers":[256,128,128,128],"type":"mlp"}
EPOCHS: 0 - Training Loss: 2.68787 (6%) - Validation Loss: 2.63453 (7%) - Cost Imp.: -7.15627 Time: 00:00:01.099
EPOCHS: 5 - Training Loss: 2.36258 (9%) - Validation Loss: 2.32967 (9%) - Cost Imp.: -8.16428 Time: 00:00:06.543
EPOCHS: 10 - Training Loss: 2.26207 (10%) - Validation Loss: 2.25479 (10%) - Cost Imp.: -8.27274 Time: 00:00:11.954
EPOCHS: 15 - Training Loss: 2.23677 (10%) - Validation Loss: 2.23999 (10%) - Cost Imp.: -8.24802 Time: 00:00:17.355
EPOCHS: 20 - Training Loss: 2.21583 (10%) - Validation Loss: 2.24647 (10%) - Cost Imp.: -8.26184 Time: 00:00:22.752
EPOCHS: 25 - Training Loss: 2.2028 (11%) - Validation Loss: 2.23394 (10%) - Cost Imp.: -8.27659 Time: 00:00:28.141
EPOCHS: 30 - Training Loss: 2.19891 (11%) - Validation Loss: 2.24519 (10%) - Cost Imp.: -8.23197 Time: 00:00:33.522
EPOCHS: 35 - Training Loss: 2.19073 (11%) - Validation Loss: 2.25178 (10%) - Cost Imp.: -8.25797 Time: 00:00:38.909
EPOCHS: 40 - Training Loss: 2.18043 (11%) - Validation Loss: 2.25477 (10%) - Cost Imp.: -8.36284 Time: 00:00:44.302
Actual Epochs/Max Epochs: 44/100 - Best Training Loss: 2.17333 (11%) - Best Validation Loss: 2.22997 (10%) - Best Cost Improvement : -8.3985
Saved policy stats:  - Training Loss: 2.19976 (11%) - Validation Loss: 2.22997 (10%) - Cost Improvement : -8.27428
Training finished, total time elapsed: 04:37:55.473
Generating 100000 samples based on policy type: NN_Policy
Progress (node 0 only):
>>>>>10>>>>>20>>>>>30>>>>>40>>>>>50>>>>>60>>>>>70>>>>>80>>>>>90>>>>>100
Simulator statistics 
100000 samples; 29% at Z>0.5; 3% at Z>1; 0% at Z>1.5; 0% at Z>2; 0% at Z>2.5; 0% at Z>3; 
Avg Mean of Q values: 1169.83
Elapsed time: 04:39:50.688
loaded 100000 samples from /home/temizoz/DynaPlexFork/IO_DynaPlex/lost_sales_general_VZ3Zlp04ikIvJ-iZhHJp6Y5hYPuHCgV47gE-jmrfEE0__/samples_gen1.json
{"hidden_layers":[256,128,128,128],"type":"mlp"}
EPOCHS: 0 - Training Loss: 2.64396 (7%) - Validation Loss: 2.57808 (7%) - Cost Imp.: 1.35009 Time: 00:00:01.094
EPOCHS: 5 - Training Loss: 2.3042 (9%) - Validation Loss: 2.2948 (10%) - Cost Imp.: -0.384718 Time: 00:00:06.514
EPOCHS: 10 - Training Loss: 2.15402 (11%) - Validation Loss: 2.17072 (11%) - Cost Imp.: -0.512056 Time: 00:00:11.925
EPOCHS: 15 - Training Loss: 2.11272 (12%) - Validation Loss: 2.2101 (10%) - Cost Imp.: -0.745568 Time: 00:00:17.326
EPOCHS: 20 - Training Loss: 2.08137 (12%) - Validation Loss: 2.12272 (11%) - Cost Imp.: -0.5454 Time: 00:00:22.724
EPOCHS: 25 - Training Loss: 2.06688 (12%) - Validation Loss: 2.10058 (12%) - Cost Imp.: -0.753897 Time: 00:00:28.130
EPOCHS: 30 - Training Loss: 2.06523 (12%) - Validation Loss: 2.08367 (12%) - Cost Imp.: -0.700436 Time: 00:00:33.547
EPOCHS: 35 - Training Loss: 2.04717 (12%) - Validation Loss: 2.1079 (12%) - Cost Imp.: -0.572701 Time: 00:00:38.970
EPOCHS: 40 - Training Loss: 2.0435 (12%) - Validation Loss: 2.08908 (12%) - Cost Imp.: -0.706244 Time: 00:00:44.379
Actual Epochs/Max Epochs: 44/100 - Best Training Loss: 2.03315 (13%) - Best Validation Loss: 2.07609 (12%) - Best Cost Improvement : -0.809849
Saved policy stats:  - Training Loss: 2.0672 (12%) - Validation Loss: 2.07609 (12%) - Cost Improvement : -0.708848
Training finished, total time elapsed: 04:40:44.239
Generating 100000 samples based on policy type: NN_Policy
Progress (node 0 only):
>>>>>10>>>>>20>>>>>30>>>>>40>>>>>50>>>>>60>>>>>70>>>>>80>>>>>90>>>>>100
Simulator statistics 
100000 samples; 29% at Z>0.5; 3% at Z>1; 0% at Z>1.5; 0% at Z>2; 0% at Z>2.5; 0% at Z>3; 
Avg Mean of Q values: 1161.73
Elapsed time: 04:42:37.786
loaded 100000 samples from /home/temizoz/DynaPlexFork/IO_DynaPlex/lost_sales_general_VZ3Zlp04ikIvJ-iZhHJp6Y5hYPuHCgV47gE-jmrfEE0__/samples_gen2.json
{"hidden_layers":[256,128,128,128],"type":"mlp"}
EPOCHS: 0 - Training Loss: 2.59819 (7%) - Validation Loss: 2.5438 (7%) - Cost Imp.: 1.28871 Time: 00:00:01.100
EPOCHS: 5 - Training Loss: 2.25464 (10%) - Validation Loss: 2.26524 (10%) - Cost Imp.: 0.28298 Time: 00:00:06.549
EPOCHS: 10 - Training Loss: 2.11331 (12%) - Validation Loss: 2.08161 (12%) - Cost Imp.: 0.131441 Time: 00:00:12.010
EPOCHS: 15 - Training Loss: 2.01861 (13%) - Validation Loss: 1.97376 (13%) - Cost Imp.: -0.0514745 Time: 00:00:17.453
EPOCHS: 20 - Training Loss: 1.98762 (13%) - Validation Loss: 1.99568 (13%) - Cost Imp.: -0.0831923 Time: 00:00:22.886
EPOCHS: 25 - Training Loss: 1.98187 (13%) - Validation Loss: 2.09619 (12%) - Cost Imp.: 0.167265 Time: 00:00:28.318
EPOCHS: 30 - Training Loss: 1.95594 (14%) - Validation Loss: 1.9618 (14%) - Cost Imp.: -0.0292491 Time: 00:00:33.755
EPOCHS: 35 - Training Loss: 1.9596 (14%) - Validation Loss: 1.9436 (14%) - Cost Imp.: -0.0600725 Time: 00:00:39.207
EPOCHS: 40 - Training Loss: 1.96334 (14%) - Validation Loss: 2.01094 (13%) - Cost Imp.: 0.0863606 Time: 00:00:44.645
EPOCHS: 45 - Training Loss: 1.94351 (14%) - Validation Loss: 1.96086 (14%) - Cost Imp.: -0.00166578 Time: 00:00:50.090
EPOCHS: 50 - Training Loss: 1.94348 (14%) - Validation Loss: 1.94519 (14%) - Cost Imp.: -0.0927573 Time: 00:00:55.504
EPOCHS: 55 - Training Loss: 1.92989 (14%) - Validation Loss: 1.94386 (14%) - Cost Imp.: -0.0478767 Time: 00:01:00.921
EPOCHS: 60 - Training Loss: 1.9334 (14%) - Validation Loss: 1.94888 (14%) - Cost Imp.: -0.0822711 Time: 00:01:06.358
Actual Epochs/Max Epochs: 62/100 - Best Training Loss: 1.9277 (14%) - Best Validation Loss: 1.92684 (14%) - Best Cost Improvement : -0.115355
Saved policy stats:  - Training Loss: 1.94251 (14%) - Validation Loss: 1.92684 (14%) - Cost Improvement : -0.0741057
Training finished, total time elapsed: 04:43:51.185
Generating 100000 samples based on policy type: NN_Policy
Progress (node 0 only):
>>>>>10>>>>>20>>>>>30>>>>>40>>>>>50>>>>>60>>>>>70>>>>>80>>>>>90>>>>>100
Simulator statistics 
100000 samples; 29% at Z>0.5; 3% at Z>1; 0% at Z>1.5; 0% at Z>2; 0% at Z>2.5; 0% at Z>3; 
Avg Mean of Q values: 1161.69
Elapsed time: 04:45:46.437
loaded 100000 samples from /home/temizoz/DynaPlexFork/IO_DynaPlex/lost_sales_general_VZ3Zlp04ikIvJ-iZhHJp6Y5hYPuHCgV47gE-jmrfEE0__/samples_gen3.json
{"hidden_layers":[256,128,128,128],"type":"mlp"}
EPOCHS: 0 - Training Loss: 2.61497 (7%) - Validation Loss: 2.54259 (7%) - Cost Imp.: 1.72381 Time: 00:00:01.095
EPOCHS: 5 - Training Loss: 2.25819 (10%) - Validation Loss: 2.33192 (9%) - Cost Imp.: 0.63043 Time: 00:00:06.519
EPOCHS: 10 - Training Loss: 2.09324 (12%) - Validation Loss: 2.06858 (12%) - Cost Imp.: 0.0892662 Time: 00:00:11.929
EPOCHS: 15 - Training Loss: 2.02468 (13%) - Validation Loss: 2.01761 (13%) - Cost Imp.: 0.0556026 Time: 00:00:17.337
EPOCHS: 20 - Training Loss: 1.99413 (13%) - Validation Loss: 2.03487 (13%) - Cost Imp.: -0.0332991 Time: 00:00:22.753
EPOCHS: 25 - Training Loss: 1.98095 (13%) - Validation Loss: 2.00847 (13%) - Cost Imp.: 0.0935297 Time: 00:00:28.166
EPOCHS: 30 - Training Loss: 1.96691 (13%) - Validation Loss: 2.03332 (13%) - Cost Imp.: -0.0266979 Time: 00:00:33.583
EPOCHS: 35 - Training Loss: 1.95934 (14%) - Validation Loss: 1.96586 (14%) - Cost Imp.: -0.0532238 Time: 00:00:39.003
EPOCHS: 40 - Training Loss: 1.95664 (14%) - Validation Loss: 2.00985 (13%) - Cost Imp.: 0.116356 Time: 00:00:44.417
EPOCHS: 45 - Training Loss: 1.9521 (14%) - Validation Loss: 1.9534 (14%) - Cost Imp.: -0.0390728 Time: 00:00:49.838
EPOCHS: 50 - Training Loss: 1.93639 (14%) - Validation Loss: 2.08651 (12%) - Cost Imp.: 0.280022 Time: 00:00:55.244
EPOCHS: 55 - Training Loss: 1.93705 (14%) - Validation Loss: 1.95998 (14%) - Cost Imp.: -0.00118205 Time: 00:01:00.657
EPOCHS: 60 - Training Loss: 1.93386 (14%) - Validation Loss: 1.96824 (13%) - Cost Imp.: 0.00365588 Time: 00:01:06.062
Actual Epochs/Max Epochs: 61/100 - Best Training Loss: 1.92782 (14%) - Best Validation Loss: 1.9534 (14%) - Best Cost Improvement : -0.0532238
Saved policy stats:  - Training Loss: 1.9521 (14%) - Validation Loss: 1.9534 (14%) - Cost Improvement : -0.0390728
Training finished, total time elapsed: 04:46:58.393
Generating 100000 samples based on policy type: NN_Policy
Progress (node 0 only):
>>>>>10>>>>>20>>>>>30>>>>>40>>>>>50>>>>>60>>>>>70>>>>>80>>>>>90>>>>>100
Simulator statistics 
100000 samples; 29% at Z>0.5; 3% at Z>1; 0% at Z>1.5; 0% at Z>2; 0% at Z>2.5; 0% at Z>3; 
Avg Mean of Q values: 1161.77
Elapsed time: 04:48:51.536
loaded 100000 samples from /home/temizoz/DynaPlexFork/IO_DynaPlex/lost_sales_general_VZ3Zlp04ikIvJ-iZhHJp6Y5hYPuHCgV47gE-jmrfEE0__/samples_gen4.json
{"hidden_layers":[256,128,128,128],"type":"mlp"}
EPOCHS: 0 - Training Loss: 2.58209 (7%) - Validation Loss: 2.50512 (8%) - Cost Imp.: 1.53822 Time: 00:00:01.099
EPOCHS: 5 - Training Loss: 2.21243 (10%) - Validation Loss: 2.2326 (10%) - Cost Imp.: 0.520642 Time: 00:00:06.547
EPOCHS: 10 - Training Loss: 2.06586 (12%) - Validation Loss: 2.08462 (12%) - Cost Imp.: 0.26128 Time: 00:00:11.992
EPOCHS: 15 - Training Loss: 1.97415 (13%) - Validation Loss: 2.01595 (13%) - Cost Imp.: 0.105884 Time: 00:00:17.453
EPOCHS: 20 - Training Loss: 1.94179 (14%) - Validation Loss: 1.93908 (14%) - Cost Imp.: 0.0329897 Time: 00:00:22.899
EPOCHS: 25 - Training Loss: 1.93195 (14%) - Validation Loss: 1.94643 (14%) - Cost Imp.: 0.0789792 Time: 00:00:28.345
EPOCHS: 30 - Training Loss: 1.91955 (14%) - Validation Loss: 1.99538 (13%) - Cost Imp.: 0.201302 Time: 00:00:33.782
EPOCHS: 35 - Training Loss: 1.90977 (14%) - Validation Loss: 1.95062 (14%) - Cost Imp.: 0.107154 Time: 00:00:39.215
EPOCHS: 40 - Training Loss: 1.89953 (14%) - Validation Loss: 1.96103 (14%) - Cost Imp.: 0.143084 Time: 00:00:44.632
EPOCHS: 45 - Training Loss: 1.89119 (15%) - Validation Loss: 1.92705 (14%) - Cost Imp.: 0.0804442 Time: 00:00:50.058
EPOCHS: 50 - Training Loss: 1.88684 (15%) - Validation Loss: 1.94936 (14%) - Cost Imp.: 0.00518123 Time: 00:00:55.489
EPOCHS: 55 - Training Loss: 1.88363 (15%) - Validation Loss: 1.91572 (14%) - Cost Imp.: 0.0581407 Time: 00:01:00.916
EPOCHS: 60 - Training Loss: 1.87752 (15%) - Validation Loss: 1.9127 (14%) - Cost Imp.: 0.0465047 Time: 00:01:06.341
EPOCHS: 65 - Training Loss: 1.8773 (15%) - Validation Loss: 1.94339 (14%) - Cost Imp.: 0.0167437 Time: 00:01:11.773
Actual Epochs/Max Epochs: 70/100 - Best Training Loss: 1.86698 (15%) - Best Validation Loss: 1.91231 (14%) - Best Cost Improvement : -0.00128488
Saved policy stats:  - Training Loss: 1.88297 (15%) - Validation Loss: 1.91231 (14%) - Cost Improvement : 0.028092
Training finished, total time elapsed: 04:50:13.600
{"mean":65.13495819999993,"mean_stat_1":0.9924443652991893,"policy":{"id":"greedy_capped_base_stock"}}
{"mean":56.23354780000007,"mean_difference":-8.901410399999861,"mean_gap":-13.666102882368737,"mean_stat_1":0.9795618812800091,"policy":{"gen":1,"id":"NN_Policy","nn_architecture":{"hidden_layers":[256,128,128,128],"type":"mlp"},"num_inputs":11,"num_outputs":35}}
{"mean":55.22038419999994,"mean_difference":-9.914573999999988,"mean_gap":-15.221586493625782,"mean_stat_1":0.9712112682770274,"policy":{"gen":2,"id":"NN_Policy","nn_architecture":{"hidden_layers":[256,128,128,128],"type":"mlp"},"num_inputs":11,"num_outputs":35}}
{"mean":55.192001000000076,"mean_difference":-9.942957199999853,"mean_gap":-15.265162479216674,"mean_stat_1":0.9715825760325414,"policy":{"gen":3,"id":"NN_Policy","nn_architecture":{"hidden_layers":[256,128,128,128],"type":"mlp"},"num_inputs":11,"num_outputs":35}}
{"mean":55.19263840000007,"mean_difference":-9.942319799999858,"mean_gap":-15.26418389564556,"mean_stat_1":0.9723305372542456,"policy":{"gen":4,"id":"NN_Policy","nn_architecture":{"hidden_layers":[256,128,128,128],"type":"mlp"},"num_inputs":11,"num_outputs":35}}
{"mean":55.19388220000001,"mean_difference":-9.941075999999917,"mean_gap":-15.262274321993697,"mean_stat_1":0.9721724300646984,"policy":{"gen":5,"id":"NN_Policy","nn_architecture":{"hidden_layers":[256,128,128,128],"type":"mlp"},"num_inputs":11,"num_outputs":35}}
Best network:  3
{"demand_cycles":[0,1,2],"leadtime":6,"leadtime_distribution":[0.0,0.0,0.0,0.0,0.0,0.0,0.2,0.2,0.2,0.2,0.2],"mean_demand":[8.0,10.0,6.0],"order_crossover":false,"p":69.0,"stdDemand":[2.8284271247461903,10.488088481701515,4.242640687119285]}
Generating 100000 samples based on policy type: greedy_capped_base_stock
Progress (node 0 only):
>>>>>10>>>>>20>>>>>30>>>>>40>>>>>50>>>>>60>>>>>70>>>>>80>>>>>90>>>>>100
Simulator statistics 
100000 samples; 25% at Z>0.5; 4% at Z>1; 1% at Z>1.5; 0% at Z>2; 0% at Z>2.5; 0% at Z>3; 
Avg Mean of Q values: 1297.62
Elapsed time: 04:50:34.178
loaded 100000 samples from /home/temizoz/DynaPlexFork/IO_DynaPlex/lost_sales_general_uzZ-frDURAa-LPKjvPmpY-Q3aQax1fnPlitER5bHAwU__/samples_gen0.json
{"hidden_layers":[256,128,128,128],"type":"mlp"}
EPOCHS: 0 - Training Loss: 2.75938 (6%) - Validation Loss: 2.74126 (6%) - Cost Imp.: -5.05851 Time: 00:00:01.100
EPOCHS: 5 - Training Loss: 2.45371 (8%) - Validation Loss: 2.42562 (8%) - Cost Imp.: -6.51997 Time: 00:00:06.490
EPOCHS: 10 - Training Loss: 2.37508 (9%) - Validation Loss: 2.36123 (9%) - Cost Imp.: -6.59294 Time: 00:00:11.859
EPOCHS: 15 - Training Loss: 2.35064 (9%) - Validation Loss: 2.34605 (9%) - Cost Imp.: -6.63422 Time: 00:00:17.221
EPOCHS: 20 - Training Loss: 2.34464 (9%) - Validation Loss: 2.3692 (9%) - Cost Imp.: -6.56416 Time: 00:00:22.584
EPOCHS: 25 - Training Loss: 2.33815 (9%) - Validation Loss: 2.3394 (9%) - Cost Imp.: -6.64895 Time: 00:00:27.947
EPOCHS: 30 - Training Loss: 2.33134 (9%) - Validation Loss: 2.34798 (9%) - Cost Imp.: -6.65793 Time: 00:00:33.283
EPOCHS: 35 - Training Loss: 2.31795 (9%) - Validation Loss: 2.34654 (9%) - Cost Imp.: -6.64891 Time: 00:00:38.633
EPOCHS: 40 - Training Loss: 2.31232 (9%) - Validation Loss: 2.36952 (9%) - Cost Imp.: -6.69046 Time: 00:00:43.984
Actual Epochs/Max Epochs: 41/100 - Best Training Loss: 2.31232 (9%) - Best Validation Loss: 2.3394 (9%) - Best Cost Improvement : -6.7422
Saved policy stats:  - Training Loss: 2.33815 (9%) - Validation Loss: 2.3394 (9%) - Cost Improvement : -6.64895
Training finished, total time elapsed: 04:51:23.024
Generating 100000 samples based on policy type: NN_Policy
Progress (node 0 only):
>>>>>10>>>>>20>>>>>30>>>>>40>>>>>50>>>>>60>>>>>70>>>>>80>>>>>90>>>>>100
Simulator statistics 
100000 samples; 27% at Z>0.5; 3% at Z>1; 0% at Z>1.5; 0% at Z>2; 0% at Z>2.5; 0% at Z>3; 
Avg Mean of Q values: 1194.43
Elapsed time: 04:53:07.779
loaded 100000 samples from /home/temizoz/DynaPlexFork/IO_DynaPlex/lost_sales_general_uzZ-frDURAa-LPKjvPmpY-Q3aQax1fnPlitER5bHAwU__/samples_gen1.json
{"hidden_layers":[256,128,128,128],"type":"mlp"}
EPOCHS: 0 - Training Loss: 2.76158 (6%) - Validation Loss: 2.70124 (6%) - Cost Imp.: 1.89585 Time: 00:00:01.082
EPOCHS: 5 - Training Loss: 2.36646 (9%) - Validation Loss: 2.33584 (9%) - Cost Imp.: -0.31844 Time: 00:00:06.459
EPOCHS: 10 - Training Loss: 2.25118 (10%) - Validation Loss: 2.34238 (9%) - Cost Imp.: -0.446778 Time: 00:00:11.805
EPOCHS: 15 - Training Loss: 2.22415 (10%) - Validation Loss: 2.25121 (10%) - Cost Imp.: -0.342464 Time: 00:00:17.152
EPOCHS: 20 - Training Loss: 2.21081 (10%) - Validation Loss: 2.23549 (10%) - Cost Imp.: -0.480556 Time: 00:00:22.492
EPOCHS: 25 - Training Loss: 2.20005 (11%) - Validation Loss: 2.2375 (10%) - Cost Imp.: -0.444055 Time: 00:00:27.836
EPOCHS: 30 - Training Loss: 2.19826 (11%) - Validation Loss: 2.21709 (10%) - Cost Imp.: -0.339901 Time: 00:00:33.175
EPOCHS: 35 - Training Loss: 2.19348 (11%) - Validation Loss: 2.35354 (9%) - Cost Imp.: 0.0528239 Time: 00:00:38.507
EPOCHS: 40 - Training Loss: 2.18405 (11%) - Validation Loss: 2.23214 (10%) - Cost Imp.: -0.297828 Time: 00:00:43.860
Actual Epochs/Max Epochs: 43/100 - Best Training Loss: 2.18369 (11%) - Best Validation Loss: 2.20806 (10%) - Best Cost Improvement : -0.490259
Saved policy stats:  - Training Loss: 2.20429 (11%) - Validation Loss: 2.20806 (10%) - Cost Improvement : -0.415465
Training finished, total time elapsed: 04:53:59.319
Generating 100000 samples based on policy type: NN_Policy
Progress (node 0 only):
>>>>>10>>>>>20>>>>>30>>>>>40>>>>>50>>>>>60>>>>>70>>>>>80>>>>>90>>>>>100
Simulator statistics 
100000 samples; 27% at Z>0.5; 3% at Z>1; 0% at Z>1.5; 0% at Z>2; 0% at Z>2.5; 0% at Z>3; 
Avg Mean of Q values: 1184.98
Elapsed time: 04:55:42.598
loaded 100000 samples from /home/temizoz/DynaPlexFork/IO_DynaPlex/lost_sales_general_uzZ-frDURAa-LPKjvPmpY-Q3aQax1fnPlitER5bHAwU__/samples_gen2.json
{"hidden_layers":[256,128,128,128],"type":"mlp"}
EPOCHS: 0 - Training Loss: 2.75728 (6%) - Validation Loss: 2.69419 (6%) - Cost Imp.: 1.97065 Time: 00:00:01.078
EPOCHS: 5 - Training Loss: 2.36301 (9%) - Validation Loss: 2.32162 (9%) - Cost Imp.: 0.248289 Time: 00:00:06.412
EPOCHS: 10 - Training Loss: 2.23831 (10%) - Validation Loss: 2.19687 (11%) - Cost Imp.: -0.00151578 Time: 00:00:11.769
EPOCHS: 15 - Training Loss: 2.20142 (11%) - Validation Loss: 2.20665 (11%) - Cost Imp.: -0.0355165 Time: 00:00:17.102
EPOCHS: 20 - Training Loss: 2.19232 (11%) - Validation Loss: 2.23302 (10%) - Cost Imp.: 0.221766 Time: 00:00:22.452
EPOCHS: 25 - Training Loss: 2.17518 (11%) - Validation Loss: 2.18349 (11%) - Cost Imp.: 0.0883452 Time: 00:00:27.807
EPOCHS: 30 - Training Loss: 2.16714 (11%) - Validation Loss: 2.22488 (10%) - Cost Imp.: -0.0803921 Time: 00:00:33.160
Actual Epochs/Max Epochs: 32/100 - Best Training Loss: 2.16714 (11%) - Best Validation Loss: 2.16939 (11%) - Best Cost Improvement : -0.104385
Saved policy stats:  - Training Loss: 2.1939 (11%) - Validation Loss: 2.16939 (11%) - Cost Improvement : 0.0291165
Training finished, total time elapsed: 04:56:22.364
Generating 100000 samples based on policy type: NN_Policy
Progress (node 0 only):
>>>>>10>>>>>20>>>>>30>>>>>40>>>>>50>>>>>60>>>>>70>>>>>80>>>>>90>>>>>100
Simulator statistics 
100000 samples; 26% at Z>0.5; 3% at Z>1; 0% at Z>1.5; 0% at Z>2; 0% at Z>2.5; 0% at Z>3; 
Avg Mean of Q values: 1185.26
Elapsed time: 04:58:06.463
loaded 100000 samples from /home/temizoz/DynaPlexFork/IO_DynaPlex/lost_sales_general_uzZ-frDURAa-LPKjvPmpY-Q3aQax1fnPlitER5bHAwU__/samples_gen3.json
{"hidden_layers":[256,128,128,128],"type":"mlp"}
EPOCHS: 0 - Training Loss: 2.75937 (6%) - Validation Loss: 2.71905 (6%) - Cost Imp.: 2.19814 Time: 00:00:01.080
EPOCHS: 5 - Training Loss: 2.35105 (9%) - Validation Loss: 2.30775 (9%) - Cost Imp.: 0.0973383 Time: 00:00:06.420
EPOCHS: 10 - Training Loss: 2.21491 (10%) - Validation Loss: 2.1981 (11%) - Cost Imp.: -0.0632006 Time: 00:00:11.749
EPOCHS: 15 - Training Loss: 2.18789 (11%) - Validation Loss: 2.18087 (11%) - Cost Imp.: -0.0699592 Time: 00:00:17.071
EPOCHS: 20 - Training Loss: 2.18577 (11%) - Validation Loss: 2.2235 (10%) - Cost Imp.: 0.071771 Time: 00:00:22.402
EPOCHS: 25 - Training Loss: 2.17264 (11%) - Validation Loss: 2.21353 (10%) - Cost Imp.: -0.162198 Time: 00:00:27.757
EPOCHS: 30 - Training Loss: 2.16332 (11%) - Validation Loss: 2.17611 (11%) - Cost Imp.: -0.0887753 Time: 00:00:33.083
EPOCHS: 35 - Training Loss: 2.16135 (11%) - Validation Loss: 2.16793 (11%) - Cost Imp.: -0.0415069 Time: 00:00:38.421
EPOCHS: 40 - Training Loss: 2.15415 (11%) - Validation Loss: 2.1606 (11%) - Cost Imp.: -0.0743368 Time: 00:00:43.746
EPOCHS: 45 - Training Loss: 2.15232 (11%) - Validation Loss: 2.16255 (11%) - Cost Imp.: -0.0756215 Time: 00:00:49.075
EPOCHS: 50 - Training Loss: 2.14745 (11%) - Validation Loss: 2.16598 (11%) - Cost Imp.: -0.08991 Time: 00:00:54.406
EPOCHS: 55 - Training Loss: 2.14554 (11%) - Validation Loss: 2.19584 (11%) - Cost Imp.: -0.115525 Time: 00:00:59.731
EPOCHS: 60 - Training Loss: 2.14777 (11%) - Validation Loss: 2.18777 (11%) - Cost Imp.: 0.0404953 Time: 00:01:05.066
Actual Epochs/Max Epochs: 65/100 - Best Training Loss: 2.14082 (11%) - Best Validation Loss: 2.16022 (11%) - Best Cost Improvement : -0.162198
Saved policy stats:  - Training Loss: 2.15242 (11%) - Validation Loss: 2.16022 (11%) - Cost Improvement : -0.0258654
Training finished, total time elapsed: 04:59:21.333
Generating 100000 samples based on policy type: NN_Policy
Progress (node 0 only):
>>>>>10>>>>>20>>>>>30>>>>>40>>>>>50>>>>>60>>>>>70>>>>>80>>>>>90>>>>>100
Simulator statistics 
100000 samples; 27% at Z>0.5; 3% at Z>1; 0% at Z>1.5; 0% at Z>2; 0% at Z>2.5; 0% at Z>3; 
Avg Mean of Q values: 1185.46
Elapsed time: 05:01:05.431
loaded 100000 samples from /home/temizoz/DynaPlexFork/IO_DynaPlex/lost_sales_general_uzZ-frDURAa-LPKjvPmpY-Q3aQax1fnPlitER5bHAwU__/samples_gen4.json
{"hidden_layers":[256,128,128,128],"type":"mlp"}
EPOCHS: 0 - Training Loss: 2.74439 (6%) - Validation Loss: 2.7003 (6%) - Cost Imp.: 1.70691 Time: 00:00:01.083
EPOCHS: 5 - Training Loss: 2.34642 (9%) - Validation Loss: 2.38095 (9%) - Cost Imp.: 0.0666158 Time: 00:00:06.435
EPOCHS: 10 - Training Loss: 2.21008 (10%) - Validation Loss: 2.19025 (11%) - Cost Imp.: 0.00640985 Time: 00:00:11.782
EPOCHS: 15 - Training Loss: 2.18334 (11%) - Validation Loss: 2.18848 (11%) - Cost Imp.: 0.0859854 Time: 00:00:17.129
EPOCHS: 20 - Training Loss: 2.1594 (11%) - Validation Loss: 2.16079 (11%) - Cost Imp.: -0.0231638 Time: 00:00:22.494
EPOCHS: 25 - Training Loss: 2.15116 (11%) - Validation Loss: 2.16059 (11%) - Cost Imp.: -0.0363637 Time: 00:00:27.853
EPOCHS: 30 - Training Loss: 2.14229 (11%) - Validation Loss: 2.16487 (11%) - Cost Imp.: -0.0125645 Time: 00:00:33.204
EPOCHS: 35 - Training Loss: 2.13961 (11%) - Validation Loss: 2.16364 (11%) - Cost Imp.: -0.0811246 Time: 00:00:38.572
EPOCHS: 40 - Training Loss: 2.12626 (11%) - Validation Loss: 2.16151 (11%) - Cost Imp.: -0.0969389 Time: 00:00:43.920
EPOCHS: 45 - Training Loss: 2.1278 (11%) - Validation Loss: 2.17739 (11%) - Cost Imp.: 0.0604353 Time: 00:00:49.266
EPOCHS: 50 - Training Loss: 2.1263 (11%) - Validation Loss: 2.17362 (11%) - Cost Imp.: -0.0106796 Time: 00:00:54.616
Actual Epochs/Max Epochs: 54/100 - Best Training Loss: 2.1122 (12%) - Best Validation Loss: 2.15315 (11%) - Best Cost Improvement : -0.107198
Saved policy stats:  - Training Loss: 2.13373 (11%) - Validation Loss: 2.15315 (11%) - Cost Improvement : -0.0428417
Training finished, total time elapsed: 05:02:08.764
{"mean":63.970682999999994,"mean_stat_1":0.9915458542925059,"policy":{"id":"greedy_capped_base_stock"}}
{"mean":56.9922728000001,"mean_difference":-6.978410199999892,"mean_gap":-10.90876300320241,"mean_stat_1":0.9792563654794053,"policy":{"gen":1,"id":"NN_Policy","nn_architecture":{"hidden_layers":[256,128,128,128],"type":"mlp"},"num_inputs":11,"num_outputs":34}}
{"mean":56.29736639999999,"mean_difference":-7.673316600000007,"mean_gap":-11.995051858364569,"mean_stat_1":0.9719827715627225,"policy":{"gen":2,"id":"NN_Policy","nn_architecture":{"hidden_layers":[256,128,128,128],"type":"mlp"},"num_inputs":11,"num_outputs":34}}
{"mean":56.29284619999988,"mean_difference":-7.677836800000115,"mean_gap":-12.002117907667355,"mean_stat_1":0.9716112795978529,"policy":{"gen":3,"id":"NN_Policy","nn_architecture":{"hidden_layers":[256,128,128,128],"type":"mlp"},"num_inputs":11,"num_outputs":34}}
{"mean":56.27699140000007,"mean_difference":-7.693691599999923,"mean_gap":-12.02690238589437,"mean_stat_1":0.9715872024103729,"policy":{"gen":4,"id":"NN_Policy","nn_architecture":{"hidden_layers":[256,128,128,128],"type":"mlp"},"num_inputs":11,"num_outputs":34}}
{"mean":56.274650200000025,"mean_difference":-7.696032799999969,"mean_gap":-12.030562187369439,"mean_stat_1":0.9719444766414048,"policy":{"gen":5,"id":"NN_Policy","nn_architecture":{"hidden_layers":[256,128,128,128],"type":"mlp"},"num_inputs":11,"num_outputs":34}}
Best network:  5
{"demand_cycles":[0,1,2],"leadtime":6,"leadtime_distribution":[0.0,0.1,0.1,0.1,0.1,0.1,0.1,0.1,0.1,0.1,0.1],"mean_demand":[8.0,10.0,6.0],"order_crossover":true,"p":69.0,"stdDemand":[2.8284271247461903,10.488088481701515,4.242640687119285]}
Generating 100000 samples based on policy type: greedy_capped_base_stock
Progress (node 0 only):
>>>>>10>>>>>20>>>>>30>>>>>40>>>>>50>>>>>60>>>>>70>>>>>80>>>>>90>>>>>100
Simulator statistics 
100000 samples; 72% at Z>0.5; 59% at Z>1; 50% at Z>1.5; 42% at Z>2; 36% at Z>2.5; 31% at Z>3; 
Avg Mean of Q values: 1285.04
Elapsed time: 05:03:17.357
loaded 100000 samples from /home/temizoz/DynaPlexFork/IO_DynaPlex/lost_sales_general_XNOAm1qE5e5mqMtezYp92TAfK2zmaJ0EAr0uHoanSPg__/samples_gen0.json
{"hidden_layers":[256,128,128,128],"type":"mlp"}
EPOCHS: 0 - Training Loss: 1.45981 (23%) - Validation Loss: 1.32788 (26%) - Cost Imp.: -22.8269 Time: 00:00:01.086
EPOCHS: 5 - Training Loss: 1.07116 (34%) - Validation Loss: 1.05009 (34%) - Cost Imp.: -25.1349 Time: 00:00:06.477
EPOCHS: 10 - Training Loss: 1.04179 (35%) - Validation Loss: 1.11303 (32%) - Cost Imp.: -24.8851 Time: 00:00:11.889
EPOCHS: 15 - Training Loss: 1.03311 (35%) - Validation Loss: 1.05381 (34%) - Cost Imp.: -25.1138 Time: 00:00:17.284
EPOCHS: 20 - Training Loss: 1.026 (35%) - Validation Loss: 1.06358 (34%) - Cost Imp.: -25.0514 Time: 00:00:22.669
EPOCHS: 25 - Training Loss: 1.01715 (36%) - Validation Loss: 1.04242 (35%) - Cost Imp.: -25.1341 Time: 00:00:28.043
EPOCHS: 30 - Training Loss: 1.01287 (36%) - Validation Loss: 1.05108 (34%) - Cost Imp.: -25.144 Time: 00:00:33.452
EPOCHS: 35 - Training Loss: 0.99958 (36%) - Validation Loss: 1.08809 (33%) - Cost Imp.: -25.105 Time: 00:00:38.842
Actual Epochs/Max Epochs: 38/100 - Best Training Loss: 0.998432 (36%) - Best Validation Loss: 1.0363 (35%) - Best Cost Improvement : -25.1833
Saved policy stats:  - Training Loss: 1.02132 (36%) - Validation Loss: 1.0363 (35%) - Cost Improvement : -25.1125
Training finished, total time elapsed: 05:04:04.542
Generating 100000 samples based on policy type: NN_Policy
Progress (node 0 only):
>>>>>10>>>>>20>>>>>30>>>>>40>>>>>50>>>>>60>>>>>70>>>>>80>>>>>90>>>>>100
Simulator statistics 
100000 samples; 29% at Z>0.5; 5% at Z>1; 0% at Z>1.5; 0% at Z>2; 0% at Z>2.5; 0% at Z>3; 
Avg Mean of Q values: 1005.15
Elapsed time: 05:06:28.953
loaded 100000 samples from /home/temizoz/DynaPlexFork/IO_DynaPlex/lost_sales_general_XNOAm1qE5e5mqMtezYp92TAfK2zmaJ0EAr0uHoanSPg__/samples_gen1.json
{"hidden_layers":[256,128,128,128],"type":"mlp"}
EPOCHS: 0 - Training Loss: 2.84128 (5%) - Validation Loss: 2.72477 (6%) - Cost Imp.: -2.35121 Time: 00:00:01.086
EPOCHS: 5 - Training Loss: 2.52507 (8%) - Validation Loss: 2.50558 (8%) - Cost Imp.: -4.24753 Time: 00:00:06.488
EPOCHS: 10 - Training Loss: 2.49648 (8%) - Validation Loss: 2.48398 (8%) - Cost Imp.: -4.47679 Time: 00:00:11.861
EPOCHS: 15 - Training Loss: 2.4864 (8%) - Validation Loss: 2.48127 (8%) - Cost Imp.: -4.53306 Time: 00:00:17.229
EPOCHS: 20 - Training Loss: 2.48334 (8%) - Validation Loss: 2.49621 (8%) - Cost Imp.: -4.59778 Time: 00:00:22.618
EPOCHS: 25 - Training Loss: 2.47965 (8%) - Validation Loss: 2.47608 (8%) - Cost Imp.: -4.60175 Time: 00:00:28.000
Actual Epochs/Max Epochs: 30/100 - Best Training Loss: 2.47639 (8%) - Best Validation Loss: 2.46995 (8%) - Best Cost Improvement : -4.62247
Saved policy stats:  - Training Loss: 2.49444 (8%) - Validation Loss: 2.46995 (8%) - Cost Improvement : -4.53766
Training finished, total time elapsed: 05:07:07.431
Generating 100000 samples based on policy type: NN_Policy
Progress (node 0 only):
>>>>>10>>>>>20>>>>>30>>>>>40>>>>>50>>>>>60>>>>>70>>>>>80>>>>>90>>>>>100
Simulator statistics 
100000 samples; 36% at Z>0.5; 9% at Z>1; 2% at Z>1.5; 1% at Z>2; 0% at Z>2.5; 0% at Z>3; 
Avg Mean of Q values: 911.422
Elapsed time: 05:09:52.113
loaded 100000 samples from /home/temizoz/DynaPlexFork/IO_DynaPlex/lost_sales_general_XNOAm1qE5e5mqMtezYp92TAfK2zmaJ0EAr0uHoanSPg__/samples_gen2.json
{"hidden_layers":[256,128,128,128],"type":"mlp"}
EPOCHS: 0 - Training Loss: 2.59545 (7%) - Validation Loss: 2.48479 (8%) - Cost Imp.: -1.69626 Time: 00:00:01.105
EPOCHS: 5 - Training Loss: 2.21571 (10%) - Validation Loss: 2.18625 (11%) - Cost Imp.: -3.16724 Time: 00:00:06.560
EPOCHS: 10 - Training Loss: 2.16625 (11%) - Validation Loss: 2.17797 (11%) - Cost Imp.: -3.14983 Time: 00:00:12.003
EPOCHS: 15 - Training Loss: 2.14255 (11%) - Validation Loss: 2.16366 (11%) - Cost Imp.: -3.18372 Time: 00:00:17.418
EPOCHS: 20 - Training Loss: 2.12893 (11%) - Validation Loss: 2.12507 (11%) - Cost Imp.: -3.33379 Time: 00:00:22.854
EPOCHS: 25 - Training Loss: 2.11811 (12%) - Validation Loss: 2.13624 (11%) - Cost Imp.: -3.20862 Time: 00:00:28.280
EPOCHS: 30 - Training Loss: 2.11194 (12%) - Validation Loss: 2.15778 (11%) - Cost Imp.: -3.31756 Time: 00:00:33.702
EPOCHS: 35 - Training Loss: 2.09905 (12%) - Validation Loss: 2.13988 (11%) - Cost Imp.: -3.25811 Time: 00:00:39.121
Actual Epochs/Max Epochs: 37/100 - Best Training Loss: 2.09784 (12%) - Best Validation Loss: 2.12162 (11%) - Best Cost Improvement : -3.34005
Saved policy stats:  - Training Loss: 2.12598 (11%) - Validation Loss: 2.12162 (11%) - Cost Improvement : -3.21054
Training finished, total time elapsed: 05:10:38.907
Generating 100000 samples based on policy type: NN_Policy
Progress (node 0 only):
>>>>>10>>>>>20>>>>>30>>>>>40>>>>>50>>>>>60>>>>>70>>>>>80>>>>>90>>>>>100
Simulator statistics 
100000 samples; 30% at Z>0.5; 6% at Z>1; 1% at Z>1.5; 0% at Z>2; 0% at Z>2.5; 0% at Z>3; 
Avg Mean of Q values: 863.533
Elapsed time: 05:13:23.414
loaded 100000 samples from /home/temizoz/DynaPlexFork/IO_DynaPlex/lost_sales_general_XNOAm1qE5e5mqMtezYp92TAfK2zmaJ0EAr0uHoanSPg__/samples_gen3.json
{"hidden_layers":[256,128,128,128],"type":"mlp"}
EPOCHS: 0 - Training Loss: 2.82011 (5%) - Validation Loss: 2.76416 (6%) - Cost Imp.: 1.20485 Time: 00:00:01.105
EPOCHS: 5 - Training Loss: 2.45649 (8%) - Validation Loss: 2.44402 (8%) - Cost Imp.: -0.232936 Time: 00:00:06.539
EPOCHS: 10 - Training Loss: 2.42937 (8%) - Validation Loss: 2.47248 (8%) - Cost Imp.: -0.127192 Time: 00:00:12.008
EPOCHS: 15 - Training Loss: 2.41468 (8%) - Validation Loss: 2.43073 (8%) - Cost Imp.: -0.410651 Time: 00:00:17.434
EPOCHS: 20 - Training Loss: 2.40459 (9%) - Validation Loss: 2.4249 (8%) - Cost Imp.: -0.461021 Time: 00:00:22.863
EPOCHS: 25 - Training Loss: 2.39439 (9%) - Validation Loss: 2.423 (8%) - Cost Imp.: -0.467491 Time: 00:00:28.282
EPOCHS: 30 - Training Loss: 2.3889 (9%) - Validation Loss: 2.4524 (8%) - Cost Imp.: -0.419451 Time: 00:00:33.718
EPOCHS: 35 - Training Loss: 2.38401 (9%) - Validation Loss: 2.43911 (8%) - Cost Imp.: -0.337318 Time: 00:00:39.154
Actual Epochs/Max Epochs: 37/100 - Best Training Loss: 2.38306 (9%) - Best Validation Loss: 2.4226 (8%) - Best Cost Improvement : -0.475209
Saved policy stats:  - Training Loss: 2.40587 (9%) - Validation Loss: 2.4226 (8%) - Cost Improvement : -0.301556
Training finished, total time elapsed: 05:14:10.214
Generating 100000 samples based on policy type: NN_Policy
Progress (node 0 only):
>>>>>10>>>>>20>>>>>30>>>>>40>>>>>50>>>>>60>>>>>70>>>>>80>>>>>90>>>>>100
Simulator statistics 
100000 samples; 33% at Z>0.5; 8% at Z>1; 2% at Z>1.5; 0% at Z>2; 0% at Z>2.5; 0% at Z>3; 
Avg Mean of Q values: 857.074
Elapsed time: 05:17:00.953
loaded 100000 samples from /home/temizoz/DynaPlexFork/IO_DynaPlex/lost_sales_general_XNOAm1qE5e5mqMtezYp92TAfK2zmaJ0EAr0uHoanSPg__/samples_gen4.json
{"hidden_layers":[256,128,128,128],"type":"mlp"}
EPOCHS: 0 - Training Loss: 2.73093 (6%) - Validation Loss: 2.5896 (7%) - Cost Imp.: 1.5914 Time: 00:00:01.101
EPOCHS: 5 - Training Loss: 2.29987 (10%) - Validation Loss: 2.28512 (10%) - Cost Imp.: 0.0915523 Time: 00:00:06.579
EPOCHS: 10 - Training Loss: 2.27254 (10%) - Validation Loss: 2.26148 (10%) - Cost Imp.: 0.0743051 Time: 00:00:12.016
EPOCHS: 15 - Training Loss: 2.26264 (10%) - Validation Loss: 2.29448 (10%) - Cost Imp.: 0.0751345 Time: 00:00:17.443
EPOCHS: 20 - Training Loss: 2.25598 (10%) - Validation Loss: 2.25381 (10%) - Cost Imp.: 0.0573289 Time: 00:00:22.873
EPOCHS: 25 - Training Loss: 2.24816 (10%) - Validation Loss: 2.24574 (10%) - Cost Imp.: 0.0138747 Time: 00:00:28.331
EPOCHS: 30 - Training Loss: 2.24448 (10%) - Validation Loss: 2.24482 (10%) - Cost Imp.: 0.0140145 Time: 00:00:33.751
EPOCHS: 35 - Training Loss: 2.24413 (10%) - Validation Loss: 2.25108 (10%) - Cost Imp.: 0.0123505 Time: 00:00:39.172
EPOCHS: 40 - Training Loss: 2.23767 (10%) - Validation Loss: 2.29529 (10%) - Cost Imp.: 0.15216 Time: 00:00:44.598
EPOCHS: 45 - Training Loss: 2.23096 (10%) - Validation Loss: 2.27204 (10%) - Cost Imp.: 0.0718156 Time: 00:00:50.013
Actual Epochs/Max Epochs: 46/100 - Best Training Loss: 2.23096 (10%) - Best Validation Loss: 2.24482 (10%) - Best Cost Improvement : -0.0104717
Saved policy stats:  - Training Loss: 2.24448 (10%) - Validation Loss: 2.24482 (10%) - Cost Improvement : 0.0140145
Training finished, total time elapsed: 05:17:57.471
{"mean":72.18479839999999,"mean_stat_1":0.9993558124915263,"policy":{"id":"greedy_capped_base_stock"}}
{"mean":48.95942480000011,"mean_difference":-23.225373599999884,"mean_gap":-32.17488185157817,"mean_stat_1":0.9491295809842705,"policy":{"gen":1,"id":"NN_Policy","nn_architecture":{"hidden_layers":[256,128,128,128],"type":"mlp"},"num_inputs":11,"num_outputs":35}}
{"mean":44.10195719999994,"mean_difference":-28.082841200000054,"mean_gap":-38.904093136595996,"mean_stat_1":0.9904581613456932,"policy":{"gen":2,"id":"NN_Policy","nn_architecture":{"hidden_layers":[256,128,128,128],"type":"mlp"},"num_inputs":11,"num_outputs":35}}
{"mean":41.17676479999997,"mean_difference":-31.00803360000002,"mean_gap":-42.95645937552417,"mean_stat_1":0.9794549865234132,"policy":{"gen":3,"id":"NN_Policy","nn_architecture":{"hidden_layers":[256,128,128,128],"type":"mlp"},"num_inputs":11,"num_outputs":35}}
{"mean":40.76887860000005,"mean_difference":-31.41591979999994,"mean_gap":-43.521517682869835,"mean_stat_1":0.979078284211025,"policy":{"gen":4,"id":"NN_Policy","nn_architecture":{"hidden_layers":[256,128,128,128],"type":"mlp"},"num_inputs":11,"num_outputs":35}}
{"mean":40.718145400000026,"mean_difference":-31.466652999999965,"mean_gap":-43.59180007074726,"mean_stat_1":0.9792653486689051,"policy":{"gen":5,"id":"NN_Policy","nn_architecture":{"hidden_layers":[256,128,128,128],"type":"mlp"},"num_inputs":11,"num_outputs":35}}
Best network:  5
{"demand_cycles":[0,1,2],"leadtime":6,"leadtime_distribution":[0.0,0.0,0.2,0.2,0.2,0.2,0.2,0.0,0.0,0.0,0.0],"mean_demand":[8.0,10.0,6.0],"order_crossover":true,"p":69.0,"stdDemand":[2.8284271247461903,10.488088481701515,4.242640687119285]}
Generating 100000 samples based on policy type: greedy_capped_base_stock
Progress (node 0 only):
>>>>>10>>>>>20>>>>>30>>>>>40>>>>>50>>>>>60>>>>>70>>>>>80>>>>>90>>>>>100
Simulator statistics 
100000 samples; 63% at Z>0.5; 46% at Z>1; 34% at Z>1.5; 25% at Z>2; 18% at Z>2.5; 14% at Z>3; 
Avg Mean of Q values: 1059.42
Elapsed time: 05:18:38.648
loaded 100000 samples from /home/temizoz/DynaPlexFork/IO_DynaPlex/lost_sales_general_QQA3ifgJeGybaww0C5SdnwhZC0rjf-WR9uE-huQzl3w__/samples_gen0.json
{"hidden_layers":[256,128,128,128],"type":"mlp"}
EPOCHS: 0 - Training Loss: 1.80709 (16%) - Validation Loss: 1.6567 (19%) - Cost Imp.: -9.24909 Time: 00:00:01.066
EPOCHS: 5 - Training Loss: 1.36067 (25%) - Validation Loss: 1.33368 (26%) - Cost Imp.: -12.2765 Time: 00:00:06.378
EPOCHS: 10 - Training Loss: 1.33409 (26%) - Validation Loss: 1.32328 (26%) - Cost Imp.: -12.2831 Time: 00:00:11.672
EPOCHS: 15 - Training Loss: 1.32223 (26%) - Validation Loss: 1.29641 (27%) - Cost Imp.: -12.3147 Time: 00:00:16.955
EPOCHS: 20 - Training Loss: 1.30888 (27%) - Validation Loss: 1.28865 (27%) - Cost Imp.: -12.3082 Time: 00:00:22.245
EPOCHS: 25 - Training Loss: 1.31154 (26%) - Validation Loss: 1.28889 (27%) - Cost Imp.: -12.339 Time: 00:00:27.518
EPOCHS: 30 - Training Loss: 1.30329 (27%) - Validation Loss: 1.29487 (27%) - Cost Imp.: -12.3331 Time: 00:00:32.781
EPOCHS: 35 - Training Loss: 1.30358 (27%) - Validation Loss: 1.3394 (26%) - Cost Imp.: -12.3232 Time: 00:00:38.064
EPOCHS: 40 - Training Loss: 1.29098 (27%) - Validation Loss: 1.28892 (27%) - Cost Imp.: -12.3483 Time: 00:00:43.349
Actual Epochs/Max Epochs: 43/100 - Best Training Loss: 1.29098 (27%) - Best Validation Loss: 1.27847 (27%) - Best Cost Improvement : -12.3582
Saved policy stats:  - Training Loss: 1.3069 (27%) - Validation Loss: 1.27847 (27%) - Cost Improvement : -12.3553
Training finished, total time elapsed: 05:19:29.918
Generating 100000 samples based on policy type: NN_Policy
Progress (node 0 only):
>>>>>10>>>>>20>>>>>30>>>>>40>>>>>50>>>>>60>>>>>70>>>>>80>>>>>90>>>>>100
Simulator statistics 
100000 samples; 26% at Z>0.5; 3% at Z>1; 0% at Z>1.5; 0% at Z>2; 0% at Z>2.5; 0% at Z>3; 
Avg Mean of Q values: 885.902
Elapsed time: 05:21:22.663
loaded 100000 samples from /home/temizoz/DynaPlexFork/IO_DynaPlex/lost_sales_general_QQA3ifgJeGybaww0C5SdnwhZC0rjf-WR9uE-huQzl3w__/samples_gen1.json
{"hidden_layers":[256,128,128,128],"type":"mlp"}
EPOCHS: 0 - Training Loss: 2.8677 (5%) - Validation Loss: 2.82426 (5%) - Cost Imp.: 0.970026 Time: 00:00:01.073
EPOCHS: 5 - Training Loss: 2.61529 (7%) - Validation Loss: 2.60602 (7%) - Cost Imp.: -0.714044 Time: 00:00:06.403
EPOCHS: 10 - Training Loss: 2.58526 (7%) - Validation Loss: 2.59243 (7%) - Cost Imp.: -0.990489 Time: 00:00:11.738
EPOCHS: 15 - Training Loss: 2.57786 (7%) - Validation Loss: 2.66189 (6%) - Cost Imp.: -0.73456 Time: 00:00:17.060
EPOCHS: 20 - Training Loss: 2.57407 (7%) - Validation Loss: 2.57658 (7%) - Cost Imp.: -0.892297 Time: 00:00:22.359
EPOCHS: 25 - Training Loss: 2.56685 (7%) - Validation Loss: 2.58494 (7%) - Cost Imp.: -1.00913 Time: 00:00:27.673
EPOCHS: 30 - Training Loss: 2.5641 (7%) - Validation Loss: 2.58681 (7%) - Cost Imp.: -0.898504 Time: 00:00:32.983
EPOCHS: 35 - Training Loss: 2.56204 (7%) - Validation Loss: 2.58541 (7%) - Cost Imp.: -0.982802 Time: 00:00:38.279
EPOCHS: 40 - Training Loss: 2.56128 (7%) - Validation Loss: 2.57996 (7%) - Cost Imp.: -1.22013 Time: 00:00:43.591
EPOCHS: 45 - Training Loss: 2.55404 (7%) - Validation Loss: 2.58473 (7%) - Cost Imp.: -1.11383 Time: 00:00:48.902
Actual Epochs/Max Epochs: 48/100 - Best Training Loss: 2.5533 (7%) - Best Validation Loss: 2.5745 (7%) - Best Cost Improvement : -1.22013
Saved policy stats:  - Training Loss: 2.56389 (7%) - Validation Loss: 2.5745 (7%) - Cost Improvement : -0.975807
Training finished, total time elapsed: 05:22:18.984
Generating 100000 samples based on policy type: NN_Policy
Progress (node 0 only):
>>>>>10>>>>>20>>>>>30>>>>>40>>>>>50>>>>>60>>>>>70>>>>>80>>>>>90>>>>>100
Simulator statistics 
100000 samples; 30% at Z>0.5; 5% at Z>1; 1% at Z>1.5; 0% at Z>2; 0% at Z>2.5; 0% at Z>3; 
Avg Mean of Q values: 862.345
Elapsed time: 05:24:25.493
loaded 100000 samples from /home/temizoz/DynaPlexFork/IO_DynaPlex/lost_sales_general_QQA3ifgJeGybaww0C5SdnwhZC0rjf-WR9uE-huQzl3w__/samples_gen2.json
{"hidden_layers":[256,128,128,128],"type":"mlp"}
EPOCHS: 0 - Training Loss: 2.78258 (6%) - Validation Loss: 2.65448 (7%) - Cost Imp.: 1.96576 Time: 00:00:01.080
EPOCHS: 5 - Training Loss: 2.3623 (9%) - Validation Loss: 2.31946 (9%) - Cost Imp.: -0.237256 Time: 00:00:06.421
EPOCHS: 10 - Training Loss: 2.33269 (9%) - Validation Loss: 2.32017 (9%) - Cost Imp.: -0.281768 Time: 00:00:11.758
EPOCHS: 15 - Training Loss: 2.32667 (9%) - Validation Loss: 2.32378 (9%) - Cost Imp.: -0.284188 Time: 00:00:17.097
EPOCHS: 20 - Training Loss: 2.32404 (9%) - Validation Loss: 2.32744 (9%) - Cost Imp.: -0.313416 Time: 00:00:22.441
Actual Epochs/Max Epochs: 24/100 - Best Training Loss: 2.31607 (9%) - Best Validation Loss: 2.3108 (9%) - Best Cost Improvement : -0.377569
Saved policy stats:  - Training Loss: 2.33641 (9%) - Validation Loss: 2.3108 (9%) - Cost Improvement : -0.334561
Training finished, total time elapsed: 05:24:56.886
Generating 100000 samples based on policy type: NN_Policy
Progress (node 0 only):
>>>>>10>>>>>20>>>>>30>>>>>40>>>>>50>>>>>60>>>>>70>>>>>80>>>>>90>>>>>100
Simulator statistics 
100000 samples; 32% at Z>0.5; 6% at Z>1; 1% at Z>1.5; 0% at Z>2; 0% at Z>2.5; 0% at Z>3; 
Avg Mean of Q values: 857.382
Elapsed time: 05:27:04.405
loaded 100000 samples from /home/temizoz/DynaPlexFork/IO_DynaPlex/lost_sales_general_QQA3ifgJeGybaww0C5SdnwhZC0rjf-WR9uE-huQzl3w__/samples_gen3.json
{"hidden_layers":[256,128,128,128],"type":"mlp"}
EPOCHS: 0 - Training Loss: 2.73565 (6%) - Validation Loss: 2.60139 (7%) - Cost Imp.: 2.35082 Time: 00:00:01.076
EPOCHS: 5 - Training Loss: 2.19917 (11%) - Validation Loss: 2.18039 (11%) - Cost Imp.: -0.0418488 Time: 00:00:06.395
EPOCHS: 10 - Training Loss: 2.17919 (11%) - Validation Loss: 2.14818 (11%) - Cost Imp.: -0.0223581 Time: 00:00:11.746
EPOCHS: 15 - Training Loss: 2.17346 (11%) - Validation Loss: 2.13641 (11%) - Cost Imp.: 0.00667581 Time: 00:00:17.075
EPOCHS: 20 - Training Loss: 2.17392 (11%) - Validation Loss: 2.15665 (11%) - Cost Imp.: 0.0110691 Time: 00:00:22.397
EPOCHS: 25 - Training Loss: 2.16528 (11%) - Validation Loss: 2.14433 (11%) - Cost Imp.: -0.0364954 Time: 00:00:27.721
EPOCHS: 30 - Training Loss: 2.16104 (11%) - Validation Loss: 2.17383 (11%) - Cost Imp.: 0.089272 Time: 00:00:33.046
EPOCHS: 35 - Training Loss: 2.15537 (11%) - Validation Loss: 2.13557 (11%) - Cost Imp.: -0.0579012 Time: 00:00:38.376
EPOCHS: 40 - Training Loss: 2.15608 (11%) - Validation Loss: 2.14193 (11%) - Cost Imp.: -0.0303289 Time: 00:00:43.715
EPOCHS: 45 - Training Loss: 2.15318 (11%) - Validation Loss: 2.14146 (11%) - Cost Imp.: 0.0289221 Time: 00:00:49.051
EPOCHS: 50 - Training Loss: 2.15121 (11%) - Validation Loss: 2.14476 (11%) - Cost Imp.: -0.0386564 Time: 00:00:54.373
Actual Epochs/Max Epochs: 51/100 - Best Training Loss: 2.1488 (11%) - Best Validation Loss: 2.13557 (11%) - Best Cost Improvement : -0.0768917
Saved policy stats:  - Training Loss: 2.15537 (11%) - Validation Loss: 2.13557 (11%) - Cost Improvement : -0.0579012
Training finished, total time elapsed: 05:28:04.671
Generating 100000 samples based on policy type: NN_Policy
Progress (node 0 only):
>>>>>10>>>>>20>>>>>30>>>>>40>>>>>50>>>>>60>>>>>70>>>>>80>>>>>90>>>>>100
Simulator statistics 
100000 samples; 32% at Z>0.5; 7% at Z>1; 2% at Z>1.5; 1% at Z>2; 0% at Z>2.5; 0% at Z>3; 
Avg Mean of Q values: 857.303
Elapsed time: 05:30:17.430
loaded 100000 samples from /home/temizoz/DynaPlexFork/IO_DynaPlex/lost_sales_general_QQA3ifgJeGybaww0C5SdnwhZC0rjf-WR9uE-huQzl3w__/samples_gen4.json
{"hidden_layers":[256,128,128,128],"type":"mlp"}
EPOCHS: 0 - Training Loss: 2.71949 (6%) - Validation Loss: 2.64084 (7%) - Cost Imp.: 2.05622 Time: 00:00:01.078
EPOCHS: 5 - Training Loss: 2.18588 (11%) - Validation Loss: 2.18045 (11%) - Cost Imp.: 0.0282874 Time: 00:00:06.465
EPOCHS: 10 - Training Loss: 2.1654 (11%) - Validation Loss: 2.16013 (11%) - Cost Imp.: 0.0355761 Time: 00:00:11.831
EPOCHS: 15 - Training Loss: 2.15572 (11%) - Validation Loss: 2.17166 (11%) - Cost Imp.: -0.00666214 Time: 00:00:17.175
EPOCHS: 20 - Training Loss: 2.15244 (11%) - Validation Loss: 2.14788 (11%) - Cost Imp.: -0.022128 Time: 00:00:22.523
EPOCHS: 25 - Training Loss: 2.14795 (11%) - Validation Loss: 2.15898 (11%) - Cost Imp.: -0.0609591 Time: 00:00:27.868
EPOCHS: 30 - Training Loss: 2.14777 (11%) - Validation Loss: 2.15487 (11%) - Cost Imp.: -0.019871 Time: 00:00:33.229
EPOCHS: 35 - Training Loss: 2.13808 (11%) - Validation Loss: 2.14986 (11%) - Cost Imp.: -0.0133918 Time: 00:00:38.587
Actual Epochs/Max Epochs: 40/100 - Best Training Loss: 2.13725 (11%) - Best Validation Loss: 2.14458 (11%) - Best Cost Improvement : -0.0723383
Saved policy stats:  - Training Loss: 2.15286 (11%) - Validation Loss: 2.14458 (11%) - Cost Improvement : -0.0238819
Training finished, total time elapsed: 05:31:06.041
{"mean":53.83120379999997,"mean_stat_1":0.996936971869222,"policy":{"id":"greedy_capped_base_stock"}}
{"mean":42.147695600000006,"mean_difference":-11.683508199999963,"mean_gap":-21.703969770781846,"mean_stat_1":0.9725179614826842,"policy":{"gen":1,"id":"NN_Policy","nn_architecture":{"hidden_layers":[256,128,128,128],"type":"mlp"},"num_inputs":7,"num_outputs":35}}
{"mean":41.076256199999975,"mean_difference":-12.754947599999994,"mean_gap":-23.694338412695874,"mean_stat_1":0.9808817374582428,"policy":{"gen":2,"id":"NN_Policy","nn_architecture":{"hidden_layers":[256,128,128,128],"type":"mlp"},"num_inputs":7,"num_outputs":35}}
{"mean":40.753178200000036,"mean_difference":-13.078025599999933,"mean_gap":-24.294507045744236,"mean_stat_1":0.9792113505130258,"policy":{"gen":3,"id":"NN_Policy","nn_architecture":{"hidden_layers":[256,128,128,128],"type":"mlp"},"num_inputs":7,"num_outputs":35}}
{"mean":40.7434914,"mean_difference":-13.087712399999965,"mean_gap":-24.312501813306973,"mean_stat_1":0.9786255144292231,"policy":{"gen":4,"id":"NN_Policy","nn_architecture":{"hidden_layers":[256,128,128,128],"type":"mlp"},"num_inputs":7,"num_outputs":35}}
{"mean":40.7298988,"mean_difference":-13.101304999999968,"mean_gap":-24.33775222392477,"mean_stat_1":0.9792998345844462,"policy":{"gen":5,"id":"NN_Policy","nn_architecture":{"hidden_layers":[256,128,128,128],"type":"mlp"},"num_inputs":7,"num_outputs":35}}
Best network:  5
{"demand_cycles":[0,1,2],"leadtime":6,"leadtime_distribution":[0.0,0.0,0.0,0.0,0.1,0.2,0.3,0.3,0.1,0.0,0.0],"mean_demand":[8.0,10.0,6.0],"order_crossover":true,"p":69.0,"stdDemand":[2.8284271247461903,10.488088481701515,4.242640687119285]}
Generating 100000 samples based on policy type: greedy_capped_base_stock
Progress (node 0 only):
>>>>>10>>>>>20>>>>>30>>>>>40>>>>>50>>>>>60>>>>>70>>>>>80>>>>>90>>>>>100
Simulator statistics 
100000 samples; 52% at Z>0.5; 32% at Z>1; 20% at Z>1.5; 13% at Z>2; 9% at Z>2.5; 6% at Z>3; 
Avg Mean of Q values: 1128.86
Elapsed time: 05:31:47.218
loaded 100000 samples from /home/temizoz/DynaPlexFork/IO_DynaPlex/lost_sales_general_gIPi0jM-gBStSZ1X1WoPaWhBDW1=jYCMvdItYjCAqIE__/samples_gen0.json
{"hidden_layers":[256,128,128,128],"type":"mlp"}
EPOCHS: 0 - Training Loss: 2.21162 (10%) - Validation Loss: 2.20004 (11%) - Cost Imp.: -9.64527 Time: 00:00:01.084
EPOCHS: 5 - Training Loss: 1.77013 (17%) - Validation Loss: 1.70802 (18%) - Cost Imp.: -11.436 Time: 00:00:06.488
EPOCHS: 10 - Training Loss: 1.74125 (17%) - Validation Loss: 1.70265 (18%) - Cost Imp.: -11.3452 Time: 00:00:11.848
EPOCHS: 15 - Training Loss: 1.7203 (17%) - Validation Loss: 1.679 (18%) - Cost Imp.: -11.4611 Time: 00:00:17.209
EPOCHS: 20 - Training Loss: 1.71102 (18%) - Validation Loss: 1.66387 (18%) - Cost Imp.: -11.4422 Time: 00:00:22.563
EPOCHS: 25 - Training Loss: 1.69385 (18%) - Validation Loss: 1.66851 (18%) - Cost Imp.: -11.3492 Time: 00:00:27.925
EPOCHS: 30 - Training Loss: 1.68733 (18%) - Validation Loss: 1.66245 (18%) - Cost Imp.: -11.4912 Time: 00:00:33.295
EPOCHS: 35 - Training Loss: 1.68216 (18%) - Validation Loss: 1.65373 (19%) - Cost Imp.: -11.3937 Time: 00:00:38.655
EPOCHS: 40 - Training Loss: 1.67713 (18%) - Validation Loss: 1.6496 (19%) - Cost Imp.: -11.4859 Time: 00:00:44.014
EPOCHS: 45 - Training Loss: 1.66768 (18%) - Validation Loss: 1.6592 (19%) - Cost Imp.: -11.3975 Time: 00:00:49.374
EPOCHS: 50 - Training Loss: 1.66303 (18%) - Validation Loss: 1.66174 (18%) - Cost Imp.: -11.4044 Time: 00:00:54.733
EPOCHS: 55 - Training Loss: 1.65632 (19%) - Validation Loss: 1.66929 (18%) - Cost Imp.: -11.4697 Time: 00:01:00.106
EPOCHS: 60 - Training Loss: 1.65186 (19%) - Validation Loss: 1.66175 (18%) - Cost Imp.: -11.4772 Time: 00:01:05.470
Actual Epochs/Max Epochs: 64/100 - Best Training Loss: 1.646 (19%) - Best Validation Loss: 1.64772 (19%) - Best Cost Improvement : -11.5407
Saved policy stats:  - Training Loss: 1.66617 (18%) - Validation Loss: 1.64772 (19%) - Cost Improvement : -11.435
Training finished, total time elapsed: 05:33:01.856
Generating 100000 samples based on policy type: NN_Policy
Progress (node 0 only):
>>>>>10>>>>>20>>>>>30>>>>>40>>>>>50>>>>>60>>>>>70>>>>>80>>>>>90>>>>>100
Simulator statistics 
100000 samples; 28% at Z>0.5; 4% at Z>1; 0% at Z>1.5; 0% at Z>2; 0% at Z>2.5; 0% at Z>3; 
Avg Mean of Q values: 998.472
Elapsed time: 05:34:58.957
loaded 100000 samples from /home/temizoz/DynaPlexFork/IO_DynaPlex/lost_sales_general_gIPi0jM-gBStSZ1X1WoPaWhBDW1=jYCMvdItYjCAqIE__/samples_gen1.json
{"hidden_layers":[256,128,128,128],"type":"mlp"}
EPOCHS: 0 - Training Loss: 2.88045 (5%) - Validation Loss: 2.81807 (5%) - Cost Imp.: 0.0954988 Time: 00:00:01.072
EPOCHS: 5 - Training Loss: 2.55021 (7%) - Validation Loss: 2.52268 (8%) - Cost Imp.: -1.73536 Time: 00:00:06.362
EPOCHS: 10 - Training Loss: 2.48665 (8%) - Validation Loss: 2.48786 (8%) - Cost Imp.: -1.85659 Time: 00:00:11.653
EPOCHS: 15 - Training Loss: 2.47097 (8%) - Validation Loss: 2.46714 (8%) - Cost Imp.: -2.10053 Time: 00:00:16.946
EPOCHS: 20 - Training Loss: 2.46207 (8%) - Validation Loss: 2.46957 (8%) - Cost Imp.: -2.01887 Time: 00:00:22.231
EPOCHS: 25 - Training Loss: 2.45608 (8%) - Validation Loss: 2.47907 (8%) - Cost Imp.: -1.97368 Time: 00:00:27.535
EPOCHS: 30 - Training Loss: 2.45502 (8%) - Validation Loss: 2.46337 (8%) - Cost Imp.: -2.01394 Time: 00:00:32.827
EPOCHS: 35 - Training Loss: 2.4462 (8%) - Validation Loss: 2.45869 (8%) - Cost Imp.: -1.91991 Time: 00:00:38.135
Actual Epochs/Max Epochs: 40/100 - Best Training Loss: 2.44221 (8%) - Best Validation Loss: 2.45347 (8%) - Best Cost Improvement : -2.1567
Saved policy stats:  - Training Loss: 2.45732 (8%) - Validation Loss: 2.45347 (8%) - Cost Improvement : -2.0644
Training finished, total time elapsed: 05:35:46.734
Generating 100000 samples based on policy type: NN_Policy
Progress (node 0 only):
>>>>>10>>>>>20>>>>>30>>>>>40>>>>>50>>>>>60>>>>>70>>>>>80>>>>>90>>>>>100
Simulator statistics 
100000 samples; 31% at Z>0.5; 5% at Z>1; 1% at Z>1.5; 0% at Z>2; 0% at Z>2.5; 0% at Z>3; 
Avg Mean of Q values: 962.7
Elapsed time: 05:37:55.988
loaded 100000 samples from /home/temizoz/DynaPlexFork/IO_DynaPlex/lost_sales_general_gIPi0jM-gBStSZ1X1WoPaWhBDW1=jYCMvdItYjCAqIE__/samples_gen2.json
{"hidden_layers":[256,128,128,128],"type":"mlp"}
EPOCHS: 0 - Training Loss: 2.81749 (5%) - Validation Loss: 2.71363 (6%) - Cost Imp.: 1.05015 Time: 00:00:01.108
EPOCHS: 5 - Training Loss: 2.37221 (9%) - Validation Loss: 2.36073 (9%) - Cost Imp.: -0.232705 Time: 00:00:06.545
EPOCHS: 10 - Training Loss: 2.29485 (10%) - Validation Loss: 2.30995 (9%) - Cost Imp.: -0.477069 Time: 00:00:11.940
EPOCHS: 15 - Training Loss: 2.27474 (10%) - Validation Loss: 2.28635 (10%) - Cost Imp.: -0.49028 Time: 00:00:17.341
EPOCHS: 20 - Training Loss: 2.26787 (10%) - Validation Loss: 2.2668 (10%) - Cost Imp.: -0.574684 Time: 00:00:22.737
EPOCHS: 25 - Training Loss: 2.25707 (10%) - Validation Loss: 2.31203 (9%) - Cost Imp.: -0.395455 Time: 00:00:28.109
EPOCHS: 30 - Training Loss: 2.25114 (10%) - Validation Loss: 2.27997 (10%) - Cost Imp.: -0.520789 Time: 00:00:33.496
EPOCHS: 35 - Training Loss: 2.25017 (10%) - Validation Loss: 2.27365 (10%) - Cost Imp.: -0.566455 Time: 00:00:38.878
Actual Epochs/Max Epochs: 36/100 - Best Training Loss: 2.2466 (10%) - Best Validation Loss: 2.2668 (10%) - Best Cost Improvement : -0.574684
Saved policy stats:  - Training Loss: 2.26787 (10%) - Validation Loss: 2.2668 (10%) - Cost Improvement : -0.574684
Training finished, total time elapsed: 05:38:40.884
Generating 100000 samples based on policy type: NN_Policy
Progress (node 0 only):
>>>>>10>>>>>20>>>>>30>>>>>40>>>>>50>>>>>60>>>>>70>>>>>80>>>>>90>>>>>100
Simulator statistics 
100000 samples; 30% at Z>0.5; 5% at Z>1; 1% at Z>1.5; 0% at Z>2; 0% at Z>2.5; 0% at Z>3; 
Avg Mean of Q values: 957.57
Elapsed time: 05:40:58.646
loaded 100000 samples from /home/temizoz/DynaPlexFork/IO_DynaPlex/lost_sales_general_gIPi0jM-gBStSZ1X1WoPaWhBDW1=jYCMvdItYjCAqIE__/samples_gen3.json
{"hidden_layers":[256,128,128,128],"type":"mlp"}
EPOCHS: 0 - Training Loss: 2.83631 (5%) - Validation Loss: 2.71896 (6%) - Cost Imp.: 2.12034 Time: 00:00:01.125
EPOCHS: 5 - Training Loss: 2.36107 (9%) - Validation Loss: 2.37608 (9%) - Cost Imp.: 0.361843 Time: 00:00:06.643
EPOCHS: 10 - Training Loss: 2.28887 (10%) - Validation Loss: 2.24488 (10%) - Cost Imp.: 0.0422833 Time: 00:00:12.043
EPOCHS: 15 - Training Loss: 2.26855 (10%) - Validation Loss: 2.24365 (10%) - Cost Imp.: 0.0109228 Time: 00:00:17.412
EPOCHS: 20 - Training Loss: 2.25766 (10%) - Validation Loss: 2.23546 (10%) - Cost Imp.: -0.0067337 Time: 00:00:22.778
EPOCHS: 25 - Training Loss: 2.25165 (10%) - Validation Loss: 2.22959 (10%) - Cost Imp.: -0.00932856 Time: 00:00:28.174
EPOCHS: 30 - Training Loss: 2.24508 (10%) - Validation Loss: 2.25789 (10%) - Cost Imp.: 0.0615057 Time: 00:00:33.542
EPOCHS: 35 - Training Loss: 2.23972 (10%) - Validation Loss: 2.22643 (10%) - Cost Imp.: -0.0604562 Time: 00:00:38.926
EPOCHS: 40 - Training Loss: 2.2388 (10%) - Validation Loss: 2.23561 (10%) - Cost Imp.: -0.0751257 Time: 00:00:44.258
EPOCHS: 45 - Training Loss: 2.23909 (10%) - Validation Loss: 2.23094 (10%) - Cost Imp.: -0.0408983 Time: 00:00:49.632
EPOCHS: 50 - Training Loss: 2.2296 (10%) - Validation Loss: 2.22676 (10%) - Cost Imp.: -0.0409839 Time: 00:00:54.993
Actual Epochs/Max Epochs: 51/100 - Best Training Loss: 2.22757 (10%) - Best Validation Loss: 2.22643 (10%) - Best Cost Improvement : -0.0933771
Saved policy stats:  - Training Loss: 2.23972 (10%) - Validation Loss: 2.22643 (10%) - Cost Improvement : -0.0604562
Training finished, total time elapsed: 05:42:00.013
Generating 100000 samples based on policy type: NN_Policy
Progress (node 0 only):
>>>>>10>>>>>20>>>>>30>>>>>40>>>>>50>>>>>60>>>>>70>>>>>80>>>>>90>>>>>100
Simulator statistics 
100000 samples; 30% at Z>0.5; 5% at Z>1; 1% at Z>1.5; 0% at Z>2; 0% at Z>2.5; 0% at Z>3; 
Avg Mean of Q values: 957.783
Elapsed time: 05:44:17.065
loaded 100000 samples from /home/temizoz/DynaPlexFork/IO_DynaPlex/lost_sales_general_gIPi0jM-gBStSZ1X1WoPaWhBDW1=jYCMvdItYjCAqIE__/samples_gen4.json
{"hidden_layers":[256,128,128,128],"type":"mlp"}
EPOCHS: 0 - Training Loss: 2.82292 (5%) - Validation Loss: 2.73678 (6%) - Cost Imp.: 1.72946 Time: 00:00:01.082
EPOCHS: 5 - Training Loss: 2.33864 (9%) - Validation Loss: 2.31738 (9%) - Cost Imp.: 0.120544 Time: 00:00:06.442
EPOCHS: 10 - Training Loss: 2.2763 (10%) - Validation Loss: 2.3002 (10%) - Cost Imp.: 0.121689 Time: 00:00:11.794
EPOCHS: 15 - Training Loss: 2.2674 (10%) - Validation Loss: 2.32919 (9%) - Cost Imp.: -0.0116052 Time: 00:00:17.149
EPOCHS: 20 - Training Loss: 2.2611 (10%) - Validation Loss: 2.27941 (10%) - Cost Imp.: 0.0671203 Time: 00:00:22.494
EPOCHS: 25 - Training Loss: 2.25626 (10%) - Validation Loss: 2.29117 (10%) - Cost Imp.: -0.019051 Time: 00:00:27.904
EPOCHS: 30 - Training Loss: 2.25675 (10%) - Validation Loss: 2.31054 (9%) - Cost Imp.: -0.0255989 Time: 00:00:33.283
EPOCHS: 35 - Training Loss: 2.24836 (10%) - Validation Loss: 2.25724 (10%) - Cost Imp.: 0.0226561 Time: 00:00:38.677
EPOCHS: 40 - Training Loss: 2.24767 (10%) - Validation Loss: 2.27528 (10%) - Cost Imp.: 0.0635755 Time: 00:00:44.053
EPOCHS: 45 - Training Loss: 2.24577 (10%) - Validation Loss: 2.26303 (10%) - Cost Imp.: 0.00373973 Time: 00:00:49.446
EPOCHS: 50 - Training Loss: 2.24296 (10%) - Validation Loss: 2.25885 (10%) - Cost Imp.: 0.0263604 Time: 00:00:54.823
Actual Epochs/Max Epochs: 55/100 - Best Training Loss: 2.23889 (10%) - Best Validation Loss: 2.24587 (10%) - Best Cost Improvement : -0.0793636
Saved policy stats:  - Training Loss: 2.2455 (10%) - Validation Loss: 2.24587 (10%) - Cost Improvement : -0.0435438
Training finished, total time elapsed: 05:45:22.207
{"mean":57.84500739999992,"mean_stat_1":0.9958574119264143,"policy":{"id":"greedy_capped_base_stock"}}
{"mean":47.49129020000001,"mean_difference":-10.353717199999913,"mean_gap":-17.899067984214533,"mean_stat_1":0.9647903810182595,"policy":{"gen":1,"id":"NN_Policy","nn_architecture":{"hidden_layers":[256,128,128,128],"type":"mlp"},"num_inputs":9,"num_outputs":35}}
{"mean":46.01059019999999,"mean_difference":-11.834417199999933,"mean_gap":-20.458839460706766,"mean_stat_1":0.9811881291670004,"policy":{"gen":2,"id":"NN_Policy","nn_architecture":{"hidden_layers":[256,128,128,128],"type":"mlp"},"num_inputs":9,"num_outputs":35}}
{"mean":45.52559099999999,"mean_difference":-12.31941639999993,"mean_gap":-21.297285545856713,"mean_stat_1":0.9770820835209011,"policy":{"gen":3,"id":"NN_Policy","nn_architecture":{"hidden_layers":[256,128,128,128],"type":"mlp"},"num_inputs":9,"num_outputs":35}}
{"mean":45.48938839999999,"mean_difference":-12.355618999999933,"mean_gap":-21.359871068146756,"mean_stat_1":0.9759373141938186,"policy":{"gen":4,"id":"NN_Policy","nn_architecture":{"hidden_layers":[256,128,128,128],"type":"mlp"},"num_inputs":9,"num_outputs":35}}
{"mean":45.47367100000001,"mean_difference":-12.371336399999912,"mean_gap":-21.387042643891043,"mean_stat_1":0.9761725216790763,"policy":{"gen":5,"id":"NN_Policy","nn_architecture":{"hidden_layers":[256,128,128,128],"type":"mlp"},"num_inputs":9,"num_outputs":35}}
Best network:  5
{"demand_cycles":[0,1,2],"leadtime":6,"leadtime_distribution":[0.0,0.0,0.0,0.0,0.0,0.0,0.0,0.1,0.2,0.3,0.4],"mean_demand":[8.0,10.0,6.0],"order_crossover":true,"p":69.0,"stdDemand":[2.8284271247461903,10.488088481701515,4.242640687119285]}
Generating 100000 samples based on policy type: greedy_capped_base_stock
Progress (node 0 only):
>>>>>10>>>>>20>>>>>30>>>>>40>>>>>50>>>>>60>>>>>70>>>>>80>>>>>90>>>>>100
Simulator statistics 
100000 samples; 46% at Z>0.5; 25% at Z>1; 15% at Z>1.5; 9% at Z>2; 6% at Z>2.5; 4% at Z>3; 
Avg Mean of Q values: 1212.44
Elapsed time: 05:46:01.643
loaded 100000 samples from /home/temizoz/DynaPlexFork/IO_DynaPlex/lost_sales_general_-eoFJiU5DaBIoWPL4iRtMI4DxRQwkDfiJTk7FN3iuQM__/samples_gen0.json
{"hidden_layers":[256,128,128,128],"type":"mlp"}
EPOCHS: 0 - Training Loss: 2.36285 (9%) - Validation Loss: 2.27833 (10%) - Cost Imp.: -10.1309 Time: 00:00:01.103
EPOCHS: 5 - Training Loss: 2.01374 (13%) - Validation Loss: 1.97431 (13%) - Cost Imp.: -12.3182 Time: 00:00:06.520
EPOCHS: 10 - Training Loss: 1.92874 (14%) - Validation Loss: 1.92298 (14%) - Cost Imp.: -12.4617 Time: 00:00:11.935
EPOCHS: 15 - Training Loss: 1.89499 (15%) - Validation Loss: 1.91348 (14%) - Cost Imp.: -12.3627 Time: 00:00:17.359
EPOCHS: 20 - Training Loss: 1.88079 (15%) - Validation Loss: 1.8835 (15%) - Cost Imp.: -12.4104 Time: 00:00:22.771
EPOCHS: 25 - Training Loss: 1.86323 (15%) - Validation Loss: 1.91756 (14%) - Cost Imp.: -12.3825 Time: 00:00:28.181
EPOCHS: 30 - Training Loss: 1.85825 (15%) - Validation Loss: 1.90065 (14%) - Cost Imp.: -12.4004 Time: 00:00:33.590
EPOCHS: 35 - Training Loss: 1.84687 (15%) - Validation Loss: 1.88161 (15%) - Cost Imp.: -12.4161 Time: 00:00:38.997
EPOCHS: 40 - Training Loss: 1.83596 (15%) - Validation Loss: 1.89844 (14%) - Cost Imp.: -12.4212 Time: 00:00:44.373
EPOCHS: 45 - Training Loss: 1.82288 (16%) - Validation Loss: 1.90113 (14%) - Cost Imp.: -12.4246 Time: 00:00:49.759
EPOCHS: 50 - Training Loss: 1.81515 (16%) - Validation Loss: 1.91411 (14%) - Cost Imp.: -12.3703 Time: 00:00:55.159
Actual Epochs/Max Epochs: 51/100 - Best Training Loss: 1.81515 (16%) - Best Validation Loss: 1.88161 (15%) - Best Cost Improvement : -12.5143
Saved policy stats:  - Training Loss: 1.84687 (15%) - Validation Loss: 1.88161 (15%) - Cost Improvement : -12.4161
Training finished, total time elapsed: 05:47:03.069
Generating 100000 samples based on policy type: NN_Policy
Progress (node 0 only):
>>>>>10>>>>>20>>>>>30>>>>>40>>>>>50>>>>>60>>>>>70>>>>>80>>>>>90>>>>>100
Simulator statistics 
100000 samples; 30% at Z>0.5; 4% at Z>1; 0% at Z>1.5; 0% at Z>2; 0% at Z>2.5; 0% at Z>3; 
Avg Mean of Q values: 1098.26
Elapsed time: 05:49:09.520
loaded 100000 samples from /home/temizoz/DynaPlexFork/IO_DynaPlex/lost_sales_general_-eoFJiU5DaBIoWPL4iRtMI4DxRQwkDfiJTk7FN3iuQM__/samples_gen1.json
{"hidden_layers":[256,128,128,128],"type":"mlp"}
EPOCHS: 0 - Training Loss: 2.85986 (5%) - Validation Loss: 2.79732 (6%) - Cost Imp.: -0.324972 Time: 00:00:01.088
EPOCHS: 5 - Training Loss: 2.5701 (7%) - Validation Loss: 2.56889 (7%) - Cost Imp.: -1.99998 Time: 00:00:06.490
EPOCHS: 10 - Training Loss: 2.42883 (8%) - Validation Loss: 2.45947 (8%) - Cost Imp.: -2.74071 Time: 00:00:11.876
EPOCHS: 15 - Training Loss: 2.39619 (9%) - Validation Loss: 2.43857 (8%) - Cost Imp.: -2.902 Time: 00:00:17.250
EPOCHS: 20 - Training Loss: 2.37762 (9%) - Validation Loss: 2.42251 (8%) - Cost Imp.: -3.04691 Time: 00:00:22.639
EPOCHS: 25 - Training Loss: 2.36186 (9%) - Validation Loss: 2.41856 (8%) - Cost Imp.: -3.03691 Time: 00:00:28.019
EPOCHS: 30 - Training Loss: 2.35004 (9%) - Validation Loss: 2.41762 (8%) - Cost Imp.: -3.01778 Time: 00:00:33.409
EPOCHS: 35 - Training Loss: 2.34304 (9%) - Validation Loss: 2.41196 (8%) - Cost Imp.: -3.02223 Time: 00:00:38.794
EPOCHS: 40 - Training Loss: 2.3308 (9%) - Validation Loss: 2.45421 (8%) - Cost Imp.: -2.88659 Time: 00:00:44.196
Actual Epochs/Max Epochs: 43/100 - Best Training Loss: 2.32648 (9%) - Best Validation Loss: 2.39672 (9%) - Best Cost Improvement : -3.21534
Saved policy stats:  - Training Loss: 2.36043 (9%) - Validation Loss: 2.39672 (9%) - Cost Improvement : -3.21534
Training finished, total time elapsed: 05:50:01.713
Generating 100000 samples based on policy type: NN_Policy
Progress (node 0 only):
>>>>>10>>>>>20>>>>>30>>>>>40>>>>>50>>>>>60>>>>>70>>>>>80>>>>>90>>>>>100
Simulator statistics 
100000 samples; 33% at Z>0.5; 6% at Z>1; 1% at Z>1.5; 0% at Z>2; 0% at Z>2.5; 0% at Z>3; 
Avg Mean of Q values: 1046.41
Elapsed time: 05:52:12.932
loaded 100000 samples from /home/temizoz/DynaPlexFork/IO_DynaPlex/lost_sales_general_-eoFJiU5DaBIoWPL4iRtMI4DxRQwkDfiJTk7FN3iuQM__/samples_gen2.json
{"hidden_layers":[256,128,128,128],"type":"mlp"}
EPOCHS: 0 - Training Loss: 2.69161 (6%) - Validation Loss: 2.63156 (7%) - Cost Imp.: 1.20766 Time: 00:00:01.094
EPOCHS: 5 - Training Loss: 2.30078 (10%) - Validation Loss: 2.32724 (9%) - Cost Imp.: -0.433611 Time: 00:00:06.522
EPOCHS: 10 - Training Loss: 2.18053 (11%) - Validation Loss: 2.20131 (11%) - Cost Imp.: -0.834882 Time: 00:00:11.932
EPOCHS: 15 - Training Loss: 2.12916 (11%) - Validation Loss: 2.23353 (10%) - Cost Imp.: -0.8806 Time: 00:00:17.346
EPOCHS: 20 - Training Loss: 2.12294 (11%) - Validation Loss: 2.19363 (11%) - Cost Imp.: -0.731862 Time: 00:00:22.758
EPOCHS: 25 - Training Loss: 2.09168 (12%) - Validation Loss: 2.12022 (12%) - Cost Imp.: -1.01949 Time: 00:00:28.176
EPOCHS: 30 - Training Loss: 2.08669 (12%) - Validation Loss: 2.11767 (12%) - Cost Imp.: -0.926383 Time: 00:00:33.630
EPOCHS: 35 - Training Loss: 2.06971 (12%) - Validation Loss: 2.12993 (11%) - Cost Imp.: -0.894503 Time: 00:00:39.054
EPOCHS: 40 - Training Loss: 2.06037 (12%) - Validation Loss: 2.13092 (11%) - Cost Imp.: -0.924726 Time: 00:00:44.485
EPOCHS: 45 - Training Loss: 2.04814 (12%) - Validation Loss: 2.12056 (11%) - Cost Imp.: -0.998804 Time: 00:00:49.925
EPOCHS: 50 - Training Loss: 2.0382 (13%) - Validation Loss: 2.15324 (11%) - Cost Imp.: -0.945708 Time: 00:00:55.354
Actual Epochs/Max Epochs: 53/100 - Best Training Loss: 2.03098 (13%) - Best Validation Loss: 2.11627 (12%) - Best Cost Improvement : -1.01949
Saved policy stats:  - Training Loss: 2.06503 (12%) - Validation Loss: 2.11627 (12%) - Cost Improvement : -0.942129
Training finished, total time elapsed: 05:53:16.759
Generating 100000 samples based on policy type: NN_Policy
Progress (node 0 only):
>>>>>10>>>>>20>>>>>30>>>>>40>>>>>50>>>>>60>>>>>70>>>>>80>>>>>90>>>>>100
Simulator statistics 
100000 samples; 31% at Z>0.5; 5% at Z>1; 1% at Z>1.5; 0% at Z>2; 0% at Z>2.5; 0% at Z>3; 
Avg Mean of Q values: 1038.79
Elapsed time: 05:55:31.502
loaded 100000 samples from /home/temizoz/DynaPlexFork/IO_DynaPlex/lost_sales_general_-eoFJiU5DaBIoWPL4iRtMI4DxRQwkDfiJTk7FN3iuQM__/samples_gen3.json
{"hidden_layers":[256,128,128,128],"type":"mlp"}
EPOCHS: 0 - Training Loss: 2.66624 (6%) - Validation Loss: 2.61674 (7%) - Cost Imp.: 1.71338 Time: 00:00:01.093
EPOCHS: 5 - Training Loss: 2.32969 (9%) - Validation Loss: 2.29432 (10%) - Cost Imp.: 0.240417 Time: 00:00:06.501
EPOCHS: 10 - Training Loss: 2.1553 (11%) - Validation Loss: 2.13071 (11%) - Cost Imp.: 0.0619633 Time: 00:00:11.921
EPOCHS: 15 - Training Loss: 2.12812 (11%) - Validation Loss: 2.1089 (12%) - Cost Imp.: 0.0498809 Time: 00:00:17.324
EPOCHS: 20 - Training Loss: 2.10448 (12%) - Validation Loss: 2.13324 (11%) - Cost Imp.: 0.118767 Time: 00:00:22.733
EPOCHS: 25 - Training Loss: 2.09242 (12%) - Validation Loss: 2.13087 (11%) - Cost Imp.: 0.0292032 Time: 00:00:28.153
EPOCHS: 30 - Training Loss: 2.09152 (12%) - Validation Loss: 2.11661 (12%) - Cost Imp.: 0.117098 Time: 00:00:33.563
EPOCHS: 35 - Training Loss: 2.07296 (12%) - Validation Loss: 2.09098 (12%) - Cost Imp.: 0.0216946 Time: 00:00:38.963
EPOCHS: 40 - Training Loss: 2.0745 (12%) - Validation Loss: 2.11798 (12%) - Cost Imp.: 0.0560454 Time: 00:00:44.351
EPOCHS: 45 - Training Loss: 2.06001 (12%) - Validation Loss: 2.11736 (12%) - Cost Imp.: -0.0298293 Time: 00:00:49.762
EPOCHS: 50 - Training Loss: 2.0529 (12%) - Validation Loss: 2.11647 (12%) - Cost Imp.: 0.0657458 Time: 00:00:55.173
Actual Epochs/Max Epochs: 51/100 - Best Training Loss: 2.05128 (12%) - Best Validation Loss: 2.09098 (12%) - Best Cost Improvement : -0.0461534
Saved policy stats:  - Training Loss: 2.07296 (12%) - Validation Loss: 2.09098 (12%) - Cost Improvement : 0.0216946
Training finished, total time elapsed: 05:56:33.110
Generating 100000 samples based on policy type: NN_Policy
Progress (node 0 only):
>>>>>10>>>>>20>>>>>30>>>>>40>>>>>50>>>>>60>>>>>70>>>>>80>>>>>90>>>>>100
Simulator statistics 
100000 samples; 32% at Z>0.5; 6% at Z>1; 1% at Z>1.5; 0% at Z>2; 0% at Z>2.5; 0% at Z>3; 
Avg Mean of Q values: 1039.54
Elapsed time: 05:58:47.527
loaded 100000 samples from /home/temizoz/DynaPlexFork/IO_DynaPlex/lost_sales_general_-eoFJiU5DaBIoWPL4iRtMI4DxRQwkDfiJTk7FN3iuQM__/samples_gen4.json
{"hidden_layers":[256,128,128,128],"type":"mlp"}
EPOCHS: 0 - Training Loss: 2.65189 (7%) - Validation Loss: 2.57963 (7%) - Cost Imp.: 1.73607 Time: 00:00:01.089
EPOCHS: 5 - Training Loss: 2.30054 (10%) - Validation Loss: 2.26113 (10%) - Cost Imp.: 0.459362 Time: 00:00:06.504
EPOCHS: 10 - Training Loss: 2.13984 (11%) - Validation Loss: 2.08462 (12%) - Cost Imp.: 0.0240271 Time: 00:00:11.911
EPOCHS: 15 - Training Loss: 2.10802 (12%) - Validation Loss: 2.0923 (12%) - Cost Imp.: 0.00174878 Time: 00:00:17.309
EPOCHS: 20 - Training Loss: 2.08694 (12%) - Validation Loss: 2.05374 (12%) - Cost Imp.: -0.000409831 Time: 00:00:22.715
EPOCHS: 25 - Training Loss: 2.07191 (12%) - Validation Loss: 2.05184 (12%) - Cost Imp.: 0.0136765 Time: 00:00:28.146
EPOCHS: 30 - Training Loss: 2.07073 (12%) - Validation Loss: 2.07484 (12%) - Cost Imp.: 0.0875685 Time: 00:00:33.563
EPOCHS: 35 - Training Loss: 2.06805 (12%) - Validation Loss: 2.0632 (12%) - Cost Imp.: -0.0303563 Time: 00:00:38.997
EPOCHS: 40 - Training Loss: 2.06382 (12%) - Validation Loss: 2.03791 (13%) - Cost Imp.: -0.0193361 Time: 00:00:44.426
EPOCHS: 45 - Training Loss: 2.0637 (12%) - Validation Loss: 2.04878 (12%) - Cost Imp.: -0.00611678 Time: 00:00:49.833
EPOCHS: 50 - Training Loss: 2.05306 (12%) - Validation Loss: 2.04432 (12%) - Cost Imp.: -0.0734395 Time: 00:00:55.279
EPOCHS: 55 - Training Loss: 2.04797 (12%) - Validation Loss: 2.03923 (13%) - Cost Imp.: -0.0371735 Time: 00:01:00.707
EPOCHS: 60 - Training Loss: 2.04724 (12%) - Validation Loss: 2.05862 (12%) - Cost Imp.: -0.00159532 Time: 00:01:06.116
EPOCHS: 65 - Training Loss: 2.04109 (12%) - Validation Loss: 2.07651 (12%) - Cost Imp.: -0.0900816 Time: 00:01:11.560
Actual Epochs/Max Epochs: 70/100 - Best Training Loss: 2.0346 (13%) - Best Validation Loss: 2.03647 (13%) - Best Cost Improvement : -0.090543
Saved policy stats:  - Training Loss: 2.05431 (12%) - Validation Loss: 2.03647 (13%) - Cost Improvement : -0.0625723
Training finished, total time elapsed: 06:00:09.819
{"mean":63.80722760000002,"mean_stat_1":0.9954654924568953,"policy":{"id":"greedy_capped_base_stock"}}
{"mean":52.28306179999994,"mean_difference":-11.524165800000077,"mean_gap":-18.06090976439803,"mean_stat_1":0.9578598858833627,"policy":{"gen":1,"id":"NN_Policy","nn_architecture":{"hidden_layers":[256,128,128,128],"type":"mlp"},"num_inputs":11,"num_outputs":38}}
{"mean":50.386947599999964,"mean_difference":-13.420280000000055,"mean_gap":-21.032538953314518,"mean_stat_1":0.9808013940722339,"policy":{"gen":2,"id":"NN_Policy","nn_architecture":{"hidden_layers":[256,128,128,128],"type":"mlp"},"num_inputs":11,"num_outputs":38}}
{"mean":49.41058039999998,"mean_difference":-14.39664720000004,"mean_gap":-22.562721719004816,"mean_stat_1":0.9746902522603615,"policy":{"gen":3,"id":"NN_Policy","nn_architecture":{"hidden_layers":[256,128,128,128],"type":"mlp"},"num_inputs":11,"num_outputs":38}}
{"mean":49.31756519999999,"mean_difference":-14.489662400000029,"mean_gap":-22.708497054336874,"mean_stat_1":0.9730768270165353,"policy":{"gen":4,"id":"NN_Policy","nn_architecture":{"hidden_layers":[256,128,128,128],"type":"mlp"},"num_inputs":11,"num_outputs":38}}
{"mean":49.30264059999989,"mean_difference":-14.504587000000129,"mean_gap":-22.731887194547415,"mean_stat_1":0.9733477188195455,"policy":{"gen":5,"id":"NN_Policy","nn_architecture":{"hidden_layers":[256,128,128,128],"type":"mlp"},"num_inputs":11,"num_outputs":38}}
Best network:  5
{"demand_cycles":[0,1,2],"leadtime":6,"leadtime_distribution":[0.0,0.0,0.0,0.0,0.0,0.0,0.2,0.2,0.2,0.2,0.2],"mean_demand":[8.0,10.0,6.0],"order_crossover":true,"p":69.0,"stdDemand":[2.8284271247461903,10.488088481701515,4.242640687119285]}
Generating 100000 samples based on policy type: greedy_capped_base_stock
Progress (node 0 only):
>>>>>10>>>>>20>>>>>30>>>>>40>>>>>50>>>>>60>>>>>70>>>>>80>>>>>90>>>>>100
Simulator statistics 
100000 samples; 50% at Z>0.5; 31% at Z>1; 22% at Z>1.5; 16% at Z>2; 12% at Z>2.5; 9% at Z>3; 
Avg Mean of Q values: 1207.64
Elapsed time: 06:00:52.414
loaded 100000 samples from /home/temizoz/DynaPlexFork/IO_DynaPlex/lost_sales_general_LcszNlXtxxLUaq6GqSOFazIk2tuKI9JYtolD76=vkUQ__/samples_gen0.json
{"hidden_layers":[256,128,128,128],"type":"mlp"}
EPOCHS: 0 - Training Loss: 2.32677 (9%) - Validation Loss: 2.2724 (10%) - Cost Imp.: -9.7696 Time: 00:00:01.100
EPOCHS: 5 - Training Loss: 1.90317 (14%) - Validation Loss: 1.89377 (15%) - Cost Imp.: -13.5678 Time: 00:00:06.501
EPOCHS: 10 - Training Loss: 1.82773 (16%) - Validation Loss: 1.83119 (16%) - Cost Imp.: -13.6235 Time: 00:00:11.895
EPOCHS: 15 - Training Loss: 1.80274 (16%) - Validation Loss: 1.84373 (15%) - Cost Imp.: -13.6642 Time: 00:00:17.305
EPOCHS: 20 - Training Loss: 1.78873 (16%) - Validation Loss: 1.81244 (16%) - Cost Imp.: -13.6934 Time: 00:00:22.702
EPOCHS: 25 - Training Loss: 1.78745 (16%) - Validation Loss: 1.82252 (16%) - Cost Imp.: -13.6373 Time: 00:00:28.107
EPOCHS: 30 - Training Loss: 1.77169 (17%) - Validation Loss: 1.82389 (16%) - Cost Imp.: -13.7164 Time: 00:00:33.486
EPOCHS: 35 - Training Loss: 1.77093 (17%) - Validation Loss: 1.81395 (16%) - Cost Imp.: -13.7122 Time: 00:00:38.871
EPOCHS: 40 - Training Loss: 1.75805 (17%) - Validation Loss: 1.81703 (16%) - Cost Imp.: -13.7239 Time: 00:00:44.268
Actual Epochs/Max Epochs: 45/100 - Best Training Loss: 1.756 (17%) - Best Validation Loss: 1.80174 (16%) - Best Cost Improvement : -13.7467
Saved policy stats:  - Training Loss: 1.77609 (16%) - Validation Loss: 1.80174 (16%) - Cost Improvement : -13.6784
Training finished, total time elapsed: 06:01:47.332
Generating 100000 samples based on policy type: NN_Policy
Progress (node 0 only):
>>>>>10>>>>>20>>>>>30>>>>>40>>>>>50>>>>>60>>>>>70>>>>>80>>>>>90>>>>>100
Simulator statistics 
100000 samples; 27% at Z>0.5; 3% at Z>1; 0% at Z>1.5; 0% at Z>2; 0% at Z>2.5; 0% at Z>3; 
Avg Mean of Q values: 1098.29
Elapsed time: 06:03:50.102
loaded 100000 samples from /home/temizoz/DynaPlexFork/IO_DynaPlex/lost_sales_general_LcszNlXtxxLUaq6GqSOFazIk2tuKI9JYtolD76=vkUQ__/samples_gen1.json
{"hidden_layers":[256,128,128,128],"type":"mlp"}
EPOCHS: 0 - Training Loss: 2.97238 (5%) - Validation Loss: 2.94569 (5%) - Cost Imp.: -0.181708 Time: 00:00:01.092
EPOCHS: 5 - Training Loss: 2.67627 (6%) - Validation Loss: 2.65647 (7%) - Cost Imp.: -2.49369 Time: 00:00:06.478
EPOCHS: 10 - Training Loss: 2.61943 (7%) - Validation Loss: 2.6155 (7%) - Cost Imp.: -2.61156 Time: 00:00:11.842
EPOCHS: 15 - Training Loss: 2.60384 (7%) - Validation Loss: 2.62584 (7%) - Cost Imp.: -2.46168 Time: 00:00:17.205
EPOCHS: 20 - Training Loss: 2.58625 (7%) - Validation Loss: 2.60757 (7%) - Cost Imp.: -2.64848 Time: 00:00:22.562
EPOCHS: 25 - Training Loss: 2.58243 (7%) - Validation Loss: 2.62798 (7%) - Cost Imp.: -2.38611 Time: 00:00:27.934
Actual Epochs/Max Epochs: 28/100 - Best Training Loss: 2.57004 (7%) - Best Validation Loss: 2.59962 (7%) - Best Cost Improvement : -2.81024
Saved policy stats:  - Training Loss: 2.61039 (7%) - Validation Loss: 2.59962 (7%) - Cost Improvement : -2.81024
Training finished, total time elapsed: 06:04:25.802
Generating 100000 samples based on policy type: NN_Policy
Progress (node 0 only):
>>>>>10>>>>>20>>>>>30>>>>>40>>>>>50>>>>>60>>>>>70>>>>>80>>>>>90>>>>>100
Simulator statistics 
100000 samples; 28% at Z>0.5; 3% at Z>1; 0% at Z>1.5; 0% at Z>2; 0% at Z>2.5; 0% at Z>3; 
Avg Mean of Q values: 1035.07
Elapsed time: 06:06:39.449
loaded 100000 samples from /home/temizoz/DynaPlexFork/IO_DynaPlex/lost_sales_general_LcszNlXtxxLUaq6GqSOFazIk2tuKI9JYtolD76=vkUQ__/samples_gen2.json
{"hidden_layers":[256,128,128,128],"type":"mlp"}
EPOCHS: 0 - Training Loss: 2.95929 (5%) - Validation Loss: 2.91497 (5%) - Cost Imp.: 0.418423 Time: 00:00:01.095
EPOCHS: 5 - Training Loss: 2.55734 (7%) - Validation Loss: 2.5326 (7%) - Cost Imp.: -1.57225 Time: 00:00:06.547
EPOCHS: 10 - Training Loss: 2.50691 (8%) - Validation Loss: 2.48979 (8%) - Cost Imp.: -1.7468 Time: 00:00:11.997
EPOCHS: 15 - Training Loss: 2.47292 (8%) - Validation Loss: 2.47837 (8%) - Cost Imp.: -1.68363 Time: 00:00:17.431
EPOCHS: 20 - Training Loss: 2.45987 (8%) - Validation Loss: 2.4793 (8%) - Cost Imp.: -1.645 Time: 00:00:22.872
EPOCHS: 25 - Training Loss: 2.45174 (8%) - Validation Loss: 2.4818 (8%) - Cost Imp.: -1.71368 Time: 00:00:28.314
EPOCHS: 30 - Training Loss: 2.44393 (8%) - Validation Loss: 2.50356 (8%) - Cost Imp.: -1.63386 Time: 00:00:33.733
EPOCHS: 35 - Training Loss: 2.43397 (8%) - Validation Loss: 2.49443 (8%) - Cost Imp.: -1.66516 Time: 00:00:39.182
Actual Epochs/Max Epochs: 40/100 - Best Training Loss: 2.42763 (8%) - Best Validation Loss: 2.47468 (8%) - Best Cost Improvement : -1.82432
Saved policy stats:  - Training Loss: 2.45472 (8%) - Validation Loss: 2.47468 (8%) - Cost Improvement : -1.78235
Training finished, total time elapsed: 06:07:29.273
Generating 100000 samples based on policy type: NN_Policy
Progress (node 0 only):
>>>>>10>>>>>20>>>>>30>>>>>40>>>>>50>>>>>60>>>>>70>>>>>80>>>>>90>>>>>100
Simulator statistics 
100000 samples; 28% at Z>0.5; 4% at Z>1; 0% at Z>1.5; 0% at Z>2; 0% at Z>2.5; 0% at Z>3; 
Avg Mean of Q values: 1013.46
Elapsed time: 06:09:56.598
loaded 100000 samples from /home/temizoz/DynaPlexFork/IO_DynaPlex/lost_sales_general_LcszNlXtxxLUaq6GqSOFazIk2tuKI9JYtolD76=vkUQ__/samples_gen3.json
{"hidden_layers":[256,128,128,128],"type":"mlp"}
EPOCHS: 0 - Training Loss: 2.90838 (5%) - Validation Loss: 2.86415 (5%) - Cost Imp.: 2.63135 Time: 00:00:01.082
EPOCHS: 5 - Training Loss: 2.4827 (8%) - Validation Loss: 2.44277 (8%) - Cost Imp.: -0.0837488 Time: 00:00:06.465
EPOCHS: 10 - Training Loss: 2.43958 (8%) - Validation Loss: 2.47999 (8%) - Cost Imp.: 0.0842978 Time: 00:00:11.848
EPOCHS: 15 - Training Loss: 2.41783 (8%) - Validation Loss: 2.39924 (9%) - Cost Imp.: -0.21445 Time: 00:00:17.232
EPOCHS: 20 - Training Loss: 2.4154 (8%) - Validation Loss: 2.38674 (9%) - Cost Imp.: -0.253941 Time: 00:00:22.622
EPOCHS: 25 - Training Loss: 2.40412 (9%) - Validation Loss: 2.39707 (9%) - Cost Imp.: -0.201744 Time: 00:00:27.993
EPOCHS: 30 - Training Loss: 2.39582 (9%) - Validation Loss: 2.44405 (8%) - Cost Imp.: -0.222586 Time: 00:00:33.387
EPOCHS: 35 - Training Loss: 2.3949 (9%) - Validation Loss: 2.41027 (8%) - Cost Imp.: -0.105582 Time: 00:00:38.778
Actual Epochs/Max Epochs: 36/100 - Best Training Loss: 2.39271 (9%) - Best Validation Loss: 2.38674 (9%) - Best Cost Improvement : -0.309379
Saved policy stats:  - Training Loss: 2.4154 (8%) - Validation Loss: 2.38674 (9%) - Cost Improvement : -0.253941
Training finished, total time elapsed: 06:10:41.754
Generating 100000 samples based on policy type: NN_Policy
Progress (node 0 only):
>>>>>10>>>>>20>>>>>30>>>>>40>>>>>50>>>>>60>>>>>70>>>>>80>>>>>90>>>>>100
Simulator statistics 
100000 samples; 28% at Z>0.5; 4% at Z>1; 0% at Z>1.5; 0% at Z>2; 0% at Z>2.5; 0% at Z>3; 
Avg Mean of Q values: 1011.78
Elapsed time: 06:12:56.156
loaded 100000 samples from /home/temizoz/DynaPlexFork/IO_DynaPlex/lost_sales_general_LcszNlXtxxLUaq6GqSOFazIk2tuKI9JYtolD76=vkUQ__/samples_gen4.json
{"hidden_layers":[256,128,128,128],"type":"mlp"}
EPOCHS: 0 - Training Loss: 2.90318 (5%) - Validation Loss: 2.87049 (5%) - Cost Imp.: 2.3508 Time: 00:00:01.091
EPOCHS: 5 - Training Loss: 2.4477 (8%) - Validation Loss: 2.49117 (8%) - Cost Imp.: 0.350685 Time: 00:00:06.555
EPOCHS: 10 - Training Loss: 2.41263 (8%) - Validation Loss: 2.40756 (9%) - Cost Imp.: -0.0508197 Time: 00:00:12.010
EPOCHS: 15 - Training Loss: 2.39918 (9%) - Validation Loss: 2.4119 (8%) - Cost Imp.: -0.0594576 Time: 00:00:17.446
EPOCHS: 20 - Training Loss: 2.39489 (9%) - Validation Loss: 2.39593 (9%) - Cost Imp.: -0.0640095 Time: 00:00:22.906
EPOCHS: 25 - Training Loss: 2.39208 (9%) - Validation Loss: 2.44295 (8%) - Cost Imp.: -0.090887 Time: 00:00:28.354
EPOCHS: 30 - Training Loss: 2.38525 (9%) - Validation Loss: 2.40093 (9%) - Cost Imp.: -0.0292961 Time: 00:00:33.802
EPOCHS: 35 - Training Loss: 2.38635 (9%) - Validation Loss: 2.40127 (9%) - Cost Imp.: -0.0774979 Time: 00:00:39.251
Actual Epochs/Max Epochs: 36/100 - Best Training Loss: 2.38525 (9%) - Best Validation Loss: 2.39593 (9%) - Best Cost Improvement : -0.104051
Saved policy stats:  - Training Loss: 2.39489 (9%) - Validation Loss: 2.39593 (9%) - Cost Improvement : -0.0640095
Training finished, total time elapsed: 06:13:41.983
{"mean":64.08404239999994,"mean_stat_1":0.9965117846551039,"policy":{"id":"greedy_capped_base_stock"}}
{"mean":52.267284000000046,"mean_difference":-11.816758399999898,"mean_gap":-18.43947097819146,"mean_stat_1":0.9513826870664143,"policy":{"gen":1,"id":"NN_Policy","nn_architecture":{"hidden_layers":[256,128,128,128],"type":"mlp"},"num_inputs":11,"num_outputs":35}}
{"mean":50.068959200000016,"mean_difference":-14.015083199999928,"mean_gap":-21.8698488346296,"mean_stat_1":0.983985033325101,"policy":{"gen":2,"id":"NN_Policy","nn_architecture":{"hidden_layers":[256,128,128,128],"type":"mlp"},"num_inputs":11,"num_outputs":35}}
{"mean":48.30667879999999,"mean_difference":-15.777363599999951,"mean_gap":-24.619800825798038,"mean_stat_1":0.9774239230659462,"policy":{"gen":3,"id":"NN_Policy","nn_architecture":{"hidden_layers":[256,128,128,128],"type":"mlp"},"num_inputs":11,"num_outputs":35}}
{"mean":48.019757,"mean_difference":-16.064285399999946,"mean_gap":-25.06752819950066,"mean_stat_1":0.9740502432002479,"policy":{"gen":4,"id":"NN_Policy","nn_architecture":{"hidden_layers":[256,128,128,128],"type":"mlp"},"num_inputs":11,"num_outputs":35}}
{"mean":47.97879920000003,"mean_difference":-16.10524319999991,"mean_gap":-25.131440834325282,"mean_stat_1":0.9744069723156469,"policy":{"gen":5,"id":"NN_Policy","nn_architecture":{"hidden_layers":[256,128,128,128],"type":"mlp"},"num_inputs":11,"num_outputs":35}}
Best network:  5
DynaPlex: Finalizing. Time Elapsed: 06:13:51.354

JOB STATISTICS
==============
Job ID: 13601916
Cluster: snellius
User/Group: temizoz/temizoz
State: RUNNING
Nodes: 5
Cores per node: 192
CPU Utilized: 00:00:00
CPU Efficiency: 0.00% of 249-12:16:00 core-walltime
Job Wall-clock time: 06:14:16
Memory Utilized: 0.00 MB
Memory Efficiency: 0.00% of 1.64 TB (336.00 GB/node)
WARNING: Efficiency statistics can only be obtained after the job has ended as seff tool is based on the accounting database data.
